student_id,attempt,question_id,concept,difficulty,correct,time_gap_days,days_since_practice,timestamp,knowledge_state
S001,1,Q043,RIGHT JOIN,0.724,0,3.007,3.007,3.007,0.3574
S001,2,Q452,RIGHT JOIN,0.577,0,1.471,1.471,4.478,0.3103
S001,3,Q022,UNION,0.499,1,1.675,6.154,6.154,0.3849
S001,4,Q007,WHERE,0.38,1,0.563,6.717,6.717,0.4015
S001,5,Q114,STORED PROCEDURES,0.598,1,2.683,9.4,9.4,0.1345
S001,6,Q210,GROUP BY,0.475,0,0.427,9.826,9.826,0.2646
S001,7,Q481,TRIGGERS,0.686,0,1.194,11.02,11.02,0.2107
S001,8,Q331,STORED PROCEDURES,0.731,0,0.319,1.939,11.339,0.0804
S001,9,Q390,GROUP BY,0.446,1,0.61,2.123,11.949,0.2928
S001,10,Q334,SUBQUERIES,0.603,0,1.395,13.344,13.344,0.1665
S001,11,Q033,LEFT JOIN,0.653,0,0.505,13.849,13.849,0.2547
S001,12,Q019,RIGHT JOIN,0.455,0,1.698,11.068,15.546,0.1193
S001,13,Q478,VIEWS,0.411,1,0.702,16.249,16.249,0.2242
S001,14,Q141,ORDER BY,0.343,1,2.305,18.554,18.554,0.2703
S001,15,Q215,VIEWS,0.633,0,0.333,2.638,18.886,0.1597
S001,16,Q310,WHERE,0.401,1,1.379,13.548,20.265,0.2583
S001,17,Q280,JOINS,0.685,0,0.485,20.75,20.75,0.0201
S001,18,Q057,INNER JOIN,0.473,0,0.017,20.767,20.767,0.0
S001,19,Q202,PRIMARY KEY,0.254,1,0.297,21.064,21.064,0.1352
S001,20,Q325,AGGREGATE FUNCTIONS,0.474,0,5.792,26.856,26.856,0.0
S001,21,Q082,WHERE,0.333,0,1.829,8.42,28.685,0.107
S001,22,Q219,VIEWS,0.56,0,1.1,10.898,29.785,0.0
S001,23,Q387,UNION,0.384,0,0.345,23.976,30.129,0.0003
S001,24,Q208,INNER JOIN,0.385,0,1.494,10.856,31.624,0.0
S001,25,Q166,LEFT JOIN,0.618,0,5.188,22.963,36.812,0.0
S001,26,Q295,SUBQUERIES,0.805,1,0.283,23.751,37.095,0.06
S001,27,Q020,WHERE,0.371,0,0.529,8.94,37.625,0.0
S001,28,Q108,SELECT,0.311,0,0.919,38.543,38.543,0.0
S001,29,Q322,TRANSACTIONS,0.638,0,0.467,39.01,39.01,0.0
S001,30,Q323,WHERE,0.355,0,0.701,2.086,39.711,0.0
S001,31,Q073,RIGHT JOIN,0.571,0,1.839,26.004,41.55,0.0
S001,32,Q233,INNER JOIN,0.649,0,1.119,11.046,42.669,0.0
S001,33,Q258,SELECT,0.206,1,3.016,7.142,45.685,0.06
S001,34,Q154,INDEXING,0.465,0,0.894,46.58,46.58,0.0
S001,35,Q315,WHERE,0.287,1,2.001,8.869,48.58,0.06
S001,36,Q379,JOINS,0.693,0,2.22,30.05,50.8,0.0
S001,37,Q414,TRIGGERS,0.737,0,1.71,41.49,52.51,0.0
S001,38,Q369,PRIMARY KEY,0.283,1,0.731,32.177,53.24,0.06
S001,39,Q137,ORDER BY,0.445,1,0.897,35.584,54.138,0.06
S001,40,Q420,INNER JOIN,0.385,0,1.94,13.409,56.078,0.0
S001,41,Q416,NORMALIZATION,0.673,1,1.674,57.752,57.752,0.06
S001,42,Q145,VIEWS,0.655,0,1.034,29.002,58.786,0.0
S001,43,Q178,HAVING,0.584,0,0.146,58.932,58.932,0.0
S001,44,Q127,WHERE,0.288,1,2.469,12.821,61.401,0.06
S001,45,Q132,VIEWS,0.698,0,0.855,3.47,62.256,0.0
S001,46,Q410,GROUP BY,0.445,0,8.384,58.691,70.64,0.0
S001,47,Q043,RIGHT JOIN,0.724,0,1.523,30.612,72.163,0.0
S001,48,Q212,RIGHT JOIN,0.621,0,0.342,0.342,72.505,0.0
S001,49,Q245,SELECT,0.37,1,3.149,29.969,75.654,0.06
S001,50,Q047,LEFT JOIN,0.482,0,0.045,38.887,75.699,0.0
S001,51,Q366,TRIGGERS,0.664,0,0.474,23.663,76.173,0.0
S001,52,Q296,VIEWS,0.472,0,0.657,14.574,76.83,0.0
S001,53,Q318,SUBQUERIES,0.809,0,1.4,41.135,78.23,0.0
S001,54,Q338,FOREIGN KEY,0.333,0,0.698,78.928,78.928,0.0
S001,55,Q338,FOREIGN KEY,0.333,1,2.453,2.453,81.381,0.06
S001,56,Q443,AGGREGATE FUNCTIONS,0.346,1,0.5,55.025,81.881,0.06
S001,57,Q387,UNION,0.384,1,1.439,53.19,83.32,0.06
S001,58,Q376,HAVING,0.695,0,6.592,30.98,89.912,0.0
S001,59,Q494,NORMALIZATION,0.671,1,0.696,32.855,90.608,0.06
S001,60,Q390,GROUP BY,0.446,0,2.412,22.38,93.02,0.0
S001,61,Q444,PRIMARY KEY,0.235,1,0.689,40.469,93.709,0.06
S001,62,Q137,ORDER BY,0.445,1,0.053,39.625,93.763,0.06
S001,63,Q258,SELECT,0.206,0,1.492,19.601,95.255,0.0
S001,64,Q188,SUBQUERIES,0.835,0,2.69,19.715,97.945,0.0
S001,65,Q114,STORED PROCEDURES,0.598,1,1.572,88.178,99.517,0.06
S001,66,Q092,GROUP BY,0.355,0,0.816,7.313,100.333,0.0
S001,67,Q139,SELECT,0.229,0,1.37,6.448,101.703,0.0
S001,68,Q214,INDEXING,0.488,0,1.048,56.171,102.75,0.0
S001,69,Q310,WHERE,0.401,0,0.043,41.392,102.794,0.0
S001,70,Q129,SELECT,0.199,0,2.169,3.259,104.962,0.0
S001,71,Q242,WHERE,0.22,1,0.788,2.957,105.751,0.06
S001,72,Q341,NORMALIZATION,0.653,0,0.262,15.405,106.013,0.0
S001,73,Q202,PRIMARY KEY,0.254,1,4.285,16.589,110.298,0.06
S001,74,Q451,VIEWS,0.573,0,2.524,35.991,112.822,0.0
S001,75,Q291,JOINS,0.608,0,2.459,64.48,115.28,0.0
S001,76,Q140,STORED PROCEDURES,0.717,0,0.431,16.195,115.712,0.0
S001,77,Q023,NORMALIZATION,0.552,0,0.441,10.14,116.153,0.0
S001,78,Q378,AGGREGATE FUNCTIONS,0.56,1,2.645,36.917,118.798,0.06
S001,79,Q311,INNER JOIN,0.391,1,0.365,63.085,119.164,0.06
S001,80,Q389,HAVING,0.552,0,0.593,29.845,119.757,0.0
S001,81,Q362,RIGHT JOIN,0.6,0,0.475,47.727,120.232,0.0
S001,82,Q369,PRIMARY KEY,0.283,0,0.162,10.097,120.394,0.0
S001,83,Q499,FOREIGN KEY,0.458,0,2.648,41.661,123.042,0.0
S001,84,Q425,INNER JOIN,0.522,0,2.937,6.815,125.979,0.0
S001,85,Q465,WHERE,0.43,0,0.634,20.863,126.613,0.0
S001,86,Q414,TRIGGERS,0.737,0,0.868,51.308,127.481,0.0
S001,87,Q285,SELECT,0.344,0,0.922,23.441,128.403,0.0
S001,88,Q160,AGGREGATE FUNCTIONS,0.338,0,1.776,11.38,130.179,0.0
S001,89,Q407,ORDER BY,0.241,1,0.842,37.258,131.021,0.06
S001,90,Q085,VIEWS,0.618,0,1.903,20.102,132.924,0.0
S001,91,Q018,FOREIGN KEY,0.452,0,0.528,10.409,133.452,0.0
S001,92,Q414,TRIGGERS,0.737,0,0.029,6.0,133.481,0.0
S001,93,Q426,JOINS,0.626,0,3.201,21.402,136.682,0.0
S001,94,Q495,TRIGGERS,0.746,0,0.167,3.368,136.849,0.0
S001,95,Q201,AGGREGATE FUNCTIONS,0.359,0,0.357,7.027,137.206,0.0
S001,96,Q167,PRIMARY KEY,0.442,0,0.089,16.901,137.295,0.0
S001,97,Q147,INDEXING,0.616,0,0.613,35.158,137.909,0.0
S001,98,Q152,PRIMARY KEY,0.249,0,1.437,2.05,139.346,0.0
S001,99,Q175,INDEXING,0.505,1,2.103,3.54,141.449,0.06
S001,100,Q195,TRANSACTIONS,0.673,0,1.788,104.227,143.237,0.0
S002,1,Q449,HAVING,0.677,0,0.342,0.342,0.342,0.2637
S002,2,Q141,ORDER BY,0.343,1,3.066,3.408,3.408,0.3756
S002,3,Q432,NORMALIZATION,0.754,1,4.354,7.762,7.762,0.3003
S002,4,Q245,SELECT,0.37,0,0.187,7.949,7.949,0.2322
S002,5,Q128,SELECT,0.294,0,5.901,5.901,13.85,0.1187
S002,6,Q269,AGGREGATE FUNCTIONS,0.384,1,0.746,14.596,14.596,0.2797
S002,7,Q007,WHERE,0.38,1,2.224,16.82,16.82,0.3075
S002,8,Q193,INDEXING,0.643,1,0.027,16.847,16.847,0.2007
S002,9,Q025,LEFT JOIN,0.627,0,1.678,18.525,18.525,0.0
S002,10,Q029,WHERE,0.299,1,1.485,3.19,20.01,0.3197
S002,11,Q380,JOINS,0.601,0,3.2,23.21,23.21,0.0
S002,12,Q073,RIGHT JOIN,0.571,1,1.151,24.361,24.361,0.06
S002,13,Q086,HAVING,0.59,0,2.78,26.8,27.141,0.0
S002,14,Q435,NORMALIZATION,0.623,0,0.504,19.884,27.646,0.0
S002,15,Q413,LEFT JOIN,0.513,1,0.304,9.424,27.95,0.06
S002,16,Q429,WHERE,0.391,0,0.993,8.933,28.943,0.1607
S002,17,Q430,SUBQUERIES,0.653,1,0.736,29.679,29.679,0.06
S002,18,Q435,NORMALIZATION,0.623,0,0.495,2.528,30.174,0.0
S002,19,Q136,VIEWS,0.566,0,3.148,33.321,33.321,0.0
S002,20,Q185,INDEXING,0.692,1,2.038,18.513,35.36,0.06
S002,21,Q116,ORDER BY,0.363,0,1.568,33.519,36.928,0.0
S002,22,Q322,TRANSACTIONS,0.638,1,1.08,38.008,38.008,0.06
S002,23,Q020,WHERE,0.371,0,8.808,17.873,46.816,0.0
S002,24,Q221,PRIMARY KEY,0.424,0,0.887,47.703,47.703,0.0
S002,25,Q206,SUBQUERIES,0.557,0,0.699,18.722,48.402,0.0
S002,26,Q062,JOINS,0.537,0,0.704,25.895,49.105,0.0
S002,27,Q331,STORED PROCEDURES,0.731,0,1.604,50.709,50.709,0.0
S002,28,Q347,FOREIGN KEY,0.405,1,0.715,51.424,51.424,0.06
S002,29,Q256,ORDER BY,0.346,0,0.992,15.489,52.417,0.0
S002,30,Q124,FOREIGN KEY,0.397,0,0.15,1.143,52.567,0.0179
S002,31,Q048,ORDER BY,0.318,1,0.103,0.254,52.67,0.06
S002,32,Q250,INNER JOIN,0.477,0,1.191,53.862,53.862,0.0
S002,33,Q318,SUBQUERIES,0.809,0,2.437,7.897,56.299,0.0
S002,34,Q209,STORED PROCEDURES,0.739,0,0.022,5.611,56.321,0.0
S002,35,Q044,RIGHT JOIN,0.637,0,2.034,33.993,58.354,0.0
S002,36,Q265,NORMALIZATION,0.689,0,0.639,28.82,58.993,0.0
S002,37,Q442,NORMALIZATION,0.586,1,3.583,3.583,62.576,0.06
S002,38,Q387,UNION,0.384,1,0.852,63.428,63.428,0.06
S002,39,Q490,STORED PROCEDURES,0.81,0,1.297,8.404,64.725,0.0
S002,40,Q426,JOINS,0.626,0,0.55,16.169,65.275,0.0
S002,41,Q267,SELECT,0.307,0,0.474,51.899,65.749,0.0
S002,42,Q059,PRIMARY KEY,0.219,0,0.308,18.353,66.056,0.0
S002,43,Q386,SELECT,0.334,1,0.83,1.137,66.886,0.06
S002,44,Q300,VIEWS,0.627,0,2.054,35.618,68.94,0.0
S002,45,Q218,ORDER BY,0.226,0,1.787,18.056,70.727,0.0
S002,46,Q346,NORMALIZATION,0.661,1,0.899,9.05,71.626,0.06
S002,47,Q369,PRIMARY KEY,0.283,1,0.476,6.046,72.102,0.06
S002,48,Q239,INNER JOIN,0.478,1,1.519,19.759,73.621,0.06
S002,49,Q061,WHERE,0.356,0,0.588,27.394,74.209,0.0
S002,50,Q156,WHERE,0.223,0,0.933,0.933,75.142,0.0
S002,51,Q411,SUBQUERIES,0.668,0,1.357,20.201,76.499,0.0
S002,52,Q487,SUBQUERIES,0.631,1,2.249,2.249,78.749,0.06
S002,53,Q480,STORED PROCEDURES,0.638,0,2.146,16.17,80.895,0.0
S002,54,Q340,NORMALIZATION,0.688,0,2.229,11.498,83.123,0.0
S002,55,Q161,SELECT,0.357,0,0.849,17.087,83.973,0.0
S002,56,Q063,UNION,0.406,0,0.46,21.005,84.432,0.0
S002,57,Q096,LEFT JOIN,0.516,0,0.418,56.901,84.851,0.0
S002,58,Q120,LEFT JOIN,0.655,1,2.929,2.929,87.78,0.06
S002,59,Q217,PRIMARY KEY,0.385,1,3.423,19.101,91.203,0.06
S002,60,Q232,PRIMARY KEY,0.433,0,1.999,1.999,93.202,0.005
S002,61,Q077,HAVING,0.485,1,2.618,68.679,95.82,0.06
S002,62,Q331,STORED PROCEDURES,0.731,0,2.513,17.438,98.333,0.0
S002,63,Q038,SELECT,0.2,1,0.15,14.51,98.482,0.06
S002,64,Q299,GROUP BY,0.419,1,4.067,102.55,102.55,0.06
S002,65,Q061,WHERE,0.356,1,2.928,30.336,105.478,0.06
S002,66,Q163,INNER JOIN,0.376,0,1.27,33.127,106.748,0.0
S002,67,Q269,AGGREGATE FUNCTIONS,0.384,0,0.209,92.361,106.957,0.0
S002,68,Q187,HAVING,0.52,0,2.837,13.974,109.794,0.0
S002,69,Q414,TRIGGERS,0.737,0,0.563,110.357,110.357,0.0
S002,70,Q291,JOINS,0.608,0,0.024,45.106,110.381,0.0
S002,71,Q408,HAVING,0.471,1,1.466,2.053,111.847,0.06
S002,72,Q416,NORMALIZATION,0.673,0,0.213,28.937,112.06,0.0
S002,73,Q442,NORMALIZATION,0.586,0,1.243,1.243,113.304,0.0
S002,74,Q341,NORMALIZATION,0.653,0,0.772,0.772,114.076,0.0
S002,75,Q068,ORDER BY,0.202,1,7.013,50.362,121.089,0.06
S002,76,Q171,HAVING,0.455,0,1.691,10.933,122.78,0.0
S002,77,Q153,LEFT JOIN,0.611,0,0.39,35.39,123.17,0.0
S002,78,Q408,HAVING,0.471,0,0.715,1.105,123.885,0.0
S002,79,Q028,STORED PROCEDURES,0.783,0,1.125,26.677,125.01,0.0
S002,80,Q051,FOREIGN KEY,0.373,0,0.878,73.321,125.888,0.0
S002,81,Q246,VIEWS,0.684,0,2.448,59.396,128.336,0.0
S002,82,Q409,FOREIGN KEY,0.381,1,1.052,3.499,129.387,0.06
S002,83,Q189,GROUP BY,0.364,0,1.685,28.523,131.072,0.0
S002,84,Q210,GROUP BY,0.475,1,0.175,0.175,131.247,0.06
S002,85,Q428,SELECT,0.158,1,1.041,33.806,132.288,0.06
S002,86,Q345,ORDER BY,0.246,0,1.569,12.768,133.857,0.0
S002,87,Q339,RIGHT JOIN,0.478,1,2.066,77.569,135.923,0.06
S002,88,Q193,INDEXING,0.643,0,0.296,100.86,136.22,0.0
S002,89,Q214,INDEXING,0.488,0,1.3,1.3,137.52,0.0
S002,90,Q430,SUBQUERIES,0.653,0,0.279,59.05,137.799,0.0
S002,91,Q112,INDEXING,0.48,0,0.038,0.317,137.837,0.0
S002,92,Q207,WHERE,0.265,1,2.732,35.091,140.568,0.06
S002,93,Q222,VIEWS,0.416,0,3.615,15.848,144.184,0.0
S002,94,Q090,JOINS,0.609,0,0.771,34.574,144.955,0.0
S002,95,Q293,JOINS,0.674,0,2.692,2.692,147.647,0.0
S002,96,Q438,GROUP BY,0.565,0,1.313,17.712,148.959,0.0
S002,97,Q424,SELECT,0.283,1,1.352,18.024,150.312,0.06
S002,98,Q029,WHERE,0.299,0,0.826,10.569,151.137,0.0
S002,99,Q128,SELECT,0.294,0,1.437,2.263,152.574,0.0011
S002,100,Q430,SUBQUERIES,0.653,0,1.614,16.39,154.188,0.0
S003,1,Q045,WHERE,0.224,1,5.606,5.606,5.606,0.335
S003,2,Q155,TRIGGERS,0.651,0,2.006,7.612,7.612,0.3406
S003,3,Q073,RIGHT JOIN,0.571,0,8.838,16.45,16.45,0.1496
S003,4,Q234,HAVING,0.621,0,1.763,18.212,18.212,0.0735
S003,5,Q313,WHERE,0.359,1,0.938,13.544,19.151,0.1918
S003,6,Q222,VIEWS,0.416,0,0.205,19.356,19.356,0.0
S003,7,Q309,HAVING,0.586,1,5.554,6.698,24.91,0.06
S003,8,Q064,AGGREGATE FUNCTIONS,0.397,0,3.337,28.247,28.247,0.0
S003,9,Q494,NORMALIZATION,0.671,0,0.731,28.978,28.978,0.0374
S003,10,Q364,WHERE,0.339,0,0.276,10.103,29.254,0.0153
S003,11,Q050,ORDER BY,0.39,0,0.469,29.723,29.723,0.0
S003,12,Q052,RIGHT JOIN,0.663,0,0.866,14.139,30.588,0.0
S003,13,Q293,JOINS,0.674,1,2.136,32.725,32.725,0.06
S003,14,Q296,VIEWS,0.472,0,0.013,13.382,32.738,0.0
S003,15,Q395,LEFT JOIN,0.643,0,0.592,33.33,33.33,0.0
S003,16,Q350,TRIGGERS,0.764,1,0.031,25.749,33.361,0.06
S003,17,Q028,STORED PROCEDURES,0.783,0,0.659,34.02,34.02,0.0
S003,18,Q480,STORED PROCEDURES,0.638,0,5.556,5.556,39.576,0.0
S003,19,Q004,AGGREGATE FUNCTIONS,0.438,0,0.238,11.567,39.814,0.0
S003,20,Q383,PRIMARY KEY,0.392,0,6.483,46.297,46.297,0.0
S003,21,Q278,INDEXING,0.499,0,0.994,47.291,47.291,0.0
S003,22,Q476,TRIGGERS,0.613,0,1.44,15.37,48.732,0.0
S003,23,Q192,PRIMARY KEY,0.241,0,1.304,3.738,50.036,0.0
S003,24,Q238,VIEWS,0.43,0,0.56,17.858,50.596,0.0
S003,25,Q316,JOINS,0.535,0,1.004,18.875,51.599,0.0
S003,26,Q247,PRIMARY KEY,0.388,0,6.225,7.789,57.824,0.0
S003,27,Q439,HAVING,0.648,0,0.088,33.002,57.912,0.0
S003,28,Q265,NORMALIZATION,0.689,0,0.317,29.252,58.23,0.0
S003,29,Q018,FOREIGN KEY,0.452,1,1.65,59.88,59.88,0.06
S003,30,Q399,JOINS,0.524,0,0.333,8.614,60.213,0.0
S003,31,Q167,PRIMARY KEY,0.442,1,1.24,3.629,61.454,0.06
S003,32,Q040,LEFT JOIN,0.619,0,0.697,28.82,62.15,0.0
S003,33,Q082,WHERE,0.333,0,0.955,33.851,63.105,0.0
S003,34,Q332,TRIGGERS,0.562,1,0.99,15.363,64.095,0.06
S003,35,Q327,INDEXING,0.496,1,0.187,16.99,64.282,0.06
S003,36,Q400,VIEWS,0.655,0,0.597,14.283,64.879,0.0
S003,37,Q345,ORDER BY,0.246,1,1.082,36.238,65.96,0.06
S003,38,Q365,LEFT JOIN,0.529,0,4.538,8.348,70.498,0.0
S003,39,Q467,TRIGGERS,0.624,0,1.999,8.402,72.497,0.0
S003,40,Q270,INDEXING,0.717,0,1.552,9.768,74.049,0.0
S003,41,Q039,AGGREGATE FUNCTIONS,0.36,1,4.04,38.275,78.089,0.06
S003,42,Q187,HAVING,0.52,0,0.228,20.405,78.317,0.0
S003,43,Q220,TRANSACTIONS,0.748,1,0.271,78.588,78.588,0.06
S003,44,Q131,ORDER BY,0.392,1,0.303,12.931,78.891,0.06
S003,45,Q406,HAVING,0.46,0,1.389,1.963,80.28,0.0
S003,46,Q247,PRIMARY KEY,0.388,0,1.27,20.097,81.551,0.0
S003,47,Q206,SUBQUERIES,0.557,1,0.437,81.988,81.988,0.06
S003,48,Q256,ORDER BY,0.346,0,0.137,3.233,82.124,0.0
S003,49,Q287,VIEWS,0.513,0,1.277,18.523,83.401,0.0
S003,50,Q308,NORMALIZATION,0.626,0,1.676,26.847,85.077,0.0
S003,51,Q254,TRANSACTIONS,0.536,0,1.101,7.59,86.178,0.0
S003,52,Q383,PRIMARY KEY,0.392,0,0.458,5.086,86.637,0.0
S003,53,Q127,WHERE,0.288,0,1.375,24.907,88.012,0.0
S003,54,Q500,GROUP BY,0.633,0,2.081,90.093,90.093,0.0
S003,55,Q481,TRIGGERS,0.686,0,1.212,18.808,91.305,0.0
S003,56,Q408,HAVING,0.471,1,0.999,12.024,92.304,0.06
S003,57,Q109,AGGREGATE FUNCTIONS,0.581,0,4.342,18.557,96.646,0.0
S003,58,Q315,WHERE,0.287,1,0.408,9.042,97.054,0.06
S003,59,Q423,TRANSACTIONS,0.738,0,0.01,10.885,97.063,0.0
S003,60,Q189,GROUP BY,0.364,0,0.252,7.222,97.315,0.0
S003,61,Q210,GROUP BY,0.475,0,1.079,1.079,98.394,0.0
S003,62,Q013,NORMALIZATION,0.686,0,2.201,15.518,100.595,0.0
S003,63,Q094,TRANSACTIONS,0.694,0,0.969,4.5,101.563,0.0
S003,64,Q094,TRANSACTIONS,0.694,0,0.343,0.343,101.906,0.0
S003,65,Q424,SELECT,0.283,0,0.386,102.292,102.292,0.0
S003,66,Q180,INDEXING,0.498,0,1.07,29.312,103.362,0.0
S003,67,Q471,STORED PROCEDURES,0.749,0,1.477,65.263,104.838,0.0
S003,68,Q313,WHERE,0.359,1,0.865,8.65,105.703,0.06
S003,69,Q001,INNER JOIN,0.589,0,2.385,108.088,108.088,0.0
S003,70,Q208,INNER JOIN,0.385,0,0.407,0.407,108.494,0.0
S003,71,Q481,TRIGGERS,0.686,1,2.227,19.416,110.721,0.06
S003,72,Q392,STORED PROCEDURES,0.686,0,0.495,6.378,111.216,0.0
S003,73,Q321,SUBQUERIES,0.781,0,1.415,30.644,112.631,0.0
S003,74,Q371,JOINS,0.51,0,2.084,54.502,114.715,0.0
S003,75,Q273,GROUP BY,0.489,0,0.355,16.677,115.071,0.0
S003,76,Q213,ORDER BY,0.448,1,1.251,34.198,116.322,0.06
S003,77,Q390,GROUP BY,0.446,0,0.683,1.935,117.005,0.0
S003,78,Q493,LEFT JOIN,0.431,0,2.63,49.138,119.636,0.0
S003,79,Q233,INNER JOIN,0.649,0,0.499,11.64,120.134,0.0
S003,80,Q344,SELECT,0.171,1,0.046,17.888,120.18,0.06
S003,81,Q063,UNION,0.406,0,0.064,120.244,120.244,0.0
S003,82,Q273,GROUP BY,0.489,0,1.589,4.828,121.833,0.0
S003,83,Q028,STORED PROCEDURES,0.783,1,2.827,13.444,124.66,0.06
S003,84,Q371,JOINS,0.51,0,1.059,11.003,125.719,0.0
S003,85,Q177,INDEXING,0.605,1,0.496,22.853,126.215,0.06
S003,86,Q308,NORMALIZATION,0.626,0,1.7,27.32,127.915,0.0
S003,87,Q228,HAVING,0.488,1,1.462,37.073,129.377,0.06
S003,88,Q186,GROUP BY,0.402,0,0.489,8.033,129.866,0.0
S003,89,Q184,HAVING,0.542,0,0.877,1.366,130.743,0.0145
S003,90,Q210,GROUP BY,0.475,0,7.187,8.064,137.93,0.0
S003,91,Q460,RIGHT JOIN,0.512,0,0.308,107.65,138.238,0.0
S003,92,Q388,FOREIGN KEY,0.322,0,0.332,78.69,138.57,0.0
S003,93,Q367,HAVING,0.509,0,0.267,8.093,138.836,0.0
S003,94,Q472,INNER JOIN,0.643,0,0.627,19.329,139.463,0.0
S003,95,Q290,SELECT,0.153,0,0.315,19.598,139.778,0.0
S003,96,Q118,GROUP BY,0.421,1,1.627,3.475,141.405,0.06
S003,97,Q448,GROUP BY,0.626,0,0.478,0.478,141.883,0.0278
S003,98,Q152,PRIMARY KEY,0.249,1,2.551,57.797,144.434,0.06
S003,99,Q464,INNER JOIN,0.454,0,2.3,7.271,146.734,0.0
S003,100,Q105,RIGHT JOIN,0.534,0,1.634,10.13,148.368,0.0
S004,1,Q162,UNION,0.64,0,2.908,2.908,2.908,0.3511
S004,2,Q140,STORED PROCEDURES,0.717,0,3.598,6.507,6.507,0.2541
S004,3,Q183,FOREIGN KEY,0.495,0,0.17,6.676,6.676,0.215
S004,4,Q066,SELECT,0.207,0,0.306,6.983,6.983,0.0731
S004,5,Q473,RIGHT JOIN,0.495,1,2.983,9.966,9.966,0.138
S004,6,Q469,SELECT,0.241,0,1.992,4.975,11.957,0.0
S004,7,Q294,HAVING,0.618,1,1.719,13.677,13.677,0.1988
S004,8,Q366,TRIGGERS,0.664,0,1.36,15.036,15.036,0.0326
S004,9,Q277,TRANSACTIONS,0.681,0,1.314,16.351,16.351,0.2028
S004,10,Q070,HAVING,0.608,0,3.491,6.165,19.841,0.0813
S004,11,Q303,WHERE,0.319,0,0.023,19.864,19.864,0.0
S004,12,Q149,ORDER BY,0.264,0,2.58,22.444,22.444,0.0
S004,13,Q151,INNER JOIN,0.5,0,1.804,24.249,24.249,0.0
S004,14,Q138,TRANSACTIONS,0.588,0,0.594,8.492,24.842,0.0505
S004,15,Q203,FOREIGN KEY,0.255,0,2.422,20.588,27.264,0.0
S004,16,Q237,SUBQUERIES,0.801,0,0.118,27.382,27.382,0.0
S004,17,Q443,AGGREGATE FUNCTIONS,0.346,0,5.911,33.293,33.293,0.0
S004,18,Q073,RIGHT JOIN,0.571,0,3.391,26.718,36.684,0.0
S004,19,Q360,PRIMARY KEY,0.348,0,0.049,36.733,36.733,0.0
S004,20,Q476,TRIGGERS,0.613,1,0.379,22.076,37.112,0.06
S004,21,Q205,VIEWS,0.597,0,1.259,38.371,38.371,0.0
S004,22,Q445,STORED PROCEDURES,0.733,0,0.424,32.288,38.795,0.0
S004,23,Q094,TRANSACTIONS,0.694,1,0.451,14.404,39.246,0.06
S004,24,Q469,SELECT,0.241,0,0.412,27.7,39.658,0.0
S004,25,Q031,INDEXING,0.548,0,0.081,39.739,39.739,0.0
S004,26,Q439,HAVING,0.648,1,0.369,20.267,40.108,0.06
S004,27,Q385,GROUP BY,0.478,0,0.437,40.546,40.546,0.0
S004,28,Q182,NORMALIZATION,0.512,0,3.42,43.966,43.966,0.0
S004,29,Q022,UNION,0.499,0,0.973,42.031,44.939,0.0
S004,30,Q008,JOINS,0.4,0,0.259,45.198,45.198,0.0
S004,31,Q090,JOINS,0.609,1,0.254,0.254,45.452,0.06
S004,32,Q496,NORMALIZATION,0.716,1,0.987,2.473,46.439,0.06
S004,33,Q366,TRIGGERS,0.664,0,0.303,9.63,46.742,0.0
S004,34,Q143,WHERE,0.264,0,2.603,29.481,49.345,0.0
S004,35,Q241,STORED PROCEDURES,0.818,0,0.484,11.034,49.829,0.0
S004,36,Q060,TRIGGERS,0.598,1,0.189,3.276,50.018,0.06
S004,37,Q305,UNION,0.595,0,0.819,5.898,50.837,0.0
S004,38,Q303,WHERE,0.319,0,0.968,2.461,51.805,0.0
S004,39,Q198,TRIGGERS,0.796,0,1.593,3.38,53.398,0.0
S004,40,Q388,FOREIGN KEY,0.322,0,1.239,27.373,54.637,0.0
S004,41,Q013,NORMALIZATION,0.686,0,0.38,8.578,55.017,0.0
S004,42,Q399,JOINS,0.524,1,1.423,10.988,56.44,0.06
S004,43,Q492,ORDER BY,0.258,0,1.773,35.769,58.213,0.0
S004,44,Q404,SELECT,0.335,0,1.2,19.756,59.413,0.0
S004,45,Q432,NORMALIZATION,0.754,0,0.072,4.468,59.485,0.0
S004,46,Q381,WHERE,0.339,0,0.701,8.381,60.187,0.0
S004,47,Q065,INNER JOIN,0.622,0,0.881,36.819,61.067,0.0
S004,48,Q454,AGGREGATE FUNCTIONS,0.435,0,1.69,29.464,62.757,0.0
S004,49,Q368,WHERE,0.261,0,0.367,2.937,63.124,0.0
S004,50,Q296,VIEWS,0.472,1,0.256,25.009,63.38,0.06
S004,51,Q190,SUBQUERIES,0.738,0,0.255,36.253,63.635,0.0
S004,52,Q352,AGGREGATE FUNCTIONS,0.46,0,3.172,4.05,66.807,0.0
S004,53,Q246,VIEWS,0.684,1,0.573,4.0,67.38,0.06
S004,54,Q159,JOINS,0.491,0,4.759,15.699,72.14,0.0
S004,55,Q264,TRANSACTIONS,0.523,0,0.077,32.971,72.217,0.0
S004,56,Q103,WHERE,0.449,0,1.513,10.606,73.73,0.0
S004,57,Q483,VIEWS,0.52,0,0.144,6.494,73.874,0.0
S004,58,Q370,SELECT,0.152,0,1.697,16.158,75.571,0.0
S004,59,Q060,TRIGGERS,0.598,1,0.88,23.054,76.451,0.06
S004,60,Q151,INNER JOIN,0.5,0,2.684,18.068,79.135,0.0
S004,61,Q122,INDEXING,0.478,0,0.406,39.802,79.541,0.0
S004,62,Q093,ORDER BY,0.402,0,3.699,25.027,83.24,0.0
S004,63,Q146,RIGHT JOIN,0.661,0,0.431,46.987,83.671,0.0
S004,64,Q457,SELECT,0.367,0,0.553,8.653,84.224,0.0
S004,65,Q112,INDEXING,0.48,0,3.236,7.918,87.46,0.0
S004,66,Q106,TRIGGERS,0.768,1,0.01,11.018,87.469,0.06
S004,67,Q388,FOREIGN KEY,0.322,0,0.588,33.421,88.058,0.0
S004,68,Q467,TRIGGERS,0.624,0,0.637,1.225,88.694,0.0166
S004,69,Q454,AGGREGATE FUNCTIONS,0.435,0,0.871,22.759,89.565,0.0
S004,70,Q150,PRIMARY KEY,0.22,0,2.294,55.126,91.859,0.0
S004,71,Q251,TRIGGERS,0.583,1,2.272,5.438,94.132,0.06
S004,72,Q076,WHERE,0.378,0,1.616,22.017,95.748,0.0
S004,73,Q113,ORDER BY,0.443,0,0.545,13.052,96.292,0.0
S004,74,Q202,PRIMARY KEY,0.254,0,1.462,5.895,97.755,0.0
S004,75,Q047,LEFT JOIN,0.482,1,1.03,98.785,98.785,0.06
S004,76,Q281,HAVING,0.584,0,0.262,58.939,99.047,0.0
S004,77,Q368,WHERE,0.261,1,0.876,4.175,99.923,0.06
S004,78,Q490,STORED PROCEDURES,0.81,0,0.132,50.226,100.055,0.0
S004,79,Q375,TRIGGERS,0.555,0,2.452,8.375,102.507,0.0
S004,80,Q355,NORMALIZATION,0.531,0,1.384,44.405,103.89,0.0
S004,81,Q099,STORED PROCEDURES,0.827,0,0.402,4.237,104.292,0.0
S004,82,Q214,INDEXING,0.488,0,5.515,22.347,109.807,0.0
S004,83,Q448,GROUP BY,0.626,0,0.493,69.754,110.299,0.0
S004,84,Q121,VIEWS,0.492,0,0.816,37.241,111.115,0.0
S004,85,Q331,STORED PROCEDURES,0.731,0,0.817,7.641,111.933,0.0
S004,86,Q483,VIEWS,0.52,0,0.044,0.861,111.976,0.0
S004,87,Q262,AGGREGATE FUNCTIONS,0.576,0,2.282,24.693,114.258,0.0
S004,88,Q239,INNER JOIN,0.478,0,0.062,35.185,114.32,0.0
S004,89,Q333,HAVING,0.504,0,1.253,16.526,115.573,0.0
S004,90,Q474,LEFT JOIN,0.551,0,0.483,17.271,116.056,0.0
S004,91,Q072,NORMALIZATION,0.55,0,3.519,15.685,119.575,0.0
S004,92,Q430,SUBQUERIES,0.653,0,0.324,56.264,119.899,0.0
S004,93,Q141,ORDER BY,0.343,1,2.679,26.286,122.578,0.06
S004,94,Q253,STORED PROCEDURES,0.691,0,0.573,11.218,123.151,0.0
S004,95,Q008,JOINS,0.4,0,3.997,55.009,127.149,0.0
S004,96,Q284,HAVING,0.408,0,0.078,11.653,127.226,0.0
S004,97,Q101,INDEXING,0.695,0,0.131,17.55,127.357,0.0
S004,98,Q458,TRIGGERS,0.727,1,1.631,26.481,128.988,0.06
S004,99,Q381,WHERE,0.339,0,0.875,29.94,129.863,0.0
S004,100,Q228,HAVING,0.488,0,1.775,4.412,131.638,0.0
S005,1,Q461,RIGHT JOIN,0.484,0,1.273,1.273,1.273,0.4506
S005,2,Q027,GROUP BY,0.405,0,3.625,4.898,4.898,0.1389
S005,3,Q281,HAVING,0.584,0,0.468,5.367,5.367,0.3814
S005,4,Q406,HAVING,0.46,0,0.201,0.201,5.568,0.3534
S005,5,Q438,GROUP BY,0.565,0,0.053,0.723,5.621,0.103
S005,6,Q471,STORED PROCEDURES,0.749,0,2.436,8.057,8.057,0.1233
S005,7,Q374,RIGHT JOIN,0.474,1,0.451,7.235,8.508,0.4021
S005,8,Q436,PRIMARY KEY,0.38,1,0.561,9.069,9.069,0.4207
S005,9,Q499,FOREIGN KEY,0.458,0,0.795,9.863,9.863,0.2501
S005,10,Q239,INNER JOIN,0.478,0,2.345,12.208,12.208,0.0696
S005,11,Q288,VIEWS,0.651,0,2.609,14.817,14.817,0.2041
S005,12,Q404,SELECT,0.335,0,1.602,16.419,16.419,0.0
S005,13,Q278,INDEXING,0.499,0,1.669,18.088,18.088,0.0242
S005,14,Q290,SELECT,0.153,0,0.046,1.715,18.134,0.0
S005,15,Q095,TRANSACTIONS,0.782,1,6.688,24.822,24.822,0.06
S005,16,Q478,VIEWS,0.411,1,0.65,10.655,25.472,0.1043
S005,17,Q341,NORMALIZATION,0.653,0,3.016,28.488,28.488,0.0
S005,18,Q181,FOREIGN KEY,0.273,0,2.192,20.816,30.68,0.0
S005,19,Q138,TRANSACTIONS,0.588,0,0.837,6.694,31.516,0.0
S005,20,Q273,GROUP BY,0.489,0,1.042,26.937,32.558,0.0
S005,21,Q423,TRANSACTIONS,0.738,0,4.087,5.129,36.645,0.0
S005,22,Q129,SELECT,0.199,0,0.207,18.719,36.852,0.0
S005,23,Q327,INDEXING,0.496,1,0.024,18.789,36.877,0.06
S005,24,Q095,TRANSACTIONS,0.782,0,0.955,1.187,37.832,0.0
S005,25,Q480,STORED PROCEDURES,0.638,0,0.522,30.298,38.354,0.0
S005,26,Q106,TRIGGERS,0.768,0,2.351,40.706,40.706,0.0
S005,27,Q260,PRIMARY KEY,0.442,0,0.163,31.8,40.869,0.0
S005,28,Q296,VIEWS,0.472,1,0.147,15.543,41.015,0.06
S005,29,Q195,TRANSACTIONS,0.673,0,0.588,3.772,41.604,0.0
S005,30,Q369,PRIMARY KEY,0.283,1,4.322,5.057,45.925,0.06
S005,31,Q386,SELECT,0.334,0,1.285,10.358,47.21,0.0
S005,32,Q166,LEFT JOIN,0.618,0,0.232,47.442,47.442,0.0
S005,33,Q266,FOREIGN KEY,0.324,0,1.768,18.531,49.21,0.0
S005,34,Q333,HAVING,0.504,0,1.623,45.266,50.834,0.0
S005,35,Q303,WHERE,0.319,0,0.093,50.926,50.926,0.0
S005,36,Q022,UNION,0.499,1,0.195,51.122,51.122,0.06
S005,37,Q283,STORED PROCEDURES,0.715,0,1.987,14.754,53.109,0.0
S005,38,Q474,LEFT JOIN,0.551,0,1.353,7.019,54.461,0.0
S005,39,Q073,RIGHT JOIN,0.571,0,0.939,46.893,55.401,0.0
S005,40,Q352,AGGREGATE FUNCTIONS,0.46,1,2.466,57.866,57.866,0.06
S005,41,Q039,AGGREGATE FUNCTIONS,0.36,0,1.497,1.497,59.363,0.0125
S005,42,Q124,FOREIGN KEY,0.397,0,1.932,12.085,61.296,0.0
S005,43,Q386,SELECT,0.334,1,1.635,15.721,62.931,0.06
S005,44,Q285,SELECT,0.344,0,2.46,2.46,65.391,0.0
S005,45,Q340,NORMALIZATION,0.688,0,1.245,38.147,66.635,0.0
S005,46,Q394,UNION,0.411,1,1.187,16.701,67.822,0.06
S005,47,Q216,HAVING,0.472,1,0.625,17.614,68.448,0.06
S005,48,Q332,TRIGGERS,0.562,1,0.245,27.987,68.693,0.06
S005,49,Q173,SELECT,0.193,0,0.521,3.823,69.213,0.0
S005,50,Q336,RIGHT JOIN,0.557,0,7.782,21.595,76.995,0.0
S005,51,Q096,LEFT JOIN,0.516,0,1.692,24.226,78.687,0.0
S005,52,Q018,FOREIGN KEY,0.452,0,1.306,18.697,79.993,0.0
S005,53,Q365,LEFT JOIN,0.529,0,0.476,1.782,80.469,0.0
S005,54,Q452,RIGHT JOIN,0.577,0,0.591,4.065,81.06,0.0
S005,55,Q231,INDEXING,0.687,0,0.025,44.208,81.085,0.0
S005,56,Q400,VIEWS,0.655,1,3.495,43.564,84.58,0.06
S005,57,Q317,NORMALIZATION,0.619,0,0.629,18.574,85.209,0.0
S005,58,Q044,RIGHT JOIN,0.637,0,3.871,8.02,89.08,0.0
S005,59,Q044,RIGHT JOIN,0.637,0,1.574,1.574,90.654,0.0
S005,60,Q372,INDEXING,0.498,0,1.553,11.122,92.207,0.0
S005,61,Q206,SUBQUERIES,0.557,0,0.189,92.395,92.395,0.0
S005,62,Q287,VIEWS,0.513,0,0.585,8.4,92.98,0.0
S005,63,Q110,GROUP BY,0.62,0,0.019,60.441,92.999,0.0
S005,64,Q424,SELECT,0.283,1,3.372,27.158,96.372,0.06
S005,65,Q133,FOREIGN KEY,0.479,0,1.084,17.463,97.455,0.0
S005,66,Q409,FOREIGN KEY,0.381,1,0.727,0.727,98.182,0.06
S005,67,Q325,AGGREGATE FUNCTIONS,0.474,0,0.738,39.557,98.921,0.0
S005,68,Q247,PRIMARY KEY,0.388,0,0.981,53.976,99.902,0.0
S005,69,Q096,LEFT JOIN,0.516,1,0.292,19.725,100.194,0.06
S005,70,Q344,SELECT,0.171,0,0.778,4.6,100.972,0.0
S005,71,Q016,INNER JOIN,0.401,0,8.129,96.892,109.1,0.0
S005,72,Q193,INDEXING,0.643,0,0.579,17.472,109.679,0.0
S005,73,Q129,SELECT,0.199,1,0.773,9.48,110.452,0.06
S005,74,Q326,AGGREGATE FUNCTIONS,0.323,1,1.346,12.877,111.798,0.06
S005,75,Q161,SELECT,0.357,0,1.501,2.847,113.299,0.0
S005,76,Q475,SELECT,0.227,0,0.191,0.191,113.49,0.0
S005,77,Q276,VIEWS,0.484,1,2.1,22.61,115.59,0.06
S005,78,Q275,HAVING,0.692,0,1.965,49.108,117.556,0.0
S005,79,Q141,ORDER BY,0.343,1,1.68,119.236,119.236,0.06
S005,80,Q476,TRIGGERS,0.613,0,0.878,51.421,120.114,0.0
S005,81,Q342,AGGREGATE FUNCTIONS,0.576,0,0.397,8.713,120.511,0.0
S005,82,Q200,SELECT,0.313,0,4.965,11.985,125.475,0.0
S005,83,Q026,JOINS,0.462,0,0.531,126.006,126.006,0.0
S005,84,Q137,ORDER BY,0.445,0,0.135,6.906,126.141,0.0
S005,85,Q039,AGGREGATE FUNCTIONS,0.36,0,5.562,11.193,131.703,0.0
S005,86,Q439,HAVING,0.648,0,0.399,14.547,132.103,0.0
S005,87,Q411,SUBQUERIES,0.668,0,4.044,43.751,136.147,0.0
S005,88,Q275,HAVING,0.692,0,1.753,5.798,137.9,0.0
S005,89,Q230,GROUP BY,0.634,0,1.587,46.488,139.488,0.0
S005,90,Q355,NORMALIZATION,0.531,0,2.491,56.769,141.978,0.0
S005,91,Q374,RIGHT JOIN,0.474,0,3.361,54.686,145.34,0.0
S005,92,Q359,UNION,0.42,0,0.942,78.459,146.281,0.0
S005,93,Q154,INDEXING,0.465,0,2.207,38.81,148.489,0.0
S005,94,Q051,FOREIGN KEY,0.373,0,3.634,53.941,152.123,0.0
S005,95,Q088,INDEXING,0.69,1,3.868,7.502,155.991,0.06
S005,96,Q381,WHERE,0.339,0,1.817,106.881,157.807,0.0
S005,97,Q118,GROUP BY,0.421,1,1.484,19.803,159.291,0.06
S005,98,Q007,WHERE,0.38,0,0.908,2.392,160.199,0.0
S005,99,Q438,GROUP BY,0.565,1,1.199,2.108,161.399,0.0884
S005,100,Q498,FOREIGN KEY,0.401,1,1.318,10.593,162.716,0.06
S006,1,Q026,JOINS,0.462,1,2.537,2.537,2.537,0.4622
S006,2,Q353,PRIMARY KEY,0.417,0,1.058,3.595,3.595,0.2756
S006,3,Q286,STORED PROCEDURES,0.846,0,1.038,4.633,4.633,0.2924
S006,4,Q238,VIEWS,0.43,0,0.657,5.29,5.29,0.2347
S006,5,Q079,WHERE,0.326,1,0.902,6.192,6.192,0.2823
S006,6,Q358,INNER JOIN,0.377,1,0.735,6.927,6.927,0.345
S006,7,Q064,AGGREGATE FUNCTIONS,0.397,0,0.917,7.844,7.844,0.2148
S006,8,Q320,SUBQUERIES,0.828,1,2.521,10.365,10.365,0.2837
S006,9,Q278,INDEXING,0.499,0,0.218,10.583,10.583,0.2855
S006,10,Q330,ORDER BY,0.419,0,0.973,11.557,11.557,0.0127
S006,11,Q381,WHERE,0.339,1,0.177,5.541,11.733,0.2592
S006,12,Q161,SELECT,0.357,0,0.203,11.937,11.937,0.01
S006,13,Q418,WHERE,0.336,1,0.058,0.262,11.995,0.3153
S006,14,Q218,ORDER BY,0.226,0,0.363,0.801,12.358,0.0
S006,15,Q178,HAVING,0.584,0,3.083,15.441,15.441,0.1913
S006,16,Q253,STORED PROCEDURES,0.691,0,0.44,11.248,15.881,0.0987
S006,17,Q244,LEFT JOIN,0.512,0,0.124,16.005,16.005,0.0
S006,18,Q334,SUBQUERIES,0.603,0,0.241,5.88,16.245,0.1705
S006,19,Q413,LEFT JOIN,0.513,0,0.232,0.473,16.478,0.0
S006,20,Q187,HAVING,0.52,1,0.697,1.734,17.174,0.2252
S006,21,Q039,AGGREGATE FUNCTIONS,0.36,1,4.209,13.54,21.384,0.0718
S006,22,Q039,AGGREGATE FUNCTIONS,0.36,0,1.047,1.047,22.431,0.031
S006,23,Q278,INDEXING,0.499,0,0.972,12.82,23.403,0.0682
S006,24,Q222,VIEWS,0.416,0,0.669,18.782,24.072,0.0
S006,25,Q255,RIGHT JOIN,0.673,0,4.242,28.314,28.314,0.0
S006,26,Q442,NORMALIZATION,0.586,0,6.603,34.917,34.917,0.0
S006,27,Q390,GROUP BY,0.446,0,1.921,36.838,36.838,0.0
S006,28,Q086,HAVING,0.59,0,0.951,20.614,37.789,0.0
S006,29,Q254,TRANSACTIONS,0.536,0,4.122,41.911,41.911,0.0
S006,30,Q033,LEFT JOIN,0.653,1,0.242,25.675,42.153,0.06
S006,31,Q350,TRIGGERS,0.764,1,0.033,42.186,42.186,0.06
S006,32,Q405,LEFT JOIN,0.648,0,0.019,0.053,42.206,0.0342
S006,33,Q235,AGGREGATE FUNCTIONS,0.512,0,0.213,19.988,42.419,0.0
S006,34,Q180,INDEXING,0.498,0,0.037,19.052,42.455,0.0
S006,35,Q274,STORED PROCEDURES,0.63,1,1.372,27.947,43.828,0.06
S006,36,Q236,NORMALIZATION,0.543,1,2.092,11.003,45.92,0.06
S006,37,Q364,WHERE,0.339,1,0.074,33.999,45.994,0.06
S006,38,Q068,ORDER BY,0.202,0,0.334,33.97,46.328,0.0
S006,39,Q098,AGGREGATE FUNCTIONS,0.402,0,2.413,6.322,48.74,0.0
S006,40,Q172,RIGHT JOIN,0.657,0,4.109,24.535,52.849,0.0
S006,41,Q185,INDEXING,0.692,0,0.022,10.416,52.871,0.0
S006,42,Q351,NORMALIZATION,0.753,0,1.168,8.12,54.04,0.0
S006,43,Q220,TRANSACTIONS,0.748,0,0.022,12.151,54.061,0.0
S006,44,Q442,NORMALIZATION,0.586,0,0.307,0.328,54.368,0.0
S006,45,Q215,VIEWS,0.633,0,2.325,32.621,56.693,0.0
S006,46,Q443,AGGREGATE FUNCTIONS,0.346,1,0.386,8.338,57.079,0.06
S006,47,Q271,UNION,0.382,0,1.473,58.551,58.551,0.0
S006,48,Q387,UNION,0.384,0,0.306,0.306,58.857,0.0
S006,49,Q463,AGGREGATE FUNCTIONS,0.577,0,1.367,3.145,60.224,0.0
S006,50,Q294,HAVING,0.618,0,1.075,23.51,61.299,0.0
S006,51,Q392,STORED PROCEDURES,0.686,0,0.473,17.945,61.773,0.0
S006,52,Q175,INDEXING,0.505,0,1.057,9.958,62.829,0.0
S006,53,Q045,WHERE,0.224,0,1.209,18.044,64.038,0.0
S006,54,Q195,TRANSACTIONS,0.673,0,3.156,13.133,67.194,0.0
S006,55,Q333,HAVING,0.504,1,0.181,6.076,67.375,0.06
S006,56,Q327,INDEXING,0.496,0,0.068,4.613,67.443,0.0
S006,57,Q408,HAVING,0.471,0,1.116,1.184,68.559,0.0172
S006,58,Q266,FOREIGN KEY,0.324,1,4.377,72.936,72.936,0.06
S006,59,Q440,SUBQUERIES,0.653,1,0.901,57.592,73.837,0.06
S006,60,Q345,ORDER BY,0.246,0,0.204,27.713,74.041,0.0
S006,61,Q368,WHERE,0.261,0,1.712,11.715,75.753,0.0
S006,62,Q279,FOREIGN KEY,0.269,1,6.835,9.652,82.588,0.06
S006,63,Q427,HAVING,0.634,1,0.072,14.101,82.66,0.06
S006,64,Q043,RIGHT JOIN,0.724,0,1.214,31.025,83.874,0.0
S006,65,Q444,PRIMARY KEY,0.235,0,0.279,80.558,84.153,0.0
S006,66,Q056,GROUP BY,0.622,0,0.793,48.109,84.947,0.0
S006,67,Q232,PRIMARY KEY,0.433,0,1.588,2.381,86.534,0.0
S006,68,Q068,ORDER BY,0.202,0,0.292,12.785,86.826,0.0
S006,69,Q323,WHERE,0.355,0,5.154,16.228,91.98,0.0
S006,70,Q280,JOINS,0.685,0,0.568,90.011,92.549,0.0
S006,71,Q269,AGGREGATE FUNCTIONS,0.384,0,0.279,32.603,92.827,0.0
S006,72,Q338,FOREIGN KEY,0.333,1,2.396,12.635,95.223,0.06
S006,73,Q301,WHERE,0.29,1,0.967,4.209,96.19,0.06
S006,74,Q495,TRIGGERS,0.746,0,0.862,54.865,97.051,0.0
S006,75,Q439,HAVING,0.648,1,2.288,16.679,99.339,0.06
S006,76,Q309,HAVING,0.586,1,1.744,1.744,101.083,0.0938
S006,77,Q045,WHERE,0.224,0,0.382,5.275,101.465,0.0
S006,78,Q051,FOREIGN KEY,0.373,0,2.019,8.261,103.483,0.0
S006,79,Q440,SUBQUERIES,0.653,0,2.408,32.054,105.891,0.0
S006,80,Q439,HAVING,0.648,1,0.478,5.286,106.369,0.0746
S006,81,Q289,WHERE,0.209,1,2.681,7.585,109.05,0.06
S006,82,Q253,STORED PROCEDURES,0.691,1,0.3,47.577,109.35,0.06
S006,83,Q099,STORED PROCEDURES,0.827,0,0.226,0.226,109.576,0.0316
S006,84,Q080,HAVING,0.504,0,1.689,4.897,111.266,0.0
S006,85,Q310,WHERE,0.401,0,0.092,2.307,111.357,0.0004
S006,86,Q419,LEFT JOIN,0.469,0,0.756,69.907,112.113,0.0
S006,87,Q236,NORMALIZATION,0.543,0,1.965,59.71,114.078,0.0
S006,88,Q282,WHERE,0.221,1,3.563,6.285,117.642,0.06
S006,89,Q065,INNER JOIN,0.622,0,0.656,111.371,118.298,0.0
S006,90,Q343,VIEWS,0.483,0,0.992,62.597,119.29,0.0
S006,91,Q158,VIEWS,0.411,0,4.187,4.187,123.477,0.0
S006,92,Q463,AGGREGATE FUNCTIONS,0.577,0,0.264,30.914,123.741,0.0
S006,93,Q407,ORDER BY,0.241,0,0.568,37.482,124.309,0.0
S006,94,Q088,INDEXING,0.69,0,2.034,58.9,126.342,0.0
S006,95,Q170,TRIGGERS,0.682,0,0.961,30.252,127.303,0.0
S006,96,Q347,FOREIGN KEY,0.405,1,0.454,24.274,127.757,0.06
S006,97,Q109,AGGREGATE FUNCTIONS,0.581,0,0.798,4.814,128.555,0.0
S006,98,Q296,VIEWS,0.472,0,1.413,6.491,129.968,0.0
S006,99,Q343,VIEWS,0.483,1,0.573,0.573,130.54,0.06
S006,100,Q092,GROUP BY,0.355,0,1.372,46.966,131.912,0.0
S007,1,Q025,LEFT JOIN,0.627,1,0.576,0.576,0.576,0.507
S007,2,Q331,STORED PROCEDURES,0.731,1,0.505,1.081,1.081,0.4036
S007,3,Q429,WHERE,0.391,1,0.576,1.657,1.657,0.4932
S007,4,Q259,JOINS,0.641,0,0.287,1.944,1.944,0.2888
S007,5,Q152,PRIMARY KEY,0.249,0,0.047,1.991,1.991,0.2296
S007,6,Q372,INDEXING,0.498,0,0.785,2.776,2.776,0.3421
S007,7,Q190,SUBQUERIES,0.738,0,1.541,4.317,4.317,0.209
S007,8,Q433,TRANSACTIONS,0.619,0,2.967,7.284,7.284,0.0986
S007,9,Q345,ORDER BY,0.246,0,0.57,7.854,7.854,0.1944
S007,10,Q407,ORDER BY,0.241,1,0.842,0.842,8.696,0.2418
S007,11,Q499,FOREIGN KEY,0.458,0,0.443,9.139,9.139,0.1137
S007,12,Q481,TRIGGERS,0.686,0,0.47,9.609,9.609,0.3195
S007,13,Q439,HAVING,0.648,0,0.729,10.338,10.338,0.1018
S007,14,Q045,WHERE,0.224,1,1.33,10.011,11.668,0.403
S007,15,Q352,AGGREGATE FUNCTIONS,0.46,0,2.672,14.339,14.339,0.2394
S007,16,Q287,VIEWS,0.513,0,0.283,14.622,14.622,0.0
S007,17,Q244,LEFT JOIN,0.512,0,1.298,15.343,15.92,0.2519
S007,18,Q381,WHERE,0.339,1,2.506,6.758,18.426,0.3617
S007,19,Q191,SELECT,0.285,0,2.987,21.412,21.412,0.1223
S007,20,Q154,INDEXING,0.465,0,4.049,22.686,25.462,0.0
S007,21,Q099,STORED PROCEDURES,0.827,0,1.223,25.603,26.684,0.0
S007,22,Q261,NORMALIZATION,0.767,0,1.247,27.931,27.931,0.0
S007,23,Q258,SELECT,0.206,0,2.54,9.059,30.471,0.0
S007,24,Q109,AGGREGATE FUNCTIONS,0.581,0,1.91,18.042,32.382,0.0
S007,25,Q008,JOINS,0.4,0,1.526,31.964,33.908,0.0
S007,26,Q256,ORDER BY,0.346,0,3.415,28.627,37.323,0.0
S007,27,Q099,STORED PROCEDURES,0.827,0,3.503,14.142,40.826,0.0
S007,28,Q164,PRIMARY KEY,0.249,1,1.04,39.875,41.866,0.06
S007,29,Q074,VIEWS,0.476,0,3.641,30.885,45.507,0.0
S007,30,Q199,UNION,0.466,0,0.562,46.069,46.069,0.0
S007,31,Q279,FOREIGN KEY,0.269,1,1.453,38.382,47.522,0.06
S007,32,Q341,NORMALIZATION,0.653,0,4.09,23.68,51.611,0.0
S007,33,Q179,ORDER BY,0.262,0,3.261,17.55,54.873,0.0
S007,34,Q287,VIEWS,0.513,0,5.056,14.422,59.929,0.0
S007,35,Q209,STORED PROCEDURES,0.739,1,0.302,19.405,60.231,0.06
S007,36,Q122,INDEXING,0.478,0,1.284,36.053,61.515,0.0
S007,37,Q070,HAVING,0.608,0,0.686,51.863,62.201,0.0
S007,38,Q075,UNION,0.426,1,1.554,17.686,63.755,0.06
S007,39,Q467,TRIGGERS,0.624,0,0.762,54.908,64.517,0.0
S007,40,Q382,LEFT JOIN,0.543,1,0.332,48.929,64.849,0.06
S007,41,Q216,HAVING,0.472,1,2.616,5.265,67.465,0.06
S007,42,Q492,ORDER BY,0.258,1,3.409,16.002,70.875,0.06
S007,43,Q433,TRANSACTIONS,0.619,0,1.608,65.199,72.483,0.0
S007,44,Q030,GROUP BY,0.529,0,0.622,73.105,73.105,0.0
S007,45,Q111,TRANSACTIONS,0.674,1,0.467,1.088,73.571,0.06
S007,46,Q210,GROUP BY,0.475,1,0.572,1.039,74.143,0.06
S007,47,Q042,SUBQUERIES,0.658,1,1.184,71.01,75.327,0.06
S007,48,Q007,WHERE,0.38,1,2.92,59.822,78.247,0.06
S007,49,Q409,FOREIGN KEY,0.381,0,3.643,34.368,81.89,0.0
S007,50,Q134,ORDER BY,0.387,0,1.721,12.736,83.611,0.0
S007,51,Q337,FOREIGN KEY,0.341,0,1.66,3.381,85.271,0.0
S007,52,Q383,PRIMARY KEY,0.392,0,0.192,43.597,85.462,0.0
S007,53,Q387,UNION,0.384,0,0.292,22.0,85.755,0.0
S007,54,Q435,NORMALIZATION,0.623,0,4.567,38.71,90.322,0.0
S007,55,Q184,HAVING,0.542,1,0.403,23.26,90.725,0.06
S007,56,Q179,ORDER BY,0.262,0,4.371,11.485,95.096,0.0
S007,57,Q059,PRIMARY KEY,0.219,1,2.439,12.072,97.535,0.06
S007,58,Q157,TRIGGERS,0.69,0,2.032,35.05,99.567,0.0
S007,59,Q196,STORED PROCEDURES,0.722,0,1.471,40.807,101.038,0.0
S007,60,Q237,SUBQUERIES,0.801,0,0.083,25.793,101.121,0.0
S007,61,Q219,VIEWS,0.56,0,0.368,41.56,101.489,0.0
S007,62,Q087,JOINS,0.52,1,0.276,67.858,101.765,0.06
S007,63,Q373,AGGREGATE FUNCTIONS,0.326,0,1.516,70.9,103.282,0.0
S007,64,Q165,NORMALIZATION,0.71,0,1.073,14.033,104.355,0.0
S007,65,Q227,NORMALIZATION,0.525,1,2.363,2.363,106.718,0.06
S007,66,Q003,INNER JOIN,0.484,0,1.854,108.572,108.572,0.0
S007,67,Q116,ORDER BY,0.363,1,0.949,14.424,109.521,0.06
S007,68,Q317,NORMALIZATION,0.619,1,0.676,3.479,110.197,0.0678
S007,69,Q024,VIEWS,0.478,0,0.225,8.933,110.422,0.0
S007,70,Q206,SUBQUERIES,0.557,0,0.592,9.893,111.014,0.0
S007,71,Q027,GROUP BY,0.405,0,1.705,38.576,112.719,0.0
S007,72,Q264,TRANSACTIONS,0.523,0,1.782,40.93,114.501,0.0
S007,73,Q461,RIGHT JOIN,0.484,1,0.531,115.033,115.033,0.06
S007,74,Q352,AGGREGATE FUNCTIONS,0.46,1,1.311,13.062,116.343,0.06
S007,75,Q372,INDEXING,0.498,1,1.179,56.007,117.522,0.06
S007,76,Q446,NORMALIZATION,0.718,0,0.443,7.768,117.965,0.0
S007,77,Q349,PRIMARY KEY,0.216,0,1.103,21.533,119.067,0.0
S007,78,Q477,TRIGGERS,0.655,0,0.051,19.551,119.118,0.0
S007,79,Q409,FOREIGN KEY,0.381,1,0.223,34.071,119.342,0.06
S007,80,Q310,WHERE,0.401,0,0.964,42.058,120.305,0.0
S007,81,Q089,RIGHT JOIN,0.546,0,1.357,6.63,121.662,0.0
S007,82,Q085,VIEWS,0.618,1,0.793,12.034,122.456,0.06
S007,83,Q485,GROUP BY,0.405,1,2.574,12.311,125.03,0.06
S007,84,Q113,ORDER BY,0.443,0,0.222,15.731,125.252,0.0
S007,85,Q130,INDEXING,0.534,0,4.007,11.736,129.258,0.0
S007,86,Q350,TRIGGERS,0.764,1,1.36,11.5,130.618,0.06
S007,87,Q325,AGGREGATE FUNCTIONS,0.474,0,0.451,14.726,131.069,0.0
S007,88,Q307,VIEWS,0.44,0,0.084,8.698,131.153,0.0
S007,89,Q197,SELECT,0.265,0,2.972,103.654,134.125,0.0
S007,90,Q363,NORMALIZATION,0.675,1,3.698,19.858,137.823,0.06
S007,91,Q278,INDEXING,0.499,1,2.591,11.155,140.413,0.06
S007,92,Q251,TRIGGERS,0.583,1,0.105,9.9,140.518,0.06
S007,93,Q449,HAVING,0.677,1,0.396,50.189,140.914,0.06
S007,94,Q132,VIEWS,0.698,0,1.077,10.838,141.991,0.0
S007,95,Q171,HAVING,0.455,1,2.044,3.121,144.035,0.0732
S007,96,Q106,TRIGGERS,0.768,0,0.176,3.693,144.211,0.0
S007,97,Q070,HAVING,0.608,0,0.171,0.347,144.383,0.043
S007,98,Q370,SELECT,0.152,0,0.316,10.574,144.699,0.0
S007,99,Q013,NORMALIZATION,0.686,0,0.127,7.003,144.826,0.0
S007,100,Q113,ORDER BY,0.443,1,0.881,20.455,145.707,0.06
S008,1,Q426,JOINS,0.626,1,3.149,3.149,3.149,0.4847
S008,2,Q182,NORMALIZATION,0.512,1,0.015,3.164,3.164,0.2597
S008,3,Q314,NORMALIZATION,0.631,1,0.058,0.058,3.221,0.3189
S008,4,Q146,RIGHT JOIN,0.661,1,6.502,9.724,9.724,0.2773
S008,5,Q470,AGGREGATE FUNCTIONS,0.49,1,2.288,12.012,12.012,0.3
S008,6,Q305,UNION,0.595,0,2.923,14.935,14.935,0.1074
S008,7,Q405,LEFT JOIN,0.648,1,1.147,16.082,16.082,0.2174
S008,8,Q431,JOINS,0.561,0,0.775,13.709,16.857,0.2541
S008,9,Q179,ORDER BY,0.262,1,0.028,16.885,16.885,0.06
S008,10,Q411,SUBQUERIES,0.668,0,0.001,16.886,16.886,0.1811
S008,11,Q241,STORED PROCEDURES,0.818,0,0.221,17.107,17.107,0.0
S008,12,Q455,FOREIGN KEY,0.309,0,0.311,17.418,17.418,0.0
S008,13,Q439,HAVING,0.648,0,0.38,17.798,17.798,0.0629
S008,14,Q477,TRIGGERS,0.655,1,3.13,20.928,20.928,0.2251
S008,15,Q413,LEFT JOIN,0.513,0,2.006,6.851,22.934,0.0896
S008,16,Q449,HAVING,0.677,0,4.599,9.735,27.533,0.0
S008,17,Q247,PRIMARY KEY,0.388,0,7.621,35.154,35.154,0.0
S008,18,Q471,STORED PROCEDURES,0.749,0,0.269,18.316,35.423,0.0
S008,19,Q278,INDEXING,0.499,0,1.898,37.322,37.322,0.0
S008,20,Q057,INNER JOIN,0.473,1,0.11,37.431,37.431,0.06
S008,21,Q381,WHERE,0.339,1,0.066,37.497,37.497,0.06
S008,22,Q198,TRIGGERS,0.796,1,0.122,16.69,37.619,0.06
S008,23,Q219,VIEWS,0.56,0,2.008,39.627,39.627,0.0
S008,24,Q379,JOINS,0.693,0,2.886,25.655,42.513,0.0
S008,25,Q336,RIGHT JOIN,0.557,1,0.184,32.973,42.697,0.06
S008,26,Q192,PRIMARY KEY,0.241,1,3.599,11.141,46.296,0.06
S008,27,Q023,NORMALIZATION,0.552,0,5.929,49.003,52.224,0.0
S008,28,Q108,SELECT,0.311,0,0.512,52.736,52.736,0.0
S008,29,Q452,RIGHT JOIN,0.577,0,2.107,12.146,54.843,0.0
S008,30,Q096,LEFT JOIN,0.516,0,1.763,33.672,56.606,0.0
S008,31,Q125,JOINS,0.518,1,0.889,14.982,57.495,0.06
S008,32,Q150,PRIMARY KEY,0.22,0,2.018,13.217,59.512,0.0
S008,33,Q438,GROUP BY,0.565,0,0.189,59.701,59.701,0.0
S008,34,Q211,GROUP BY,0.403,0,0.711,0.711,60.412,0.0
S008,35,Q279,FOREIGN KEY,0.269,0,4.518,47.512,64.93,0.0
S008,36,Q335,JOINS,0.436,0,4.607,12.042,69.537,0.0
S008,37,Q463,AGGREGATE FUNCTIONS,0.577,1,1.804,59.329,71.341,0.06
S008,38,Q219,VIEWS,0.56,0,4.428,36.142,75.769,0.0
S008,39,Q055,INNER JOIN,0.493,0,2.65,40.988,78.42,0.0
S008,40,Q294,HAVING,0.618,0,0.721,51.607,79.141,0.0
S008,41,Q154,INDEXING,0.465,0,2.191,44.01,81.332,0.0
S008,42,Q413,LEFT JOIN,0.513,1,0.237,24.963,81.569,0.06
S008,43,Q151,INNER JOIN,0.5,1,2.054,5.203,83.623,0.06
S008,44,Q287,VIEWS,0.513,0,2.477,10.331,86.1,0.0
S008,45,Q001,INNER JOIN,0.589,0,1.238,3.715,87.338,0.0
S008,46,Q006,ORDER BY,0.205,0,0.66,71.113,87.998,0.0
S008,47,Q226,TRANSACTIONS,0.672,0,1.751,89.749,89.749,0.0
S008,48,Q444,PRIMARY KEY,0.235,0,0.213,30.45,89.962,0.0
S008,49,Q191,SELECT,0.285,0,1.608,38.834,91.57,0.0
S008,50,Q204,TRIGGERS,0.735,0,1.378,55.33,92.948,0.0
S008,51,Q015,ORDER BY,0.415,0,2.136,7.087,95.085,0.0
S008,52,Q320,SUBQUERIES,0.828,0,0.95,79.148,96.034,0.0
S008,53,Q130,INDEXING,0.534,0,0.713,15.415,96.747,0.0
S008,54,Q013,NORMALIZATION,0.686,0,0.63,45.153,97.377,0.0
S008,55,Q278,INDEXING,0.499,0,0.113,0.742,97.489,0.0
S008,56,Q203,FOREIGN KEY,0.255,0,0.086,32.645,97.575,0.0
S008,57,Q427,HAVING,0.634,0,0.137,18.571,97.712,0.0
S008,58,Q344,SELECT,0.171,0,0.239,6.381,97.951,0.0
S008,59,Q145,VIEWS,0.655,1,0.395,12.246,98.346,0.06
S008,60,Q352,AGGREGATE FUNCTIONS,0.46,0,0.992,27.997,99.338,0.0
S008,61,Q137,ORDER BY,0.445,0,0.63,4.883,99.968,0.0
S008,62,Q306,UNION,0.518,0,5.065,90.098,105.033,0.0
S008,63,Q203,FOREIGN KEY,0.255,0,0.412,7.869,105.445,0.0
S008,64,Q413,LEFT JOIN,0.513,0,1.211,25.087,106.656,0.0
S008,65,Q274,STORED PROCEDURES,0.63,0,1.958,73.19,108.614,0.0
S008,66,Q045,WHERE,0.224,0,0.596,71.712,109.209,0.0
S008,67,Q433,TRANSACTIONS,0.619,0,0.183,19.643,109.392,0.0
S008,68,Q404,SELECT,0.335,0,1.312,12.754,110.705,0.0
S008,69,Q108,SELECT,0.311,0,0.076,0.076,110.781,0.0
S008,70,Q271,UNION,0.382,1,0.366,6.115,111.147,0.06
S008,71,Q346,NORMALIZATION,0.661,0,3.774,17.544,114.921,0.0
S008,72,Q154,INDEXING,0.465,0,0.455,17.887,115.376,0.0
S008,73,Q480,STORED PROCEDURES,0.638,0,1.007,7.77,116.384,0.0
S008,74,Q298,TRIGGERS,0.632,0,1.21,24.645,117.593,0.0
S008,75,Q076,WHERE,0.378,0,2.505,10.889,120.099,0.0
S008,76,Q363,NORMALIZATION,0.675,1,2.387,7.564,122.485,0.06
S008,77,Q200,SELECT,0.313,1,2.369,14.073,124.855,0.06
S008,78,Q263,GROUP BY,0.516,0,0.622,65.065,125.476,0.0
S008,79,Q408,HAVING,0.471,0,2.797,30.561,128.273,0.0
S008,80,Q049,HAVING,0.692,0,0.03,0.03,128.303,0.0
S008,81,Q144,SUBQUERIES,0.813,0,0.898,33.167,129.201,0.0
S008,82,Q348,FOREIGN KEY,0.366,0,1.448,25.205,130.649,0.0
S008,83,Q071,SUBQUERIES,0.651,0,2.076,3.524,132.725,0.0
S008,84,Q090,JOINS,0.609,0,1.361,64.549,134.086,0.0
S008,85,Q121,VIEWS,0.492,0,0.988,36.729,135.075,0.0
S008,86,Q436,PRIMARY KEY,0.38,0,1.137,46.25,136.211,0.0
S008,87,Q002,NORMALIZATION,0.72,0,0.836,14.562,137.047,0.0
S008,88,Q140,STORED PROCEDURES,0.717,0,4.909,25.573,141.956,0.0
S008,89,Q078,VIEWS,0.48,0,0.436,7.318,142.392,0.0
S008,90,Q282,WHERE,0.221,0,1.073,23.366,143.465,0.0
S008,91,Q424,SELECT,0.283,1,0.06,18.671,143.525,0.06
S008,92,Q079,WHERE,0.326,0,0.609,0.669,144.134,0.0
S008,93,Q304,ORDER BY,0.33,0,1.2,45.366,145.334,0.0
S008,94,Q187,HAVING,0.52,0,4.188,21.219,149.523,0.0
S008,95,Q296,VIEWS,0.472,1,2.203,9.333,151.725,0.06
S008,96,Q272,LEFT JOIN,0.451,1,0.555,45.625,152.281,0.06
S008,97,Q238,VIEWS,0.43,1,0.106,0.662,152.387,0.1101
S008,98,Q278,INDEXING,0.499,1,0.172,37.182,152.559,0.06
S008,99,Q246,VIEWS,0.684,0,1.364,1.536,153.923,0.062
S008,100,Q071,SUBQUERIES,0.651,0,1.216,22.414,155.139,0.0
S009,1,Q084,GROUP BY,0.374,1,3.056,3.056,3.056,0.5026
S009,2,Q304,ORDER BY,0.33,0,0.66,3.717,3.717,0.3837
S009,3,Q143,WHERE,0.264,0,0.844,4.561,4.561,0.1634
S009,4,Q023,NORMALIZATION,0.552,0,2.334,6.895,6.895,0.1295
S009,5,Q387,UNION,0.384,0,0.328,7.223,7.223,0.2335
S009,6,Q405,LEFT JOIN,0.648,1,2.068,9.29,9.29,0.3666
S009,7,Q422,TRIGGERS,0.65,0,2.927,12.218,12.218,0.0265
S009,8,Q035,PRIMARY KEY,0.235,1,0.549,12.766,12.766,0.2955
S009,9,Q266,FOREIGN KEY,0.324,0,3.992,16.759,16.759,0.0012
S009,10,Q238,VIEWS,0.43,1,1.14,17.898,17.898,0.0895
S009,11,Q401,UNION,0.473,0,0.194,10.869,18.092,0.0455
S009,12,Q371,JOINS,0.51,0,0.987,19.08,19.08,0.1525
S009,13,Q426,JOINS,0.626,0,0.273,0.273,19.352,0.1234
S009,14,Q214,INDEXING,0.488,0,3.429,22.782,22.782,0.0
S009,15,Q019,RIGHT JOIN,0.455,1,3.838,26.62,26.62,0.06
S009,16,Q354,JOINS,0.56,0,0.305,7.572,26.925,0.0
S009,17,Q267,SELECT,0.307,0,1.465,28.389,28.389,0.0
S009,18,Q329,LEFT JOIN,0.609,0,0.786,19.885,29.176,0.0434
S009,19,Q124,FOREIGN KEY,0.397,0,1.099,13.516,30.274,0.0
S009,20,Q212,RIGHT JOIN,0.621,1,0.447,4.101,30.721,0.06
S009,21,Q362,RIGHT JOIN,0.6,1,0.86,0.86,31.581,0.1071
S009,22,Q438,GROUP BY,0.565,1,2.079,30.603,33.66,0.1035
S009,23,Q236,NORMALIZATION,0.543,1,0.639,27.404,34.299,0.06
S009,24,Q216,HAVING,0.472,0,0.736,35.035,35.035,0.0
S009,25,Q410,GROUP BY,0.445,0,2.004,3.38,37.039,0.0278
S009,26,Q044,RIGHT JOIN,0.637,1,0.57,6.028,37.609,0.0767
S009,27,Q446,NORMALIZATION,0.718,0,0.018,3.328,37.627,0.0
S009,28,Q242,WHERE,0.22,0,0.098,33.164,37.725,0.0
S009,29,Q120,LEFT JOIN,0.655,0,5.388,13.938,43.113,0.0
S009,30,Q341,NORMALIZATION,0.653,0,0.496,5.982,43.609,0.0
S009,31,Q289,WHERE,0.209,0,0.841,6.725,44.45,0.0
S009,32,Q313,WHERE,0.359,1,0.915,0.915,45.365,0.06
S009,33,Q298,TRIGGERS,0.632,0,0.325,33.473,45.69,0.0
S009,34,Q180,INDEXING,0.498,1,0.712,23.621,46.403,0.06
S009,35,Q025,LEFT JOIN,0.627,0,0.19,3.48,46.593,0.0
S009,36,Q180,INDEXING,0.498,0,0.83,1.02,47.423,0.0197
S009,37,Q287,VIEWS,0.513,0,0.069,29.594,47.492,0.0
S009,38,Q213,ORDER BY,0.448,0,0.433,44.209,47.926,0.0
S009,39,Q229,TRANSACTIONS,0.702,0,0.061,47.987,47.987,0.0
S009,40,Q370,SELECT,0.152,1,0.637,20.235,48.624,0.06
S009,41,Q254,TRANSACTIONS,0.536,0,0.569,1.206,49.193,0.0
S009,42,Q172,RIGHT JOIN,0.657,0,0.395,11.978,49.587,0.0
S009,43,Q177,INDEXING,0.605,1,5.084,7.249,54.672,0.06
S009,44,Q164,PRIMARY KEY,0.249,0,1.09,42.996,55.762,0.0
S009,45,Q089,RIGHT JOIN,0.546,0,0.504,6.678,56.266,0.0
S009,46,Q229,TRANSACTIONS,0.702,0,0.514,7.587,56.78,0.0
S009,47,Q251,TRIGGERS,0.583,0,0.497,11.586,57.276,0.0
S009,48,Q280,JOINS,0.685,0,0.815,31.167,58.091,0.0
S009,49,Q018,FOREIGN KEY,0.452,0,3.659,31.476,61.751,0.0
S009,50,Q414,TRIGGERS,0.737,0,0.099,4.573,61.85,0.0
S009,51,Q259,JOINS,0.641,0,2.866,6.625,64.716,0.0
S009,52,Q250,INNER JOIN,0.477,1,2.09,66.806,66.806,0.06
S009,53,Q108,SELECT,0.311,0,4.973,23.155,71.779,0.0
S009,54,Q470,AGGREGATE FUNCTIONS,0.49,0,1.781,73.56,73.56,0.0
S009,55,Q391,ORDER BY,0.213,0,4.045,29.679,77.605,0.0
S009,56,Q016,INNER JOIN,0.401,1,0.054,10.853,77.659,0.06
S009,57,Q329,LEFT JOIN,0.609,1,0.782,31.848,78.441,0.06
S009,58,Q005,GROUP BY,0.393,1,0.32,41.722,78.761,0.06
S009,59,Q169,VIEWS,0.52,0,0.211,31.48,78.972,0.0
S009,60,Q362,RIGHT JOIN,0.6,0,0.97,23.676,79.942,0.0
S009,61,Q412,LEFT JOIN,0.536,0,1.692,3.194,81.635,0.0
S009,62,Q240,LEFT JOIN,0.422,0,0.252,0.252,81.887,0.0
S009,63,Q388,FOREIGN KEY,0.322,1,0.384,20.52,82.271,0.06
S009,64,Q421,JOINS,0.5,0,8.109,25.664,90.38,0.0
S009,65,Q237,SUBQUERIES,0.801,1,0.24,90.62,90.62,0.06
S009,66,Q424,SELECT,0.283,1,0.346,19.187,90.966,0.06
S009,67,Q478,VIEWS,0.411,0,2.198,14.193,93.165,0.0
S009,68,Q336,RIGHT JOIN,0.557,0,2.48,15.702,95.645,0.0
S009,69,Q300,VIEWS,0.627,1,0.885,3.365,96.53,0.06
S009,70,Q496,NORMALIZATION,0.716,0,0.057,52.978,96.587,0.0
S009,71,Q325,AGGREGATE FUNCTIONS,0.474,0,3.667,26.694,100.254,0.0
S009,72,Q312,WHERE,0.288,1,0.193,55.082,100.447,0.06
S009,73,Q226,TRANSACTIONS,0.672,1,2.088,45.755,102.535,0.06
S009,74,Q368,WHERE,0.261,0,2.515,4.603,105.05,0.0
S009,75,Q422,TRIGGERS,0.65,0,0.484,43.684,105.534,0.0
S009,76,Q056,GROUP BY,0.622,1,1.481,28.254,107.015,0.06
S009,77,Q307,VIEWS,0.44,1,0.344,10.829,107.359,0.06
S009,78,Q166,LEFT JOIN,0.618,0,0.557,26.029,107.916,0.0
S009,79,Q182,NORMALIZATION,0.512,0,0.499,11.827,108.415,0.0
S009,80,Q004,AGGREGATE FUNCTIONS,0.438,0,3.761,11.922,112.176,0.0
S009,81,Q292,HAVING,0.7,0,5.634,82.774,117.809,0.0
S009,82,Q420,INNER JOIN,0.385,1,1.487,41.637,119.296,0.06
S009,83,Q309,HAVING,0.586,1,0.299,1.786,119.595,0.06
S009,84,Q063,UNION,0.406,0,1.59,103.093,121.185,0.0
S009,85,Q462,TRANSACTIONS,0.661,0,0.751,19.401,121.936,0.0
S009,86,Q429,WHERE,0.391,0,0.417,17.302,122.353,0.0
S009,87,Q336,RIGHT JOIN,0.557,0,0.09,26.798,122.443,0.0
S009,88,Q234,HAVING,0.621,0,0.692,3.539,123.135,0.0
S009,89,Q273,GROUP BY,0.489,0,0.766,16.886,123.901,0.0
S009,90,Q419,LEFT JOIN,0.469,1,1.291,17.276,125.192,0.06
S009,91,Q090,JOINS,0.609,0,1.366,36.178,126.558,0.0
S009,92,Q150,PRIMARY KEY,0.22,0,0.121,70.917,126.679,0.0
S009,93,Q324,WHERE,0.282,0,1.054,5.38,127.733,0.0
S009,94,Q472,INNER JOIN,0.643,1,0.211,8.647,127.944,0.06
S009,95,Q239,INNER JOIN,0.478,1,0.689,0.689,128.633,0.1097
S009,96,Q051,FOREIGN KEY,0.373,1,1.084,47.446,129.716,0.06
S009,97,Q177,INDEXING,0.605,0,1.895,76.94,131.611,0.0
S009,98,Q367,HAVING,0.509,0,1.895,10.372,133.507,0.0
S009,99,Q464,INNER JOIN,0.454,0,0.967,5.841,134.473,0.0
S009,100,Q420,INNER JOIN,0.385,1,2.122,2.122,136.595,0.06
S010,1,Q114,STORED PROCEDURES,0.598,0,2.981,2.981,2.981,0.2724
S010,2,Q305,UNION,0.595,0,0.177,3.158,3.158,0.1798
S010,3,Q196,STORED PROCEDURES,0.722,0,3.153,3.329,6.31,0.1974
S010,4,Q343,VIEWS,0.483,0,0.259,6.569,6.569,0.289
S010,5,Q151,INNER JOIN,0.5,0,5.355,11.924,11.924,0.2482
S010,6,Q463,AGGREGATE FUNCTIONS,0.577,1,1.048,12.972,12.972,0.3021
S010,7,Q403,UNION,0.464,0,0.546,10.36,13.518,0.0
S010,8,Q062,JOINS,0.537,1,1.08,14.598,14.598,0.1707
S010,9,Q019,RIGHT JOIN,0.455,0,0.957,15.555,15.555,0.0
S010,10,Q428,SELECT,0.158,0,0.117,15.672,15.672,0.0
S010,11,Q194,VIEWS,0.66,1,0.63,9.733,16.302,0.203
S010,12,Q042,SUBQUERIES,0.658,0,0.599,16.901,16.901,0.1476
S010,13,Q378,AGGREGATE FUNCTIONS,0.56,1,0.925,4.854,17.826,0.2892
S010,14,Q444,PRIMARY KEY,0.235,0,1.834,19.661,19.661,0.1113
S010,15,Q193,INDEXING,0.643,0,1.912,21.573,21.573,0.0827
S010,16,Q085,VIEWS,0.618,0,2.178,7.448,23.75,0.0663
S010,17,Q145,VIEWS,0.655,0,2.234,2.234,25.985,0.0078
S010,18,Q479,INDEXING,0.619,1,0.803,5.215,26.787,0.0645
S010,19,Q171,HAVING,0.455,1,0.041,26.828,26.828,0.06
S010,20,Q161,SELECT,0.357,0,0.178,11.334,27.007,0.0
S010,21,Q446,NORMALIZATION,0.718,0,0.851,27.857,27.857,0.0
S010,22,Q378,AGGREGATE FUNCTIONS,0.56,0,0.433,10.464,28.29,0.1073
S010,23,Q313,WHERE,0.359,0,3.366,31.656,31.656,0.0
S010,24,Q021,NORMALIZATION,0.705,0,4.361,8.16,36.017,0.0
S010,25,Q238,VIEWS,0.43,0,1.067,11.099,37.084,0.0
S010,26,Q182,NORMALIZATION,0.512,0,3.317,4.384,40.401,0.0
S010,27,Q277,TRANSACTIONS,0.681,0,1.301,41.701,41.701,0.0
S010,28,Q093,ORDER BY,0.402,1,2.603,44.304,44.304,0.06
S010,29,Q237,SUBQUERIES,0.801,0,0.085,27.488,44.389,0.0
S010,30,Q233,INNER JOIN,0.649,1,0.89,33.355,45.279,0.06
S010,31,Q237,SUBQUERIES,0.801,0,1.071,1.962,46.35,0.0
S010,32,Q436,PRIMARY KEY,0.38,1,0.184,26.874,46.534,0.06
S010,33,Q184,HAVING,0.542,1,5.097,24.803,51.631,0.06
S010,34,Q371,JOINS,0.51,0,0.449,37.483,52.08,0.0
S010,35,Q201,AGGREGATE FUNCTIONS,0.359,1,0.009,23.799,52.09,0.06
S010,36,Q211,GROUP BY,0.403,0,1.708,53.797,53.797,0.0
S010,37,Q042,SUBQUERIES,0.658,0,4.857,12.303,58.654,0.0
S010,38,Q017,INNER JOIN,0.354,0,0.037,13.411,58.69,0.0
S010,39,Q062,JOINS,0.537,1,1.771,8.381,60.461,0.06
S010,40,Q423,TRANSACTIONS,0.738,1,3.028,21.788,63.489,0.06
S010,41,Q455,FOREIGN KEY,0.309,0,1.143,64.633,64.633,0.0
S010,42,Q429,WHERE,0.391,0,0.086,33.063,64.719,0.0
S010,43,Q158,VIEWS,0.411,0,1.035,28.67,65.753,0.0
S010,44,Q457,SELECT,0.367,0,0.475,39.222,66.229,0.0
S010,45,Q325,AGGREGATE FUNCTIONS,0.474,1,1.086,15.225,67.315,0.06
S010,46,Q268,ORDER BY,0.425,1,0.215,23.225,67.529,0.06
S010,47,Q203,FOREIGN KEY,0.255,0,0.28,3.177,67.81,0.0
S010,48,Q335,JOINS,0.436,0,0.044,7.392,67.854,0.0
S010,49,Q412,LEFT JOIN,0.536,1,0.993,68.847,68.847,0.06
S010,50,Q214,INDEXING,0.488,0,2.389,44.449,71.236,0.0
S010,51,Q148,SUBQUERIES,0.793,0,0.408,12.99,71.644,0.0
S010,52,Q129,SELECT,0.199,0,0.404,5.819,72.048,0.0
S010,53,Q096,LEFT JOIN,0.516,0,1.567,4.769,73.615,0.0
S010,54,Q146,RIGHT JOIN,0.661,0,2.795,60.855,76.41,0.0
S010,55,Q220,TRANSACTIONS,0.748,0,2.986,15.907,79.396,0.0
S010,56,Q477,TRIGGERS,0.655,0,0.42,79.816,79.816,0.0
S010,57,Q479,INDEXING,0.619,0,1.899,10.479,81.715,0.0
S010,58,Q402,AGGREGATE FUNCTIONS,0.582,0,0.211,14.612,81.926,0.0
S010,59,Q393,HAVING,0.419,0,3.027,33.322,84.953,0.0
S010,60,Q255,RIGHT JOIN,0.673,0,1.373,9.916,86.326,0.0
S010,61,Q398,AGGREGATE FUNCTIONS,0.442,1,0.642,5.041,86.968,0.06
S010,62,Q468,INNER JOIN,0.4,1,0.585,28.863,87.553,0.06
S010,63,Q194,VIEWS,0.66,0,1.12,22.92,88.673,0.0
S010,64,Q279,FOREIGN KEY,0.269,0,0.191,21.054,88.864,0.0
S010,65,Q311,INNER JOIN,0.391,0,0.076,1.387,88.94,0.0142
S010,66,Q001,INNER JOIN,0.589,0,2.063,2.063,91.003,0.0
S010,67,Q106,TRIGGERS,0.768,0,0.58,11.767,91.583,0.0
S010,68,Q358,INNER JOIN,0.377,0,2.165,2.745,93.748,0.0
S010,69,Q450,LEFT JOIN,0.595,0,0.882,21.015,94.631,0.0
S010,70,Q122,INDEXING,0.478,0,2.315,15.231,96.946,0.0
S010,71,Q297,RIGHT JOIN,0.489,0,1.888,12.508,98.834,0.0
S010,72,Q487,SUBQUERIES,0.631,0,1.695,28.884,100.528,0.0
S010,73,Q486,INNER JOIN,0.576,0,6.456,13.236,106.984,0.0
S010,74,Q418,WHERE,0.336,0,2.764,45.03,109.749,0.0
S010,75,Q178,HAVING,0.584,0,0.81,25.606,110.559,0.0
S010,76,Q003,INNER JOIN,0.484,1,0.215,3.79,110.774,0.06
S010,77,Q067,TRANSACTIONS,0.606,0,0.107,31.485,110.882,0.0
S010,78,Q145,VIEWS,0.655,0,1.452,23.661,112.334,0.0
S010,79,Q004,AGGREGATE FUNCTIONS,0.438,1,0.141,25.507,112.475,0.06
S010,80,Q052,RIGHT JOIN,0.663,0,0.36,14.001,112.835,0.0
S010,81,Q458,TRIGGERS,0.727,0,0.011,21.263,112.846,0.0
S010,82,Q277,TRANSACTIONS,0.681,1,0.744,2.708,113.59,0.06
S010,83,Q443,AGGREGATE FUNCTIONS,0.346,0,0.813,1.928,114.403,0.0061
S010,84,Q357,INNER JOIN,0.447,0,0.106,3.734,114.508,0.0
S010,85,Q479,INDEXING,0.619,0,0.468,18.03,114.976,0.0
S010,86,Q461,RIGHT JOIN,0.484,1,2.931,5.072,117.907,0.06
S010,87,Q155,TRIGGERS,0.651,0,1.551,6.612,119.458,0.0
S010,88,Q241,STORED PROCEDURES,0.818,0,0.094,113.242,119.553,0.0
S010,89,Q249,TRIGGERS,0.783,0,2.256,2.35,121.808,0.0
S010,90,Q348,FOREIGN KEY,0.366,1,1.773,34.718,123.582,0.06
S010,91,Q367,HAVING,0.509,1,0.221,13.244,123.803,0.06
S010,92,Q444,PRIMARY KEY,0.235,1,0.887,78.155,124.689,0.06
S010,93,Q084,GROUP BY,0.374,0,2.864,73.756,127.553,0.0
S010,94,Q313,WHERE,0.359,0,1.628,19.433,129.182,0.0
S010,95,Q120,LEFT JOIN,0.655,0,0.919,35.47,130.1,0.0
S010,96,Q374,RIGHT JOIN,0.474,0,1.26,13.453,131.36,0.0
S010,97,Q259,JOINS,0.641,0,0.453,63.959,131.813,0.0
S010,98,Q382,LEFT JOIN,0.543,0,3.297,5.01,135.111,0.0
S010,99,Q362,RIGHT JOIN,0.6,0,1.88,5.63,136.991,0.0
S010,100,Q031,INDEXING,0.548,0,0.398,22.412,137.388,0.0
S011,1,Q066,SELECT,0.207,1,3.981,3.981,3.981,0.456
S011,2,Q020,WHERE,0.371,1,0.585,4.566,4.566,0.4886
S011,3,Q409,FOREIGN KEY,0.381,0,1.211,5.777,5.777,0.136
S011,4,Q045,WHERE,0.224,0,3.034,4.245,8.811,0.3999
S011,5,Q091,ORDER BY,0.348,0,1.456,10.267,10.267,0.2238
S011,6,Q214,INDEXING,0.488,0,1.485,11.752,11.752,0.282
S011,7,Q369,PRIMARY KEY,0.283,0,2.697,14.449,14.449,0.0
S011,8,Q052,RIGHT JOIN,0.663,1,0.463,14.911,14.911,0.2828
S011,9,Q133,FOREIGN KEY,0.479,0,0.052,9.187,14.964,0.0
S011,10,Q373,AGGREGATE FUNCTIONS,0.326,0,3.017,17.981,17.981,0.1509
S011,11,Q320,SUBQUERIES,0.828,0,1.183,19.163,19.163,0.0
S011,12,Q176,PRIMARY KEY,0.27,0,10.438,15.153,29.601,0.0
S011,13,Q016,INNER JOIN,0.401,0,0.165,29.767,29.767,0.0
S011,14,Q156,WHERE,0.223,1,1.114,22.069,30.881,0.1288
S011,15,Q464,INNER JOIN,0.454,0,0.169,1.283,31.05,0.0
S011,16,Q181,FOREIGN KEY,0.273,1,0.207,16.293,31.257,0.06
S011,17,Q189,GROUP BY,0.364,0,0.117,31.375,31.375,0.0
S011,18,Q411,SUBQUERIES,0.668,0,0.372,12.584,31.747,0.0
S011,19,Q047,LEFT JOIN,0.482,0,0.452,32.199,32.199,0.0
S011,20,Q471,STORED PROCEDURES,0.749,1,2.582,34.781,34.781,0.06
S011,21,Q224,RIGHT JOIN,0.546,0,1.859,21.728,36.639,0.0
S011,22,Q393,HAVING,0.419,1,4.04,40.679,40.679,0.06
S011,23,Q179,ORDER BY,0.262,0,0.861,31.273,41.54,0.0
S011,24,Q064,AGGREGATE FUNCTIONS,0.397,1,1.385,24.945,42.926,0.06
S011,25,Q358,INNER JOIN,0.377,1,1.789,13.665,44.715,0.06
S011,26,Q021,NORMALIZATION,0.705,0,0.786,45.501,45.501,0.0
S011,27,Q066,SELECT,0.207,1,0.101,41.621,45.602,0.06
S011,28,Q338,FOREIGN KEY,0.333,0,3.172,17.517,48.774,0.0
S011,29,Q291,JOINS,0.608,1,1.576,50.35,50.35,0.06
S011,30,Q281,HAVING,0.584,0,2.09,11.761,52.44,0.0
S011,31,Q191,SELECT,0.285,1,0.675,7.513,53.115,0.06
S011,32,Q492,ORDER BY,0.258,1,1.347,12.922,54.462,0.06
S011,33,Q265,NORMALIZATION,0.689,0,0.835,9.796,55.297,0.0
S011,34,Q189,GROUP BY,0.364,0,4.403,28.326,59.7,0.0
S011,35,Q164,PRIMARY KEY,0.249,0,1.118,31.217,60.818,0.0
S011,36,Q326,AGGREGATE FUNCTIONS,0.323,1,3.678,21.57,64.496,0.06
S011,37,Q389,HAVING,0.552,0,0.658,12.714,65.154,0.0
S011,38,Q493,LEFT JOIN,0.431,0,1.804,34.759,66.958,0.0
S011,39,Q026,JOINS,0.462,0,0.569,17.177,67.527,0.0
S011,40,Q123,TRIGGERS,0.741,0,0.162,67.689,67.689,0.0
S011,41,Q259,JOINS,0.641,1,3.057,3.219,70.746,0.06
S011,42,Q376,HAVING,0.695,0,6.118,11.709,76.863,0.0
S011,43,Q322,TRANSACTIONS,0.638,1,1.666,78.53,78.53,0.06
S011,44,Q186,GROUP BY,0.402,0,1.276,20.105,79.806,0.0
S011,45,Q217,PRIMARY KEY,0.385,0,3.145,22.133,82.95,0.0
S011,46,Q117,RIGHT JOIN,0.503,0,1.671,47.982,84.621,0.0
S011,47,Q200,SELECT,0.313,1,3.631,35.137,88.252,0.06
S011,48,Q448,GROUP BY,0.626,0,1.913,10.359,90.165,0.0
S011,49,Q302,LEFT JOIN,0.407,0,0.864,24.072,91.029,0.0
S011,50,Q496,NORMALIZATION,0.716,0,1.31,37.042,92.34,0.0
S011,51,Q394,UNION,0.411,0,1.31,93.65,93.65,0.0
S011,52,Q084,GROUP BY,0.374,0,0.315,3.8,93.965,0.0
S011,53,Q327,INDEXING,0.496,1,1.329,83.542,95.294,0.06
S011,54,Q336,RIGHT JOIN,0.557,0,1.118,11.791,96.412,0.0
S011,55,Q159,JOINS,0.491,0,2.568,28.234,98.98,0.0
S011,56,Q073,RIGHT JOIN,0.571,1,0.501,3.069,99.482,0.06
S011,57,Q461,RIGHT JOIN,0.484,1,0.04,0.04,99.522,0.1194
S011,58,Q427,HAVING,0.634,1,2.734,25.392,102.256,0.06
S011,59,Q221,PRIMARY KEY,0.424,0,1.687,20.992,103.943,0.0
S011,60,Q164,PRIMARY KEY,0.249,1,0.501,0.501,104.444,0.06
S011,61,Q322,TRANSACTIONS,0.638,1,1.691,27.605,106.135,0.06
S011,62,Q129,SELECT,0.199,0,0.121,18.004,106.256,0.0
S011,63,Q153,LEFT JOIN,0.611,1,0.167,15.394,106.423,0.06
S011,64,Q125,JOINS,0.518,1,0.584,8.027,107.007,0.06
S011,65,Q314,NORMALIZATION,0.631,1,1.822,16.49,108.829,0.06
S011,66,Q204,TRIGGERS,0.735,0,1.676,42.816,110.505,0.0
S011,67,Q024,VIEWS,0.478,0,0.506,111.011,111.011,0.0
S011,68,Q209,STORED PROCEDURES,0.739,0,0.848,77.079,111.859,0.0
S011,69,Q237,SUBQUERIES,0.801,0,1.301,81.413,113.16,0.0
S011,70,Q046,HAVING,0.619,0,2.235,13.139,115.394,0.0
S011,71,Q448,GROUP BY,0.626,1,1.023,22.453,116.417,0.06
S011,72,Q449,HAVING,0.677,1,0.022,1.045,116.44,0.06
S011,73,Q024,VIEWS,0.478,1,1.042,6.47,117.481,0.06
S011,74,Q016,INNER JOIN,0.401,0,2.102,74.868,119.583,0.0
S011,75,Q207,WHERE,0.265,1,0.256,88.958,119.839,0.06
S011,76,Q267,SELECT,0.307,0,2.682,16.265,122.521,0.0
S011,77,Q068,ORDER BY,0.202,0,0.891,68.95,123.412,0.0
S011,78,Q394,UNION,0.411,1,0.003,29.766,123.415,0.06
S011,79,Q297,RIGHT JOIN,0.489,0,0.657,24.55,124.072,0.0
S011,80,Q315,WHERE,0.287,0,0.918,5.152,124.99,0.0
S011,81,Q049,HAVING,0.692,0,3.392,11.943,128.383,0.0
S011,82,Q079,WHERE,0.326,0,0.345,3.738,128.728,0.0
S011,83,Q416,NORMALIZATION,0.673,0,5.178,25.077,133.906,0.0
S011,84,Q164,PRIMARY KEY,0.249,0,0.317,29.779,134.223,0.0
S011,85,Q188,SUBQUERIES,0.835,0,0.313,21.376,134.536,0.0
S011,86,Q310,WHERE,0.401,0,0.613,6.421,135.149,0.0
S011,87,Q080,HAVING,0.504,1,0.825,7.591,135.974,0.06
S011,88,Q128,SELECT,0.294,0,0.826,14.28,136.8,0.0
S011,89,Q109,AGGREGATE FUNCTIONS,0.581,0,0.329,72.634,137.13,0.0
S011,90,Q164,PRIMARY KEY,0.249,0,0.136,3.043,137.266,0.0
S011,91,Q466,AGGREGATE FUNCTIONS,0.31,1,0.656,0.792,137.921,0.06
S011,92,Q022,UNION,0.499,0,0.391,14.897,138.312,0.0
S011,93,Q300,VIEWS,0.627,0,1.486,22.317,139.799,0.0
S011,94,Q310,WHERE,0.401,0,0.283,4.933,140.082,0.0
S011,95,Q188,SUBQUERIES,0.835,1,1.264,6.81,141.346,0.06
S011,96,Q462,TRANSACTIONS,0.661,0,0.627,35.838,141.973,0.0
S011,97,Q176,PRIMARY KEY,0.27,1,1.683,6.39,143.656,0.06
S011,98,Q099,STORED PROCEDURES,0.827,0,0.385,32.182,144.041,0.0
S011,99,Q435,NORMALIZATION,0.623,0,2.403,12.538,146.444,0.0
S011,100,Q211,GROUP BY,0.403,1,2.918,32.945,149.363,0.06
S012,1,Q388,FOREIGN KEY,0.322,1,1.494,1.494,1.494,0.3703
S012,2,Q247,PRIMARY KEY,0.388,0,0.122,1.616,1.616,0.3788
S012,3,Q106,TRIGGERS,0.768,1,0.895,2.511,2.511,0.2824
S012,4,Q069,LEFT JOIN,0.56,1,3.116,5.627,5.627,0.185
S012,5,Q417,VIEWS,0.67,1,0.964,6.591,6.591,0.3785
S012,6,Q062,JOINS,0.537,1,3.649,10.24,10.24,0.3668
S012,7,Q462,TRANSACTIONS,0.661,0,0.645,10.885,10.885,0.2722
S012,8,Q170,TRIGGERS,0.682,0,0.043,8.417,10.928,0.1312
S012,9,Q082,WHERE,0.333,1,0.918,11.846,11.846,0.3343
S012,10,Q231,INDEXING,0.687,1,0.402,12.248,12.248,0.1725
S012,11,Q499,FOREIGN KEY,0.458,0,3.044,13.798,15.292,0.1383
S012,12,Q102,TRANSACTIONS,0.659,1,0.026,4.432,15.317,0.2657
S012,13,Q255,RIGHT JOIN,0.673,0,0.293,15.61,15.61,0.1602
S012,14,Q313,WHERE,0.359,1,0.356,4.12,15.966,0.3325
S012,15,Q462,TRANSACTIONS,0.661,0,1.704,2.353,17.67,0.2054
S012,16,Q008,JOINS,0.4,1,1.048,8.479,18.719,0.2996
S012,17,Q374,RIGHT JOIN,0.474,0,6.697,9.805,25.416,0.0
S012,18,Q234,HAVING,0.621,0,0.268,25.684,25.684,0.0
S012,19,Q030,GROUP BY,0.529,1,0.36,26.044,26.044,0.06
S012,20,Q474,LEFT JOIN,0.551,0,0.713,21.129,26.756,0.0
S012,21,Q410,GROUP BY,0.445,0,0.765,1.478,27.521,0.0128
S012,22,Q068,ORDER BY,0.202,0,0.807,28.329,28.329,0.0
S012,23,Q300,VIEWS,0.627,0,0.222,21.96,28.551,0.0241
S012,24,Q130,INDEXING,0.534,0,0.109,16.412,28.66,0.0
S012,25,Q064,AGGREGATE FUNCTIONS,0.397,1,1.95,30.61,30.61,0.06
S012,26,Q352,AGGREGATE FUNCTIONS,0.46,1,1.03,1.03,31.64,0.1046
S012,27,Q058,AGGREGATE FUNCTIONS,0.361,1,0.098,0.098,31.738,0.1631
S012,28,Q312,WHERE,0.288,0,0.287,16.058,32.024,0.0666
S012,29,Q485,GROUP BY,0.405,0,1.04,5.543,33.064,0.0
S012,30,Q374,RIGHT JOIN,0.474,1,1.148,8.796,34.212,0.06
S012,31,Q026,JOINS,0.462,1,1.511,17.005,35.724,0.1046
S012,32,Q198,TRIGGERS,0.796,0,2.387,27.183,38.111,0.0
S012,33,Q298,TRIGGERS,0.632,1,2.52,2.52,40.631,0.06
S012,34,Q011,SUBQUERIES,0.564,0,1.491,42.122,42.122,0.0
S012,35,Q085,VIEWS,0.618,0,1.478,15.05,43.601,0.0
S012,36,Q044,RIGHT JOIN,0.637,0,3.102,12.49,46.702,0.0
S012,37,Q114,STORED PROCEDURES,0.598,0,0.635,47.338,47.338,0.0
S012,38,Q030,GROUP BY,0.529,0,1.058,15.331,48.396,0.0
S012,39,Q329,LEFT JOIN,0.609,1,0.32,21.959,48.716,0.06
S012,40,Q275,HAVING,0.692,1,0.783,23.815,49.499,0.06
S012,41,Q328,INDEXING,0.642,1,1.756,22.595,51.255,0.06
S012,42,Q480,STORED PROCEDURES,0.638,0,1.325,5.242,52.58,0.0
S012,43,Q384,JOINS,0.69,1,0.334,17.19,52.914,0.06
S012,44,Q188,SUBQUERIES,0.835,0,1.899,12.691,54.813,0.0
S012,45,Q467,TRIGGERS,0.624,1,0.47,14.653,55.284,0.06
S012,46,Q135,HAVING,0.678,0,1.332,7.116,56.615,0.0
S012,47,Q133,FOREIGN KEY,0.479,0,0.87,42.194,57.485,0.0
S012,48,Q177,INDEXING,0.605,0,0.806,7.036,58.291,0.0
S012,49,Q269,AGGREGATE FUNCTIONS,0.384,0,0.044,26.598,58.336,0.0
S012,50,Q353,PRIMARY KEY,0.417,0,1.004,57.723,59.34,0.0
S012,51,Q286,STORED PROCEDURES,0.846,0,3.641,10.401,62.981,0.0
S012,52,Q417,VIEWS,0.67,0,0.981,20.361,63.962,0.0
S012,53,Q422,TRIGGERS,0.65,1,0.516,9.194,64.478,0.06
S012,54,Q050,ORDER BY,0.39,1,0.9,37.049,65.378,0.06
S012,55,Q411,SUBQUERIES,0.668,0,1.906,12.47,67.283,0.0
S012,56,Q273,GROUP BY,0.489,0,0.935,19.823,68.219,0.0
S012,57,Q070,HAVING,0.608,0,2.673,14.277,70.892,0.0
S012,58,Q026,JOINS,0.462,0,1.142,19.12,72.034,0.0
S012,59,Q278,INDEXING,0.499,0,3.434,17.177,75.468,0.0
S012,60,Q104,UNION,0.517,0,0.157,75.625,75.625,0.0
S012,61,Q233,INNER JOIN,0.649,0,0.301,75.925,75.925,0.0
S012,62,Q009,SELECT,0.226,0,0.27,76.195,76.195,0.0
S012,63,Q269,AGGREGATE FUNCTIONS,0.384,1,4.068,21.927,80.263,0.06
S012,64,Q291,JOINS,0.608,0,1.092,9.321,81.355,0.0
S012,65,Q120,LEFT JOIN,0.655,0,2.898,35.538,84.253,0.0
S012,66,Q192,PRIMARY KEY,0.241,0,1.322,26.236,85.576,0.0
S012,67,Q103,WHERE,0.449,1,0.549,54.1,86.125,0.06
S012,68,Q323,WHERE,0.355,1,0.422,0.422,86.547,0.1137
S012,69,Q453,FOREIGN KEY,0.484,0,5.409,34.471,91.956,0.0
S012,70,Q029,WHERE,0.299,0,3.345,8.754,95.301,0.0
S012,71,Q130,INDEXING,0.534,0,0.037,19.87,95.339,0.0
S012,72,Q024,VIEWS,0.478,1,0.74,32.117,96.079,0.06
S012,73,Q314,NORMALIZATION,0.631,0,0.358,96.436,96.436,0.0
S012,74,Q143,WHERE,0.264,0,0.794,1.929,97.23,0.0
S012,75,Q299,GROUP BY,0.419,0,0.684,29.696,97.914,0.0
S012,76,Q160,AGGREGATE FUNCTIONS,0.338,0,0.627,18.278,98.541,0.0
S012,77,Q215,VIEWS,0.633,1,9.305,11.768,107.846,0.06
S012,78,Q232,PRIMARY KEY,0.433,0,0.238,22.508,108.084,0.0
S012,79,Q334,SUBQUERIES,0.603,0,2.032,42.833,110.116,0.0
S012,80,Q437,TRIGGERS,0.758,0,1.461,47.1,111.578,0.0
S012,81,Q393,HAVING,0.419,0,1.466,42.152,113.044,0.0
S012,82,Q321,SUBQUERIES,0.781,1,0.767,3.695,113.811,0.06
S012,83,Q198,TRIGGERS,0.796,0,1.102,3.335,114.913,0.0
S012,84,Q028,STORED PROCEDURES,0.783,1,3.417,55.35,118.33,0.06
S012,85,Q168,SUBQUERIES,0.647,0,0.627,5.146,118.957,0.0
S012,86,Q231,INDEXING,0.687,0,2.35,25.968,121.307,0.0
S012,87,Q214,INDEXING,0.488,0,5.173,5.173,126.48,0.0
S012,88,Q085,VIEWS,0.618,0,4.563,23.197,131.043,0.0
S012,89,Q497,ORDER BY,0.261,1,0.71,66.375,131.753,0.06
S012,90,Q423,TRANSACTIONS,0.738,0,1.554,115.637,133.307,0.0
S012,91,Q220,TRANSACTIONS,0.748,0,1.153,1.153,134.46,0.0
S012,92,Q377,JOINS,0.519,0,0.021,53.126,134.481,0.0
S012,93,Q227,NORMALIZATION,0.525,0,0.076,38.121,134.558,0.0
S012,94,Q058,AGGREGATE FUNCTIONS,0.361,0,0.02,36.036,134.578,0.0
S012,95,Q349,PRIMARY KEY,0.216,1,1.876,28.37,136.454,0.06
S012,96,Q148,SUBQUERIES,0.793,0,1.73,19.227,138.184,0.0
S012,97,Q416,NORMALIZATION,0.673,0,0.354,3.98,138.538,0.0
S012,98,Q323,WHERE,0.355,0,1.567,42.875,140.105,0.0
S012,99,Q013,NORMALIZATION,0.686,0,0.359,1.927,140.464,0.0
S012,100,Q313,WHERE,0.359,0,4.919,5.278,145.383,0.0
S013,1,Q261,NORMALIZATION,0.767,0,1.319,1.319,1.319,0.4455
S013,2,Q185,INDEXING,0.692,1,2.442,3.761,3.761,0.2592
S013,3,Q309,HAVING,0.586,0,4.087,7.848,7.848,0.1051
S013,4,Q104,UNION,0.517,0,2.1,9.948,9.948,0.2648
S013,5,Q434,LEFT JOIN,0.445,1,1.66,11.608,11.608,0.132
S013,6,Q372,INDEXING,0.498,1,0.812,8.659,12.42,0.1893
S013,7,Q039,AGGREGATE FUNCTIONS,0.36,1,4.949,17.369,17.369,0.06
S013,8,Q254,TRANSACTIONS,0.536,1,0.457,17.826,17.826,0.1748
S013,9,Q137,ORDER BY,0.445,0,0.161,17.987,17.987,0.0467
S013,10,Q178,HAVING,0.584,0,1.464,11.603,19.451,0.0
S013,11,Q498,FOREIGN KEY,0.401,0,1.79,21.241,21.241,0.1299
S013,12,Q325,AGGREGATE FUNCTIONS,0.474,1,0.403,4.275,21.644,0.06
S013,13,Q280,JOINS,0.685,0,2.431,24.075,24.075,0.0
S013,14,Q004,AGGREGATE FUNCTIONS,0.438,0,1.351,3.782,25.426,0.0
S013,15,Q016,INNER JOIN,0.401,0,0.9,26.326,26.326,0.0
S013,16,Q029,WHERE,0.299,0,2.134,28.46,28.46,0.0
S013,17,Q433,TRANSACTIONS,0.619,0,0.123,10.757,28.583,0.0
S013,18,Q279,FOREIGN KEY,0.269,1,1.081,8.423,29.664,0.0636
S013,19,Q398,AGGREGATE FUNCTIONS,0.442,0,1.13,5.368,30.794,0.0
S013,20,Q181,FOREIGN KEY,0.273,0,1.019,2.149,31.813,0.0064
S013,21,Q151,INNER JOIN,0.5,0,0.62,6.107,32.433,0.0
S013,22,Q488,FOREIGN KEY,0.382,0,0.775,1.395,33.208,0.0
S013,23,Q189,GROUP BY,0.364,1,1.942,35.15,35.15,0.06
S013,24,Q326,AGGREGATE FUNCTIONS,0.323,0,2.369,6.726,37.52,0.0
S013,25,Q084,GROUP BY,0.374,1,1.223,3.592,38.742,0.0661
S013,26,Q344,SELECT,0.171,0,4.472,43.215,43.215,0.0
S013,27,Q218,ORDER BY,0.226,0,0.28,25.508,43.495,0.0
S013,28,Q369,PRIMARY KEY,0.283,0,0.054,43.549,43.549,0.0
S013,29,Q016,INNER JOIN,0.401,0,1.203,12.319,44.752,0.0
S013,30,Q241,STORED PROCEDURES,0.818,0,1.674,46.426,46.426,0.0
S013,31,Q496,NORMALIZATION,0.716,0,0.448,45.555,46.874,0.0
S013,32,Q472,INNER JOIN,0.643,1,0.484,2.606,47.358,0.06
S013,33,Q137,ORDER BY,0.445,0,1.853,5.717,49.212,0.0
S013,34,Q259,JOINS,0.641,0,1.008,26.144,50.22,0.0
S013,35,Q055,INNER JOIN,0.493,0,1.244,4.105,51.464,0.0
S013,36,Q226,TRANSACTIONS,0.672,0,1.314,24.194,52.777,0.0
S013,37,Q121,VIEWS,0.492,1,0.331,53.109,53.109,0.06
S013,38,Q302,LEFT JOIN,0.407,0,2.58,44.081,55.689,0.0
S013,39,Q315,WHERE,0.287,0,3.545,30.774,59.234,0.0
S013,40,Q273,GROUP BY,0.489,0,1.098,21.59,60.332,0.0
S013,41,Q442,NORMALIZATION,0.586,1,0.327,13.785,60.659,0.06
S013,42,Q347,FOREIGN KEY,0.405,1,0.708,28.16,61.368,0.06
S013,43,Q338,FOREIGN KEY,0.333,1,0.204,0.204,61.572,0.1169
S013,44,Q137,ORDER BY,0.445,1,1.613,13.973,63.185,0.06
S013,45,Q404,SELECT,0.335,0,1.956,21.927,65.141,0.0
S013,46,Q414,TRIGGERS,0.737,0,0.181,65.322,65.322,0.0
S013,47,Q447,AGGREGATE FUNCTIONS,0.58,1,2.722,30.525,68.045,0.06
S013,48,Q487,SUBQUERIES,0.631,0,1.069,69.114,69.114,0.0
S013,49,Q396,SELECT,0.185,1,1.331,5.303,70.445,0.06
S013,50,Q165,NORMALIZATION,0.71,0,2.118,11.903,72.562,0.0
S013,51,Q410,GROUP BY,0.445,0,0.564,12.794,73.127,0.0
S013,52,Q244,LEFT JOIN,0.512,1,0.793,18.231,73.919,0.06
S013,53,Q279,FOREIGN KEY,0.269,0,2.84,15.188,76.76,0.0
S013,54,Q412,LEFT JOIN,0.536,0,0.673,3.514,77.433,0.0
S013,55,Q413,LEFT JOIN,0.513,1,0.188,0.188,77.621,0.06
S013,56,Q050,ORDER BY,0.39,0,0.042,14.478,77.663,0.0
S013,57,Q393,HAVING,0.419,0,4.383,62.595,82.047,0.0
S013,58,Q460,RIGHT JOIN,0.512,1,0.286,82.332,82.332,0.06
S013,59,Q440,SUBQUERIES,0.653,0,0.311,13.529,82.643,0.0
S013,60,Q021,NORMALIZATION,0.705,1,2.053,12.134,84.697,0.06
S013,61,Q048,ORDER BY,0.318,0,2.713,9.746,87.409,0.0
S013,62,Q492,ORDER BY,0.258,1,0.024,0.024,87.433,0.06
S013,63,Q069,LEFT JOIN,0.56,0,0.441,10.253,87.874,0.0
S013,64,Q009,SELECT,0.226,0,0.344,17.773,88.218,0.0
S013,65,Q149,ORDER BY,0.264,0,0.23,1.015,88.448,0.0198
S013,66,Q243,HAVING,0.47,0,0.491,6.893,88.939,0.0
S013,67,Q095,TRANSACTIONS,0.782,0,1.076,37.238,90.015,0.0
S013,68,Q067,TRANSACTIONS,0.606,0,3.211,3.211,93.226,0.0
S013,69,Q322,TRANSACTIONS,0.638,0,0.576,0.576,93.802,0.0
S013,70,Q337,FOREIGN KEY,0.341,0,1.037,18.079,94.839,0.0
S013,71,Q142,STORED PROCEDURES,0.735,1,0.033,48.446,94.872,0.06
S013,72,Q494,NORMALIZATION,0.671,0,0.67,10.845,95.542,0.0
S013,73,Q283,STORED PROCEDURES,0.715,0,0.236,0.906,95.778,0.0214
S013,74,Q280,JOINS,0.685,1,0.333,45.891,96.111,0.06
S013,75,Q463,AGGREGATE FUNCTIONS,0.577,0,1.766,29.832,97.877,0.0
S013,76,Q321,SUBQUERIES,0.781,0,3.8,19.034,101.677,0.0
S013,77,Q363,NORMALIZATION,0.675,0,0.113,6.248,101.79,0.0
S013,78,Q407,ORDER BY,0.241,0,3.367,16.709,105.157,0.0
S013,79,Q234,HAVING,0.621,1,0.142,16.36,105.299,0.06
S013,80,Q284,HAVING,0.408,0,0.992,0.992,106.291,0.0201
S013,81,Q220,TRANSACTIONS,0.748,0,0.079,12.568,106.37,0.0
S013,82,Q237,SUBQUERIES,0.801,0,1.769,6.461,108.139,0.0
S013,83,Q100,SUBQUERIES,0.627,1,2.223,2.223,110.362,0.06
S013,84,Q286,STORED PROCEDURES,0.846,0,1.102,15.685,111.463,0.0
S013,85,Q282,WHERE,0.221,1,0.246,52.476,111.709,0.06
S013,86,Q127,WHERE,0.288,1,0.782,0.782,112.492,0.1083
S013,87,Q359,UNION,0.42,0,0.168,102.711,112.66,0.0
S013,88,Q242,WHERE,0.22,0,4.682,4.85,117.342,0.0105
S013,89,Q364,WHERE,0.339,0,0.742,0.742,118.084,0.0
S013,90,Q156,WHERE,0.223,0,0.006,0.006,118.09,0.0
S013,91,Q367,HAVING,0.509,1,0.714,12.513,118.804,0.06
S013,92,Q240,LEFT JOIN,0.422,0,0.656,31.585,119.459,0.0
S013,93,Q471,STORED PROCEDURES,0.749,1,3.366,11.362,122.825,0.06
S013,94,Q366,TRIGGERS,0.664,0,0.375,57.878,123.2,0.0
S013,95,Q009,SELECT,0.226,0,2.122,37.104,125.322,0.0
S013,96,Q304,ORDER BY,0.33,0,0.312,20.476,125.633,0.0
S013,97,Q078,VIEWS,0.48,0,0.135,72.66,125.768,0.0
S013,98,Q119,INDEXING,0.674,0,0.508,113.856,126.276,0.0
S013,99,Q074,VIEWS,0.476,0,0.767,1.275,127.043,0.0
S013,100,Q255,RIGHT JOIN,0.673,0,3.744,48.455,130.787,0.0
S014,1,Q206,SUBQUERIES,0.557,0,0.364,0.364,0.364,0.2144
S014,2,Q286,STORED PROCEDURES,0.846,0,1.1,1.464,1.464,0.4388
S014,3,Q466,AGGREGATE FUNCTIONS,0.31,0,2.773,4.237,4.237,0.2508
S014,4,Q310,WHERE,0.401,0,2.988,7.225,7.225,0.2342
S014,5,Q492,ORDER BY,0.258,0,1.525,8.75,8.75,0.1114
S014,6,Q201,AGGREGATE FUNCTIONS,0.359,0,1.638,6.151,10.388,0.1336
S014,7,Q202,PRIMARY KEY,0.254,1,1.341,11.728,11.728,0.2027
S014,8,Q357,INNER JOIN,0.447,0,1.459,13.187,13.187,0.1543
S014,9,Q006,ORDER BY,0.205,1,0.325,4.763,13.512,0.1
S014,10,Q403,UNION,0.464,0,1.067,14.579,14.579,0.1605
S014,11,Q500,GROUP BY,0.633,0,0.349,14.928,14.928,0.0
S014,12,Q197,SELECT,0.265,0,0.162,15.09,15.09,0.0229
S014,13,Q298,TRIGGERS,0.632,0,0.903,15.993,15.993,0.2075
S014,14,Q419,LEFT JOIN,0.469,0,5.004,20.997,20.997,0.0
S014,15,Q310,WHERE,0.401,1,3.039,16.811,24.036,0.06
S014,16,Q252,ORDER BY,0.263,1,1.672,12.196,25.708,0.06
S014,17,Q482,WHERE,0.334,1,0.56,2.232,26.268,0.0865
S014,18,Q008,JOINS,0.4,0,0.033,26.301,26.301,0.0
S014,19,Q302,LEFT JOIN,0.407,0,0.723,6.026,27.024,0.0
S014,20,Q219,VIEWS,0.56,0,0.02,27.044,27.044,0.0
S014,21,Q079,WHERE,0.326,0,2.482,3.258,29.526,0.0127
S014,22,Q175,INDEXING,0.505,0,0.992,30.518,30.518,0.0
S014,23,Q221,PRIMARY KEY,0.424,1,0.488,19.277,31.006,0.06
S014,24,Q477,TRIGGERS,0.655,0,1.238,16.251,32.244,0.0
S014,25,Q197,SELECT,0.265,0,0.045,17.198,32.288,0.0
S014,26,Q121,VIEWS,0.492,0,0.669,5.913,32.958,0.0
S014,27,Q239,INNER JOIN,0.478,0,0.127,19.898,33.085,0.0
S014,28,Q369,PRIMARY KEY,0.283,1,0.568,2.648,33.654,0.0803
S014,29,Q394,UNION,0.411,0,0.081,19.156,33.735,0.0
S014,30,Q011,SUBQUERIES,0.564,0,0.733,34.103,34.467,0.0
S014,31,Q053,SUBQUERIES,0.682,0,0.418,0.418,34.885,0.0
S014,32,Q360,PRIMARY KEY,0.348,1,0.803,2.034,35.688,0.1098
S014,33,Q253,STORED PROCEDURES,0.691,0,0.506,34.73,36.194,0.0
S014,34,Q333,HAVING,0.504,0,1.672,37.866,37.866,0.0
S014,35,Q343,VIEWS,0.483,0,0.811,5.72,38.677,0.0
S014,36,Q022,UNION,0.499,0,0.802,5.744,39.479,0.0
S014,37,Q058,AGGREGATE FUNCTIONS,0.361,0,1.855,30.947,41.335,0.0
S014,38,Q396,SELECT,0.185,0,0.015,9.062,41.35,0.0
S014,39,Q231,INDEXING,0.687,1,3.803,14.635,45.153,0.06
S014,40,Q232,PRIMARY KEY,0.433,1,4.652,14.117,49.805,0.06
S014,41,Q333,HAVING,0.504,0,1.679,13.619,51.485,0.0
S014,42,Q152,PRIMARY KEY,0.249,0,3.547,5.226,55.032,0.0
S014,43,Q415,SELECT,0.337,0,0.912,14.594,55.944,0.0
S014,44,Q411,SUBQUERIES,0.668,0,1.5,22.558,57.444,0.0
S014,45,Q033,LEFT JOIN,0.653,0,2.66,33.08,60.103,0.0
S014,46,Q201,AGGREGATE FUNCTIONS,0.359,0,0.321,19.09,60.424,0.0
S014,47,Q270,INDEXING,0.717,0,0.352,15.624,60.777,0.0
S014,48,Q085,VIEWS,0.618,1,1.306,23.406,62.083,0.06
S014,49,Q378,AGGREGATE FUNCTIONS,0.56,0,3.309,4.967,65.392,0.0
S014,50,Q156,WHERE,0.223,0,1.758,37.624,67.15,0.0
S014,51,Q047,LEFT JOIN,0.482,0,0.923,7.969,68.073,0.0
S014,52,Q067,TRANSACTIONS,0.606,0,7.211,75.284,75.284,0.0
S014,53,Q119,INDEXING,0.674,0,1.248,15.756,76.532,0.0
S014,54,Q465,WHERE,0.43,0,1.949,11.332,78.481,0.0
S014,55,Q337,FOREIGN KEY,0.341,0,7.007,85.489,85.489,0.0
S014,56,Q382,LEFT JOIN,0.543,0,2.836,20.252,88.325,0.0
S014,57,Q362,RIGHT JOIN,0.6,0,0.871,89.196,89.196,0.0
S014,58,Q254,TRANSACTIONS,0.536,1,0.341,14.253,89.537,0.06
S014,59,Q145,VIEWS,0.655,0,1.62,29.073,91.157,0.0
S014,60,Q392,STORED PROCEDURES,0.686,0,0.567,55.529,91.723,0.0
S014,61,Q105,RIGHT JOIN,0.534,0,2.068,4.596,93.791,0.0
S014,62,Q444,PRIMARY KEY,0.235,0,2.913,41.672,96.704,0.0
S014,63,Q073,RIGHT JOIN,0.571,1,0.559,3.472,97.263,0.06
S014,64,Q096,LEFT JOIN,0.516,1,3.705,12.643,100.968,0.06
S014,65,Q224,RIGHT JOIN,0.546,1,0.471,4.176,101.439,0.06
S014,66,Q116,ORDER BY,0.363,0,0.09,75.821,101.529,0.0
S014,67,Q182,NORMALIZATION,0.512,0,0.163,101.692,101.692,0.0
S014,68,Q144,SUBQUERIES,0.813,0,2.184,46.432,103.876,0.0
S014,69,Q346,NORMALIZATION,0.661,0,0.299,2.483,104.175,0.0
S014,70,Q394,UNION,0.411,0,3.201,67.897,107.376,0.0
S014,71,Q092,GROUP BY,0.355,0,1.443,93.891,108.819,0.0
S014,72,Q279,FOREIGN KEY,0.269,0,0.183,23.513,109.002,0.0
S014,73,Q464,INNER JOIN,0.454,0,1.846,77.763,110.848,0.0
S014,74,Q008,JOINS,0.4,0,1.925,86.472,112.773,0.0
S014,75,Q039,AGGREGATE FUNCTIONS,0.36,1,0.233,47.614,113.006,0.06
S014,76,Q374,RIGHT JOIN,0.474,0,0.993,12.56,113.999,0.0
S014,77,Q054,TRIGGERS,0.559,0,1.389,83.145,115.388,0.0
S014,78,Q378,AGGREGATE FUNCTIONS,0.56,0,0.844,3.226,116.233,0.0
S014,79,Q046,HAVING,0.619,0,1.377,66.124,117.609,0.0
S014,80,Q189,GROUP BY,0.364,0,0.781,9.571,118.39,0.0
S014,81,Q418,WHERE,0.336,0,6.018,45.926,124.407,0.0
S014,82,Q158,VIEWS,0.411,0,4.458,37.708,128.865,0.0
S014,83,Q340,NORMALIZATION,0.688,1,1.818,26.508,130.683,0.06
S014,84,Q219,VIEWS,0.56,1,0.11,1.927,130.793,0.06
S014,85,Q228,HAVING,0.488,0,1.944,15.127,132.736,0.0
S014,86,Q267,SELECT,0.307,1,1.564,78.357,134.3,0.06
S014,87,Q190,SUBQUERIES,0.738,0,1.575,31.999,135.875,0.0
S014,88,Q145,VIEWS,0.655,0,0.187,5.269,136.062,0.0
S014,89,Q213,ORDER BY,0.448,0,1.951,36.483,138.012,0.0
S014,90,Q181,FOREIGN KEY,0.273,0,1.462,30.472,139.474,0.0
S014,91,Q262,AGGREGATE FUNCTIONS,0.576,0,0.179,23.42,139.652,0.0
S014,92,Q180,INDEXING,0.498,0,0.726,63.846,140.378,0.0
S014,93,Q177,INDEXING,0.605,0,0.486,0.486,140.865,0.0
S014,94,Q327,INDEXING,0.496,0,0.794,0.794,141.658,0.0
S014,95,Q164,PRIMARY KEY,0.249,1,0.88,45.834,142.538,0.06
S014,96,Q311,INNER JOIN,0.391,0,0.039,31.729,142.577,0.0
S014,97,Q209,STORED PROCEDURES,0.739,0,4.944,55.797,147.521,0.0
S014,98,Q455,FOREIGN KEY,0.309,0,0.965,9.012,148.486,0.0
S014,99,Q012,INDEXING,0.52,0,1.611,8.439,150.097,0.0
S014,100,Q220,TRANSACTIONS,0.748,1,3.7,64.26,153.797,0.06
S015,1,Q490,STORED PROCEDURES,0.81,0,3.849,3.849,3.849,0.4105
S015,2,Q353,PRIMARY KEY,0.417,0,2.801,6.651,6.651,0.34
S015,3,Q159,JOINS,0.491,1,2.893,9.544,9.544,0.2615
S015,4,Q031,INDEXING,0.548,1,1.948,11.492,11.492,0.195
S015,5,Q075,UNION,0.426,1,2.005,13.497,13.497,0.2178
S015,6,Q029,WHERE,0.299,0,2.359,15.856,15.856,0.0
S015,7,Q077,HAVING,0.485,1,3.575,19.431,19.431,0.06
S015,8,Q124,FOREIGN KEY,0.397,0,2.705,22.136,22.136,0.0
S015,9,Q077,HAVING,0.485,0,2.932,5.637,25.068,0.0
S015,10,Q203,FOREIGN KEY,0.255,0,3.909,6.841,28.977,0.0
S015,11,Q071,SUBQUERIES,0.651,1,3.891,32.868,32.868,0.06
S015,12,Q363,NORMALIZATION,0.675,0,3.288,36.156,36.156,0.0
S015,13,Q275,HAVING,0.692,1,1.465,12.553,37.621,0.06
S015,14,Q313,WHERE,0.359,0,5.132,26.897,42.753,0.0
S015,15,Q455,FOREIGN KEY,0.309,1,5.814,19.589,48.566,0.06
S015,16,Q193,INDEXING,0.643,0,1.048,38.122,49.614,0.0
S015,17,Q092,GROUP BY,0.355,0,2.081,51.696,51.696,0.0
S015,18,Q357,INNER JOIN,0.447,0,1.322,53.017,53.017,0.0
S015,19,Q466,AGGREGATE FUNCTIONS,0.31,0,0.039,53.056,53.056,0.0
S015,20,Q401,UNION,0.473,1,0.082,39.641,53.138,0.06
S015,21,Q485,GROUP BY,0.405,0,3.198,4.641,56.336,0.0
S015,22,Q153,LEFT JOIN,0.611,0,0.775,57.111,57.111,0.0
S015,23,Q260,PRIMARY KEY,0.442,1,0.661,51.121,57.771,0.06
S015,24,Q205,VIEWS,0.597,0,1.601,59.372,59.372,0.0
S015,25,Q154,INDEXING,0.465,0,1.239,10.996,60.611,0.0
S015,26,Q270,INDEXING,0.717,0,0.278,0.278,60.889,0.0
S015,27,Q046,HAVING,0.619,1,1.84,25.109,62.73,0.06
S015,28,Q340,NORMALIZATION,0.688,1,0.708,27.282,63.438,0.06
S015,29,Q387,UNION,0.384,1,3.202,13.501,66.639,0.06
S015,30,Q079,WHERE,0.326,0,3.105,26.992,69.744,0.0
S015,31,Q150,PRIMARY KEY,0.22,0,0.792,12.765,70.536,0.0
S015,32,Q289,WHERE,0.209,0,0.507,1.3,71.044,0.0
S015,33,Q377,JOINS,0.519,0,0.908,62.408,71.951,0.0
S015,34,Q239,INNER JOIN,0.478,0,1.437,20.371,73.388,0.0
S015,35,Q483,VIEWS,0.52,0,0.477,14.493,73.865,0.0
S015,36,Q156,WHERE,0.223,1,2.199,5.02,76.064,0.06
S015,37,Q296,VIEWS,0.472,0,1.144,3.342,77.207,0.0
S015,38,Q340,NORMALIZATION,0.688,0,0.358,14.128,77.565,0.0
S015,39,Q226,TRANSACTIONS,0.672,0,0.186,77.751,77.751,0.0
S015,40,Q454,AGGREGATE FUNCTIONS,0.435,1,3.448,28.143,81.199,0.06
S015,41,Q375,TRIGGERS,0.555,1,3.055,84.254,84.254,0.06
S015,42,Q237,SUBQUERIES,0.801,0,0.088,51.474,84.342,0.0
S015,43,Q434,LEFT JOIN,0.445,0,1.956,29.187,86.298,0.0
S015,44,Q125,JOINS,0.518,0,0.824,15.171,87.122,0.0
S015,45,Q216,HAVING,0.472,0,0.18,24.573,87.303,0.0
S015,46,Q246,VIEWS,0.684,1,2.268,12.363,89.57,0.06
S015,47,Q302,LEFT JOIN,0.407,1,0.283,3.555,89.853,0.06
S015,48,Q267,SELECT,0.307,1,0.636,90.489,90.489,0.06
S015,49,Q455,FOREIGN KEY,0.309,0,0.797,42.719,91.285,0.0
S015,50,Q289,WHERE,0.209,1,3.984,19.206,95.27,0.06
S015,51,Q184,HAVING,0.542,1,0.619,8.586,95.889,0.06
S015,52,Q311,INNER JOIN,0.391,0,0.443,22.944,96.332,0.0
S015,53,Q386,SELECT,0.334,1,2.118,7.961,98.45,0.06
S015,54,Q415,SELECT,0.337,0,1.793,1.793,100.243,0.0081
S015,55,Q203,FOREIGN KEY,0.255,1,0.793,9.751,101.036,0.06
S015,56,Q138,TRANSACTIONS,0.588,1,0.315,23.6,101.352,0.06
S015,57,Q498,FOREIGN KEY,0.401,1,0.139,0.455,101.491,0.1132
S015,58,Q372,INDEXING,0.498,0,0.788,41.39,102.279,0.0
S015,59,Q084,GROUP BY,0.374,0,0.812,46.755,103.091,0.0
S015,60,Q422,TRIGGERS,0.65,1,0.102,18.938,103.193,0.06
S015,61,Q065,INNER JOIN,0.622,0,1.274,8.135,104.467,0.0
S015,62,Q386,SELECT,0.334,1,0.737,4.96,105.203,0.06
S015,63,Q149,ORDER BY,0.264,0,2.121,107.324,107.324,0.0
S015,64,Q278,INDEXING,0.499,1,0.753,5.798,108.077,0.06
S015,65,Q382,LEFT JOIN,0.543,1,0.636,18.86,108.713,0.06
S015,66,Q453,FOREIGN KEY,0.484,1,0.064,7.286,108.777,0.0639
S015,67,Q311,INNER JOIN,0.391,0,2.936,7.246,111.713,0.0
S015,68,Q152,PRIMARY KEY,0.249,0,3.113,44.289,114.825,0.0
S015,69,Q422,TRIGGERS,0.65,0,1.598,13.231,116.424,0.0
S015,70,Q435,NORMALIZATION,0.623,0,0.027,38.885,116.45,0.0
S015,71,Q337,FOREIGN KEY,0.341,0,0.024,7.698,116.475,0.0
S015,72,Q412,LEFT JOIN,0.536,0,1.717,9.479,118.192,0.0
S015,73,Q138,TRANSACTIONS,0.588,0,2.342,19.182,120.534,0.0
S015,74,Q431,JOINS,0.561,0,0.5,33.912,121.034,0.0
S015,75,Q426,JOINS,0.626,0,2.026,2.026,123.06,0.0
S015,76,Q056,GROUP BY,0.622,0,1.413,21.381,124.472,0.0
S015,77,Q337,FOREIGN KEY,0.341,1,1.27,9.268,125.743,0.06
S015,78,Q308,NORMALIZATION,0.626,0,0.387,9.679,126.129,0.0
S015,79,Q110,GROUP BY,0.62,1,2.555,4.212,128.684,0.06
S015,80,Q053,SUBQUERIES,0.682,0,0.421,44.763,129.105,0.0
S015,81,Q045,WHERE,0.224,0,0.156,33.991,129.261,0.0
S015,82,Q150,PRIMARY KEY,0.22,0,0.369,14.805,129.63,0.0
S015,83,Q167,PRIMARY KEY,0.442,0,0.804,0.804,130.435,0.0
S015,84,Q126,LEFT JOIN,0.589,0,0.419,12.661,130.853,0.0
S015,85,Q272,LEFT JOIN,0.451,0,2.219,2.219,133.073,0.0
S015,86,Q211,GROUP BY,0.403,0,2.054,6.442,135.127,0.0
S015,87,Q192,PRIMARY KEY,0.241,0,0.141,4.833,135.268,0.0
S015,88,Q445,STORED PROCEDURES,0.733,1,1.197,132.615,136.465,0.06
S015,89,Q239,INNER JOIN,0.478,0,0.923,25.675,137.388,0.0
S015,90,Q202,PRIMARY KEY,0.254,0,0.634,2.754,138.022,0.0
S015,91,Q132,VIEWS,0.698,0,1.851,50.302,139.872,0.0
S015,92,Q253,STORED PROCEDURES,0.691,1,0.408,3.816,140.28,0.0628
S015,93,Q033,LEFT JOIN,0.653,1,2.167,9.375,142.448,0.06
S015,94,Q035,PRIMARY KEY,0.235,0,2.969,7.395,145.417,0.0
S015,95,Q321,SUBQUERIES,0.781,0,3.208,19.52,148.625,0.0
S015,96,Q111,TRANSACTIONS,0.674,0,7.407,35.498,156.032,0.0
S015,97,Q105,RIGHT JOIN,0.534,0,0.182,156.214,156.214,0.0
S015,98,Q215,VIEWS,0.633,0,0.136,16.477,156.35,0.0
S015,99,Q281,HAVING,0.584,0,0.29,60.751,156.639,0.0
S015,100,Q162,UNION,0.64,0,10.71,100.71,167.349,0.0
S016,1,Q305,UNION,0.595,1,1.368,1.368,1.368,0.5237
S016,2,Q293,JOINS,0.674,1,0.504,1.871,1.871,0.5008
S016,3,Q349,PRIMARY KEY,0.216,1,1.231,3.102,3.102,0.4011
S016,4,Q245,SELECT,0.37,0,3.197,6.299,6.299,0.327
S016,5,Q048,ORDER BY,0.318,1,1.074,7.373,7.373,0.3505
S016,6,Q208,INNER JOIN,0.385,0,0.27,7.643,7.643,0.2388
S016,7,Q104,UNION,0.517,0,0.256,6.531,7.899,0.4007
S016,8,Q127,WHERE,0.288,0,6.803,14.702,14.702,0.0
S016,9,Q466,AGGREGATE FUNCTIONS,0.31,0,0.833,15.535,15.535,0.2225
S016,10,Q271,UNION,0.382,1,0.57,8.206,16.105,0.3376
S016,11,Q138,TRANSACTIONS,0.588,1,2.26,18.365,18.365,0.2197
S016,12,Q110,GROUP BY,0.62,0,2.851,21.216,21.216,0.1422
S016,13,Q317,NORMALIZATION,0.619,0,0.607,21.824,21.824,0.0313
S016,14,Q333,HAVING,0.504,0,0.572,22.395,22.395,0.0
S016,15,Q241,STORED PROCEDURES,0.818,1,0.441,22.836,22.836,0.0834
S016,16,Q109,AGGREGATE FUNCTIONS,0.581,0,0.155,7.456,22.991,0.0857
S016,17,Q397,RIGHT JOIN,0.678,0,1.301,24.292,24.292,0.0
S016,18,Q480,STORED PROCEDURES,0.638,0,0.936,2.392,25.228,0.0225
S016,19,Q287,VIEWS,0.513,1,2.556,27.784,27.784,0.06
S016,20,Q008,JOINS,0.4,0,0.609,26.522,28.394,0.078
S016,21,Q197,SELECT,0.265,0,0.158,22.252,28.551,0.0
S016,22,Q459,NORMALIZATION,0.516,0,2.381,9.109,30.932,0.0
S016,23,Q293,JOINS,0.674,0,0.084,2.623,31.017,0.0136
S016,24,Q378,AGGREGATE FUNCTIONS,0.56,0,2.944,10.969,33.961,0.0
S016,25,Q215,VIEWS,0.633,1,2.415,8.591,36.376,0.06
S016,26,Q074,VIEWS,0.476,0,5.062,5.062,41.438,0.0
S016,27,Q130,INDEXING,0.534,0,0.093,41.531,41.531,0.0
S016,28,Q400,VIEWS,0.655,0,1.691,1.784,43.221,0.0
S016,29,Q432,NORMALIZATION,0.754,0,2.875,15.165,46.097,0.0
S016,30,Q428,SELECT,0.158,1,3.761,21.307,49.858,0.06
S016,31,Q114,STORED PROCEDURES,0.598,0,0.742,25.372,50.6,0.0
S016,32,Q139,SELECT,0.229,1,0.26,1.003,50.861,0.105
S016,33,Q277,TRANSACTIONS,0.681,0,1.342,33.838,52.203,0.0
S016,34,Q354,JOINS,0.56,1,0.134,21.32,52.337,0.06
S016,35,Q115,STORED PROCEDURES,0.696,0,2.725,4.462,55.062,0.0
S016,36,Q445,STORED PROCEDURES,0.733,0,1.371,1.371,56.433,0.0
S016,37,Q090,JOINS,0.609,0,0.848,4.944,57.281,0.0
S016,38,Q275,HAVING,0.692,0,2.28,37.166,59.561,0.0
S016,39,Q319,HAVING,0.639,0,1.064,1.064,60.625,0.0
S016,40,Q153,LEFT JOIN,0.611,0,3.605,64.231,64.231,0.0
S016,41,Q154,INDEXING,0.465,1,0.385,23.085,64.615,0.06
S016,42,Q159,JOINS,0.491,0,0.121,7.455,64.736,0.0
S016,43,Q023,NORMALIZATION,0.552,0,1.884,20.523,66.62,0.0
S016,44,Q194,VIEWS,0.66,1,1.294,24.693,67.914,0.06
S016,45,Q419,LEFT JOIN,0.469,1,0.837,4.521,68.751,0.06
S016,46,Q416,NORMALIZATION,0.673,1,0.624,2.755,69.375,0.06
S016,47,Q297,RIGHT JOIN,0.489,0,0.976,46.059,70.351,0.0
S016,48,Q438,GROUP BY,0.565,0,2.196,51.331,72.547,0.0
S016,49,Q105,RIGHT JOIN,0.534,0,0.015,2.211,72.562,0.0
S016,50,Q132,VIEWS,0.698,1,0.94,5.587,73.502,0.06
S016,51,Q331,STORED PROCEDURES,0.731,0,4.139,21.208,77.64,0.0
S016,52,Q401,UNION,0.473,0,0.243,61.778,77.883,0.0
S016,53,Q253,STORED PROCEDURES,0.691,0,1.072,1.315,78.955,0.0
S016,54,Q020,WHERE,0.371,0,0.726,64.979,79.681,0.0
S016,55,Q310,WHERE,0.401,0,0.178,0.178,79.859,0.0
S016,56,Q186,GROUP BY,0.402,0,0.579,7.89,80.437,0.0
S016,57,Q447,AGGREGATE FUNCTIONS,0.58,1,1.712,48.188,82.149,0.06
S016,58,Q136,VIEWS,0.566,0,1.547,10.194,83.696,0.0
S016,59,Q342,AGGREGATE FUNCTIONS,0.576,1,0.394,1.941,84.09,0.0909
S016,60,Q499,FOREIGN KEY,0.458,1,0.71,84.8,84.8,0.06
S016,61,Q460,RIGHT JOIN,0.512,0,5.715,17.953,90.515,0.0
S016,62,Q291,JOINS,0.608,0,1.568,27.347,92.083,0.0
S016,63,Q436,PRIMARY KEY,0.38,1,0.716,89.697,92.799,0.06
S016,64,Q424,SELECT,0.283,1,0.156,42.094,92.955,0.06
S016,65,Q048,ORDER BY,0.318,0,0.075,85.656,93.029,0.0
S016,66,Q340,NORMALIZATION,0.688,0,3.154,26.808,96.183,0.0
S016,67,Q381,WHERE,0.339,0,0.774,17.098,96.957,0.0
S016,68,Q077,HAVING,0.485,1,1.92,38.251,98.877,0.06
S016,69,Q106,TRIGGERS,0.768,0,0.147,99.024,99.024,0.0
S016,70,Q275,HAVING,0.692,0,0.082,0.23,99.107,0.0316
S016,71,Q077,HAVING,0.485,1,0.572,0.572,99.679,0.083
S016,72,Q266,FOREIGN KEY,0.324,0,2.123,17.003,101.802,0.0
S016,73,Q201,AGGREGATE FUNCTIONS,0.359,0,3.028,20.741,104.83,0.0
S016,74,Q084,GROUP BY,0.374,0,0.113,24.506,104.943,0.0
S016,75,Q152,PRIMARY KEY,0.249,0,0.22,12.364,105.163,0.0
S016,76,Q251,TRIGGERS,0.583,1,5.438,11.577,110.601,0.06
S016,77,Q209,STORED PROCEDURES,0.739,0,0.963,32.609,111.564,0.0
S016,78,Q003,INNER JOIN,0.484,1,0.947,104.869,112.511,0.06
S016,79,Q334,SUBQUERIES,0.603,0,1.167,113.679,113.679,0.0
S016,80,Q063,UNION,0.406,0,0.705,36.501,114.384,0.0
S016,81,Q246,VIEWS,0.684,1,0.766,31.454,115.15,0.06
S016,82,Q015,ORDER BY,0.415,0,3.068,25.188,118.218,0.0
S016,83,Q279,FOREIGN KEY,0.269,0,2.773,19.188,120.991,0.0
S016,84,Q318,SUBQUERIES,0.809,0,0.802,8.114,121.793,0.0
S016,85,Q234,HAVING,0.621,0,1.381,23.495,123.174,0.0
S016,86,Q440,SUBQUERIES,0.653,0,2.844,4.225,126.018,0.0
S016,87,Q157,TRIGGERS,0.69,1,2.071,17.488,128.09,0.06
S016,88,Q438,GROUP BY,0.565,0,0.213,23.36,128.303,0.0
S016,89,Q150,PRIMARY KEY,0.22,1,1.154,24.293,129.456,0.06
S016,90,Q046,HAVING,0.619,0,0.591,6.874,130.048,0.0
S016,91,Q133,FOREIGN KEY,0.479,0,0.842,9.899,130.889,0.0
S016,92,Q272,LEFT JOIN,0.451,1,0.691,62.829,131.58,0.06
S016,93,Q317,NORMALIZATION,0.619,0,0.413,35.81,131.993,0.0
S016,94,Q102,TRANSACTIONS,0.659,1,0.261,80.051,132.254,0.06
S016,95,Q495,TRIGGERS,0.746,1,1.65,5.814,133.903,0.06
S016,96,Q049,HAVING,0.692,0,2.579,6.435,136.483,0.0
S016,97,Q057,INNER JOIN,0.473,1,0.31,24.281,136.793,0.06
S016,98,Q071,SUBQUERIES,0.651,0,1.757,12.532,138.55,0.0
S016,99,Q271,UNION,0.382,0,1.144,25.31,139.694,0.0
S016,100,Q076,WHERE,0.378,0,1.69,44.427,141.384,0.0
S017,1,Q329,LEFT JOIN,0.609,0,2.459,2.459,2.459,0.2819
S017,2,Q130,INDEXING,0.534,0,1.852,4.311,4.311,0.1588
S017,3,Q400,VIEWS,0.655,0,0.414,4.726,4.726,0.1104
S017,4,Q307,VIEWS,0.44,0,3.369,3.369,8.095,0.0348
S017,5,Q100,SUBQUERIES,0.627,1,2.546,10.641,10.641,0.1991
S017,6,Q393,HAVING,0.419,0,1.808,12.449,12.449,0.2057
S017,7,Q207,WHERE,0.265,1,0.061,12.51,12.51,0.0846
S017,8,Q417,VIEWS,0.67,0,0.004,4.42,12.514,0.0
S017,9,Q105,RIGHT JOIN,0.534,0,0.502,13.016,13.016,0.1645
S017,10,Q489,SELECT,0.156,1,0.908,13.924,13.924,0.1954
S017,11,Q190,SUBQUERIES,0.738,0,0.462,3.746,14.386,0.1179
S017,12,Q229,TRANSACTIONS,0.702,0,2.981,17.367,17.367,0.0772
S017,13,Q405,LEFT JOIN,0.648,0,0.753,15.662,18.121,0.022
S017,14,Q126,LEFT JOIN,0.589,0,4.049,4.049,22.17,0.0
S017,15,Q355,NORMALIZATION,0.531,0,1.961,24.132,24.132,0.0
S017,16,Q257,VIEWS,0.425,0,0.218,11.836,24.35,0.0
S017,17,Q325,AGGREGATE FUNCTIONS,0.474,1,1.124,25.474,25.474,0.06
S017,18,Q279,FOREIGN KEY,0.269,0,0.478,25.952,25.952,0.0
S017,19,Q144,SUBQUERIES,0.813,0,2.434,14.0,28.386,0.0
S017,20,Q257,VIEWS,0.425,0,0.776,4.812,29.162,0.0
S017,21,Q207,WHERE,0.265,0,1.102,17.754,30.264,0.0
S017,22,Q270,INDEXING,0.717,0,1.507,27.459,31.771,0.0
S017,23,Q399,JOINS,0.524,0,0.052,31.823,31.823,0.0
S017,24,Q283,STORED PROCEDURES,0.715,0,3.875,35.698,35.698,0.0
S017,25,Q328,INDEXING,0.642,0,0.85,4.777,36.548,0.0
S017,26,Q447,AGGREGATE FUNCTIONS,0.58,1,0.375,11.45,36.923,0.06
S017,27,Q324,WHERE,0.282,0,1.28,7.939,38.203,0.0
S017,28,Q369,PRIMARY KEY,0.283,0,1.27,39.473,39.473,0.0
S017,29,Q192,PRIMARY KEY,0.241,0,2.173,2.173,41.646,0.0
S017,30,Q194,VIEWS,0.66,0,1.567,14.051,43.213,0.0
S017,31,Q088,INDEXING,0.69,0,1.114,7.779,44.327,0.0
S017,32,Q266,FOREIGN KEY,0.324,0,0.135,18.509,44.461,0.0
S017,33,Q052,RIGHT JOIN,0.663,0,2.116,33.561,46.577,0.0
S017,34,Q351,NORMALIZATION,0.753,0,0.662,23.107,47.239,0.0
S017,35,Q254,TRANSACTIONS,0.536,0,2.734,32.605,49.972,0.0
S017,36,Q231,INDEXING,0.687,0,3.307,8.953,53.28,0.0
S017,37,Q053,SUBQUERIES,0.682,1,9.509,34.403,62.788,0.06
S017,38,Q054,TRIGGERS,0.559,0,0.455,63.243,63.243,0.0
S017,39,Q058,AGGREGATE FUNCTIONS,0.361,0,1.636,27.956,64.88,0.0
S017,40,Q253,STORED PROCEDURES,0.691,0,0.807,29.988,65.686,0.0
S017,41,Q119,INDEXING,0.674,0,0.167,12.573,65.853,0.0
S017,42,Q213,ORDER BY,0.448,1,1.092,66.945,66.945,0.06
S017,43,Q324,WHERE,0.282,0,0.594,29.335,67.539,0.0
S017,44,Q381,WHERE,0.339,1,1.273,1.273,68.811,0.06
S017,45,Q317,NORMALIZATION,0.619,0,1.016,22.588,69.827,0.0
S017,46,Q435,NORMALIZATION,0.623,0,0.792,0.792,70.618,0.0
S017,47,Q016,INNER JOIN,0.401,0,0.109,70.727,70.727,0.0
S017,48,Q498,FOREIGN KEY,0.401,0,4.354,30.62,75.081,0.0
S017,49,Q090,JOINS,0.609,0,1.212,44.469,76.292,0.0
S017,50,Q407,ORDER BY,0.241,1,1.0,10.347,77.292,0.06
S017,51,Q313,WHERE,0.359,1,0.33,8.811,77.622,0.06
S017,52,Q393,HAVING,0.419,1,0.202,65.376,77.824,0.06
S017,53,Q481,TRIGGERS,0.686,0,0.957,15.538,78.781,0.0
S017,54,Q290,SELECT,0.153,1,4.068,68.925,82.849,0.06
S017,55,Q376,HAVING,0.695,0,3.327,8.352,86.177,0.0
S017,56,Q469,SELECT,0.241,1,1.443,4.77,87.62,0.06
S017,57,Q225,FOREIGN KEY,0.419,0,0.41,12.949,88.03,0.0
S017,58,Q482,WHERE,0.334,1,0.473,10.881,88.503,0.06
S017,59,Q107,ORDER BY,0.414,0,0.575,11.786,89.078,0.0
S017,60,Q073,RIGHT JOIN,0.571,0,1.305,43.805,90.382,0.0
S017,61,Q026,JOINS,0.462,0,2.999,17.089,93.381,0.0
S017,62,Q435,NORMALIZATION,0.623,0,1.863,24.625,95.244,0.0
S017,63,Q184,HAVING,0.542,0,0.212,9.279,95.456,0.0
S017,64,Q186,GROUP BY,0.402,0,0.415,95.871,95.871,0.0
S017,65,Q076,WHERE,0.378,1,0.638,8.006,96.509,0.06
S017,66,Q122,INDEXING,0.478,0,0.153,30.809,96.661,0.0
S017,67,Q156,WHERE,0.223,0,1.586,1.739,98.247,0.0089
S017,68,Q356,HAVING,0.455,0,1.044,3.835,99.291,0.0
S017,69,Q044,RIGHT JOIN,0.637,0,0.217,9.126,99.509,0.0
S017,70,Q196,STORED PROCEDURES,0.722,1,0.388,34.21,99.897,0.06
S017,71,Q111,TRANSACTIONS,0.674,0,0.29,50.215,100.187,0.0
S017,72,Q198,TRIGGERS,0.796,0,1.394,22.799,101.58,0.0
S017,73,Q089,RIGHT JOIN,0.546,0,2.125,4.197,103.705,0.0
S017,74,Q240,LEFT JOIN,0.422,0,2.513,84.048,106.218,0.0
S017,75,Q297,RIGHT JOIN,0.489,0,0.381,2.894,106.599,0.0
S017,76,Q038,SELECT,0.2,0,4.415,23.395,111.014,0.0
S017,77,Q474,LEFT JOIN,0.551,0,3.119,7.915,114.133,0.0
S017,78,Q177,INDEXING,0.605,0,4.077,21.549,118.21,0.0
S017,79,Q375,TRIGGERS,0.555,0,0.866,17.496,119.076,0.0
S017,80,Q180,INDEXING,0.498,0,2.375,3.241,121.451,0.0
S017,81,Q023,NORMALIZATION,0.552,0,0.466,26.674,121.917,0.0
S017,82,Q038,SELECT,0.2,0,2.282,13.185,124.2,0.0
S017,83,Q325,AGGREGATE FUNCTIONS,0.474,1,1.881,61.201,126.081,0.06
S017,84,Q475,SELECT,0.227,1,1.193,3.075,127.274,0.06
S017,85,Q013,NORMALIZATION,0.686,0,0.212,5.569,127.486,0.0
S017,86,Q342,AGGREGATE FUNCTIONS,0.576,1,0.442,1.847,127.928,0.0923
S017,87,Q234,HAVING,0.621,1,0.175,28.811,128.103,0.06
S017,88,Q274,STORED PROCEDURES,0.63,0,1.237,29.443,129.339,0.0
S017,89,Q103,WHERE,0.449,0,0.071,31.163,129.41,0.0
S017,90,Q031,INDEXING,0.548,0,0.688,8.647,130.098,0.0
S017,91,Q374,RIGHT JOIN,0.474,0,3.047,26.545,133.145,0.0
S017,92,Q399,JOINS,0.524,0,5.168,44.932,138.313,0.0
S017,93,Q496,NORMALIZATION,0.716,0,0.191,11.019,138.504,0.0
S017,94,Q155,TRIGGERS,0.651,0,2.618,22.046,141.123,0.0
S017,95,Q167,PRIMARY KEY,0.442,0,2.979,102.456,144.102,0.0
S017,96,Q376,HAVING,0.695,0,0.584,16.583,144.686,0.0
S017,97,Q235,AGGREGATE FUNCTIONS,0.512,1,0.462,17.22,145.148,0.06
S017,98,Q074,VIEWS,0.476,0,0.754,102.689,145.902,0.0
S017,99,Q056,GROUP BY,0.622,0,0.067,50.098,145.969,0.0
S017,100,Q141,ORDER BY,0.343,0,2.31,59.202,148.279,0.0
S018,1,Q385,GROUP BY,0.478,0,1.663,1.663,1.663,0.2162
S018,2,Q056,GROUP BY,0.622,0,2.049,2.049,3.712,0.1605
S018,3,Q347,FOREIGN KEY,0.405,1,0.732,4.444,4.444,0.4237
S018,4,Q431,JOINS,0.561,0,3.39,7.834,7.834,0.1186
S018,5,Q288,VIEWS,0.651,0,1.539,9.373,9.373,0.1886
S018,6,Q048,ORDER BY,0.318,1,0.112,9.485,9.485,0.2387
S018,7,Q405,LEFT JOIN,0.648,1,0.149,9.634,9.634,0.1678
S018,8,Q239,INNER JOIN,0.478,0,1.614,11.248,11.248,0.2584
S018,9,Q461,RIGHT JOIN,0.484,1,0.227,11.475,11.475,0.3761
S018,10,Q383,PRIMARY KEY,0.392,1,2.613,14.088,14.088,0.2693
S018,11,Q048,ORDER BY,0.318,1,0.5,5.103,14.588,0.2222
S018,12,Q065,INNER JOIN,0.622,1,0.626,3.966,15.213,0.2589
S018,13,Q390,GROUP BY,0.446,0,0.168,11.67,15.382,0.0
S018,14,Q160,AGGREGATE FUNCTIONS,0.338,1,1.329,16.711,16.711,0.2632
S018,15,Q147,INDEXING,0.616,0,1.003,17.713,17.713,0.0723
S018,16,Q002,NORMALIZATION,0.72,0,2.426,20.14,20.14,0.0244
S018,17,Q366,TRIGGERS,0.664,1,0.482,20.621,20.621,0.06
S018,18,Q332,TRIGGERS,0.562,0,0.112,0.112,20.733,0.0333
S018,19,Q043,RIGHT JOIN,0.724,1,0.53,9.789,21.263,0.2893
S018,20,Q178,HAVING,0.584,0,0.246,21.51,21.51,0.0
S018,21,Q417,VIEWS,0.67,0,0.542,12.679,22.052,0.0
S018,22,Q230,GROUP BY,0.634,1,1.656,8.326,23.708,0.06
S018,23,Q080,HAVING,0.504,0,1.596,3.794,25.304,0.0
S018,24,Q088,INDEXING,0.69,0,3.033,10.624,28.337,0.0
S018,25,Q382,LEFT JOIN,0.543,1,0.988,19.691,29.325,0.06
S018,26,Q094,TRANSACTIONS,0.694,1,2.518,31.843,31.843,0.06
S018,27,Q061,WHERE,0.356,0,2.01,33.853,33.853,0.0
S018,28,Q302,LEFT JOIN,0.407,0,1.288,5.816,35.141,0.0
S018,29,Q237,SUBQUERIES,0.801,0,0.087,35.227,35.227,0.0
S018,30,Q341,NORMALIZATION,0.653,0,0.4,15.488,35.627,0.0
S018,31,Q475,SELECT,0.227,1,0.325,35.953,35.953,0.06
S018,32,Q203,FOREIGN KEY,0.255,0,4.325,35.834,40.278,0.0
S018,33,Q310,WHERE,0.401,0,0.646,7.07,40.923,0.0
S018,34,Q331,STORED PROCEDURES,0.731,0,0.467,41.391,41.391,0.0
S018,35,Q406,HAVING,0.46,1,1.688,17.775,43.079,0.06
S018,36,Q283,STORED PROCEDURES,0.715,0,0.599,2.288,43.678,0.0
S018,37,Q132,VIEWS,0.698,1,0.265,21.892,43.944,0.06
S018,38,Q377,JOINS,0.519,1,2.144,38.254,46.087,0.06
S018,39,Q173,SELECT,0.193,1,1.892,12.026,47.979,0.06
S018,40,Q063,UNION,0.406,0,1.829,49.808,49.808,0.0
S018,41,Q356,HAVING,0.455,0,0.742,7.47,50.55,0.0
S018,42,Q168,SUBQUERIES,0.647,0,0.701,16.023,51.25,0.0
S018,43,Q461,RIGHT JOIN,0.484,0,1.084,31.071,52.335,0.0
S018,44,Q379,JOINS,0.693,0,1.682,7.929,54.017,0.0
S018,45,Q427,HAVING,0.634,0,0.824,4.291,54.841,0.0
S018,46,Q337,FOREIGN KEY,0.341,0,0.123,14.686,54.963,0.0
S018,47,Q500,GROUP BY,0.633,0,0.433,31.689,55.397,0.0
S018,48,Q467,TRIGGERS,0.624,0,0.846,35.509,56.243,0.0
S018,49,Q338,FOREIGN KEY,0.333,0,2.761,4.041,59.004,0.0
S018,50,Q242,WHERE,0.22,0,0.59,18.671,59.595,0.0
S018,51,Q080,HAVING,0.504,0,0.037,4.791,59.631,0.0
S018,52,Q391,ORDER BY,0.213,0,1.574,46.618,61.206,0.0
S018,53,Q126,LEFT JOIN,0.589,0,1.335,27.4,62.54,0.0
S018,54,Q437,TRIGGERS,0.758,0,0.095,6.393,62.636,0.0
S018,55,Q123,TRIGGERS,0.741,0,0.028,0.028,62.664,0.0
S018,56,Q329,LEFT JOIN,0.609,1,0.102,0.225,62.765,0.06
S018,57,Q023,NORMALIZATION,0.552,0,0.95,28.088,63.715,0.0
S018,58,Q235,AGGREGATE FUNCTIONS,0.512,1,0.367,47.371,64.082,0.06
S018,59,Q314,NORMALIZATION,0.631,0,0.607,0.973,64.688,0.0
S018,60,Q423,TRANSACTIONS,0.738,0,0.828,33.673,65.516,0.0
S018,61,Q460,RIGHT JOIN,0.512,0,1.089,14.271,66.605,0.0
S018,62,Q052,RIGHT JOIN,0.663,0,1.176,1.176,67.781,0.0
S018,63,Q113,ORDER BY,0.443,1,0.135,6.71,67.916,0.06
S018,64,Q232,PRIMARY KEY,0.433,0,0.88,54.708,68.796,0.0
S018,65,Q028,STORED PROCEDURES,0.783,0,0.806,25.924,69.602,0.0
S018,66,Q260,PRIMARY KEY,0.442,1,1.123,1.93,70.726,0.06
S018,67,Q074,VIEWS,0.476,1,1.635,28.417,72.361,0.06
S018,68,Q274,STORED PROCEDURES,0.63,0,0.365,3.124,72.726,0.0
S018,69,Q186,GROUP BY,0.402,0,0.354,17.683,73.08,0.0
S018,70,Q131,ORDER BY,0.392,1,1.102,6.266,74.182,0.06
S018,71,Q089,RIGHT JOIN,0.546,0,0.492,6.893,74.674,0.0
S018,72,Q378,AGGREGATE FUNCTIONS,0.56,0,2.24,12.832,76.914,0.0
S018,73,Q498,FOREIGN KEY,0.401,0,1.552,19.462,78.467,0.0
S018,74,Q387,UNION,0.384,1,2.771,31.43,81.238,0.06
S018,75,Q452,RIGHT JOIN,0.577,0,1.578,8.142,82.816,0.0
S018,76,Q213,ORDER BY,0.448,0,3.347,11.981,86.163,0.0
S018,77,Q294,HAVING,0.618,1,1.39,27.921,87.553,0.06
S018,78,Q495,TRIGGERS,0.746,1,0.515,25.404,88.068,0.06
S018,79,Q244,LEFT JOIN,0.512,0,0.383,25.685,88.451,0.0
S018,80,Q433,TRANSACTIONS,0.619,0,2.802,25.736,91.252,0.0
S018,81,Q379,JOINS,0.693,0,0.689,37.925,91.941,0.0
S018,82,Q333,HAVING,0.504,1,3.043,7.432,94.984,0.06
S018,83,Q307,VIEWS,0.44,0,1.429,24.052,96.413,0.0
S018,84,Q285,SELECT,0.344,0,0.615,49.048,97.027,0.0
S018,85,Q031,INDEXING,0.548,0,1.078,69.769,98.106,0.0
S018,86,Q205,VIEWS,0.597,0,2.885,4.578,100.991,0.0
S018,87,Q041,SELECT,0.301,0,3.078,7.042,104.069,0.0
S018,88,Q370,SELECT,0.152,1,0.084,0.084,104.153,0.06
S018,89,Q467,TRIGGERS,0.624,0,1.029,17.114,105.181,0.0
S018,90,Q225,FOREIGN KEY,0.419,1,3.152,29.867,108.333,0.06
S018,91,Q120,LEFT JOIN,0.655,1,1.372,21.255,109.705,0.06
S018,92,Q408,HAVING,0.471,1,2.936,17.657,112.641,0.06
S018,93,Q151,INNER JOIN,0.5,1,1.264,98.692,113.905,0.06
S018,94,Q312,WHERE,0.288,0,1.388,55.698,115.293,0.0
S018,95,Q113,ORDER BY,0.443,1,0.359,29.489,115.652,0.06
S018,96,Q436,PRIMARY KEY,0.38,1,1.059,45.985,116.711,0.06
S018,97,Q121,VIEWS,0.492,0,0.209,15.929,116.919,0.0
S018,98,Q282,WHERE,0.221,0,1.716,3.342,118.635,0.0
S018,99,Q474,LEFT JOIN,0.551,0,1.237,10.167,119.872,0.0
S018,100,Q016,INNER JOIN,0.401,0,8.1,14.067,127.972,0.0
S019,1,Q383,PRIMARY KEY,0.392,0,2.202,2.202,2.202,0.2636
S019,2,Q287,VIEWS,0.513,0,0.504,2.706,2.706,0.2882
S019,3,Q234,HAVING,0.621,0,2.298,5.004,5.004,0.3976
S019,4,Q218,ORDER BY,0.226,1,1.057,6.061,6.061,0.407
S019,5,Q472,INNER JOIN,0.643,1,4.012,10.074,10.074,0.2166
S019,6,Q226,TRANSACTIONS,0.672,0,1.321,11.394,11.394,0.1352
S019,7,Q141,ORDER BY,0.343,0,0.837,6.17,12.231,0.2894
S019,8,Q021,NORMALIZATION,0.705,0,0.191,12.422,12.422,0.1784
S019,9,Q203,FOREIGN KEY,0.255,0,0.914,13.335,13.335,0.1555
S019,10,Q085,VIEWS,0.618,0,2.334,12.963,15.669,0.0687
S019,11,Q298,TRIGGERS,0.632,0,2.665,18.334,18.334,0.0
S019,12,Q481,TRIGGERS,0.686,0,0.095,0.095,18.429,0.0
S019,13,Q490,STORED PROCEDURES,0.81,1,2.07,20.499,20.499,0.0764
S019,14,Q017,INNER JOIN,0.354,0,2.268,12.693,22.767,0.0012
S019,15,Q350,TRIGGERS,0.764,0,1.389,5.726,24.155,0.0
S019,16,Q338,FOREIGN KEY,0.333,0,0.789,11.609,24.944,0.0
S019,17,Q264,TRANSACTIONS,0.523,0,1.135,14.684,26.079,0.0
S019,18,Q121,VIEWS,0.492,0,0.314,10.723,26.392,0.0
S019,19,Q342,AGGREGATE FUNCTIONS,0.576,1,1.279,27.671,27.671,0.06
S019,20,Q110,GROUP BY,0.62,0,1.635,29.306,29.306,0.0
S019,21,Q289,WHERE,0.209,0,0.519,29.825,29.825,0.0
S019,22,Q011,SUBQUERIES,0.564,0,3.786,33.612,33.612,0.0
S019,23,Q166,LEFT JOIN,0.618,0,1.982,35.593,35.593,0.0
S019,24,Q116,ORDER BY,0.363,0,1.172,24.534,36.765,0.0
S019,25,Q010,UNION,0.357,0,0.531,37.296,37.296,0.0
S019,26,Q068,ORDER BY,0.202,1,1.304,1.835,38.6,0.06
S019,27,Q336,RIGHT JOIN,0.557,0,1.493,40.094,40.094,0.0
S019,28,Q275,HAVING,0.692,0,0.752,35.842,40.846,0.0
S019,29,Q457,SELECT,0.367,0,1.835,42.68,42.68,0.0
S019,30,Q301,WHERE,0.29,1,0.811,13.665,43.491,0.06
S019,31,Q123,TRIGGERS,0.741,0,1.406,20.742,44.897,0.0
S019,32,Q297,RIGHT JOIN,0.489,0,2.749,7.552,47.646,0.0
S019,33,Q274,STORED PROCEDURES,0.63,1,9.038,36.185,56.683,0.06
S019,34,Q438,GROUP BY,0.565,0,0.352,27.73,57.036,0.0
S019,35,Q025,LEFT JOIN,0.627,0,1.991,23.434,59.027,0.0
S019,36,Q467,TRIGGERS,0.624,0,0.292,14.422,59.319,0.0
S019,37,Q033,LEFT JOIN,0.653,1,3.688,3.979,63.006,0.06
S019,38,Q231,INDEXING,0.687,0,0.312,63.319,63.319,0.0
S019,39,Q038,SELECT,0.2,0,2.458,23.096,65.776,0.0
S019,40,Q437,TRIGGERS,0.758,1,0.296,6.753,66.072,0.06
S019,41,Q038,SELECT,0.2,0,0.96,1.256,67.033,0.0
S019,42,Q029,WHERE,0.299,1,0.58,24.121,67.612,0.06
S019,43,Q064,AGGREGATE FUNCTIONS,0.397,0,4.891,44.832,72.503,0.0
S019,44,Q184,HAVING,0.542,0,1.252,32.909,73.755,0.0
S019,45,Q227,NORMALIZATION,0.525,0,0.64,61.973,74.395,0.0
S019,46,Q440,SUBQUERIES,0.653,0,3.307,44.09,77.701,0.0
S019,47,Q434,LEFT JOIN,0.445,0,0.179,14.874,77.88,0.0
S019,48,Q173,SELECT,0.193,0,1.387,12.235,79.267,0.0
S019,49,Q067,TRANSACTIONS,0.606,1,2.729,55.917,81.996,0.06
S019,50,Q487,SUBQUERIES,0.631,0,0.593,4.888,82.589,0.0
S019,51,Q407,ORDER BY,0.241,1,1.221,45.21,83.811,0.06
S019,52,Q333,HAVING,0.504,0,0.607,10.663,84.417,0.0
S019,53,Q128,SELECT,0.294,1,0.359,5.509,84.776,0.06
S019,54,Q209,STORED PROCEDURES,0.739,0,1.084,29.177,85.861,0.0
S019,55,Q201,AGGREGATE FUNCTIONS,0.359,1,1.735,15.092,87.595,0.06
S019,56,Q178,HAVING,0.584,0,0.239,3.417,87.835,0.0
S019,57,Q333,HAVING,0.504,1,2.506,2.506,90.341,0.06
S019,58,Q268,ORDER BY,0.425,0,1.89,8.42,92.231,0.0
S019,59,Q125,JOINS,0.518,1,0.255,92.486,92.486,0.06
S019,60,Q471,STORED PROCEDURES,0.749,0,1.457,8.083,93.943,0.0
S019,61,Q081,SELECT,0.21,1,0.571,9.738,94.514,0.06
S019,62,Q403,UNION,0.464,0,1.544,58.762,96.058,0.0
S019,63,Q400,VIEWS,0.655,0,0.805,70.471,96.863,0.0
S019,64,Q288,VIEWS,0.651,1,1.236,1.236,98.099,0.06
S019,65,Q427,HAVING,0.634,0,6.439,14.197,104.538,0.0
S019,66,Q010,UNION,0.357,1,2.075,10.555,106.613,0.06
S019,67,Q077,HAVING,0.485,1,0.466,2.541,107.079,0.06
S019,68,Q067,TRANSACTIONS,0.606,0,1.132,26.215,108.211,0.0
S019,69,Q232,PRIMARY KEY,0.433,0,2.018,108.027,110.229,0.0
S019,70,Q338,FOREIGN KEY,0.333,0,2.063,87.348,112.292,0.0
S019,71,Q486,INNER JOIN,0.576,0,1.904,91.43,114.196,0.0
S019,72,Q220,TRANSACTIONS,0.748,0,3.194,9.18,117.391,0.0
S019,73,Q292,HAVING,0.7,0,1.31,11.622,118.7,0.0
S019,74,Q235,AGGREGATE FUNCTIONS,0.512,0,0.803,31.908,119.503,0.0
S019,75,Q164,PRIMARY KEY,0.249,1,0.461,9.735,119.964,0.06
S019,76,Q005,GROUP BY,0.393,0,2.084,65.013,122.048,0.0
S019,77,Q270,INDEXING,0.717,1,1.78,60.51,123.829,0.06
S019,78,Q339,RIGHT JOIN,0.478,1,1.212,77.395,125.04,0.06
S019,79,Q211,GROUP BY,0.403,0,0.024,3.016,125.064,0.0
S019,80,Q077,HAVING,0.485,0,0.685,7.049,125.75,0.0
S019,81,Q310,WHERE,0.401,0,1.308,59.446,127.058,0.0
S019,82,Q279,FOREIGN KEY,0.269,1,0.379,15.144,127.437,0.06
S019,83,Q365,LEFT JOIN,0.529,0,1.532,51.088,128.968,0.0
S019,84,Q124,FOREIGN KEY,0.397,0,4.007,5.538,132.975,0.0
S019,85,Q022,UNION,0.499,1,1.256,27.618,134.231,0.06
S019,86,Q038,SELECT,0.2,0,0.152,39.868,134.382,0.0
S019,87,Q183,FOREIGN KEY,0.495,1,0.932,2.339,135.314,0.06
S019,88,Q086,HAVING,0.59,0,0.228,9.792,135.542,0.0
S019,89,Q346,NORMALIZATION,0.661,1,0.627,61.775,136.169,0.06
S019,90,Q245,SELECT,0.37,0,3.691,5.478,139.86,0.0
S019,91,Q028,STORED PROCEDURES,0.783,0,1.301,47.218,141.161,0.0
S019,92,Q300,VIEWS,0.627,0,0.269,43.33,141.429,0.0
S019,93,Q120,LEFT JOIN,0.655,0,6.869,19.33,148.298,0.0
S019,94,Q450,LEFT JOIN,0.595,0,0.282,0.282,148.58,0.0
S019,95,Q066,SELECT,0.207,0,3.815,12.535,152.395,0.0
S019,96,Q076,WHERE,0.378,0,1.748,27.085,154.143,0.0
S019,97,Q476,TRIGGERS,0.613,0,1.099,89.17,155.242,0.0
S019,98,Q174,SELECT,0.261,1,0.456,3.303,155.698,0.06
S019,99,Q070,HAVING,0.608,0,1.23,21.385,156.927,0.0
S019,100,Q176,PRIMARY KEY,0.27,0,0.138,37.101,157.065,0.0
S020,1,Q188,SUBQUERIES,0.835,1,3.023,3.023,3.023,0.4721
S020,2,Q434,LEFT JOIN,0.445,0,0.498,3.521,3.521,0.2158
S020,3,Q441,JOINS,0.52,0,1.566,5.087,5.087,0.1273
S020,4,Q438,GROUP BY,0.565,0,1.85,6.937,6.937,0.2448
S020,5,Q048,ORDER BY,0.318,0,3.86,10.798,10.798,0.1909
S020,6,Q202,PRIMARY KEY,0.254,1,0.626,11.424,11.424,0.2683
S020,7,Q163,INNER JOIN,0.376,1,0.863,12.286,12.286,0.2713
S020,8,Q198,TRIGGERS,0.796,1,0.047,12.333,12.333,0.1743
S020,9,Q316,JOINS,0.535,0,0.507,7.753,12.84,0.0
S020,10,Q151,INNER JOIN,0.5,1,0.628,1.182,13.468,0.3136
S020,11,Q253,STORED PROCEDURES,0.691,0,1.704,15.172,15.172,0.08
S020,12,Q381,WHERE,0.339,0,0.371,15.543,15.543,0.0634
S020,13,Q003,INNER JOIN,0.484,0,4.076,6.151,19.619,0.1963
S020,14,Q284,HAVING,0.408,0,4.143,23.763,23.763,0.0173
S020,15,Q364,WHERE,0.339,0,0.31,8.529,24.073,0.0
S020,16,Q024,VIEWS,0.478,1,0.907,24.98,24.98,0.1504
S020,17,Q175,INDEXING,0.505,0,0.184,25.164,25.164,0.0
S020,18,Q348,FOREIGN KEY,0.366,0,0.427,25.59,25.59,0.0
S020,19,Q155,TRIGGERS,0.651,0,0.032,13.289,25.622,0.0
S020,20,Q497,ORDER BY,0.261,0,1.432,16.256,27.054,0.0
S020,21,Q217,PRIMARY KEY,0.385,0,0.392,16.023,27.446,0.0029
S020,22,Q380,JOINS,0.601,0,1.469,16.075,28.915,0.0
S020,23,Q235,AGGREGATE FUNCTIONS,0.512,0,1.255,30.17,30.17,0.0
S020,24,Q401,UNION,0.473,1,1.168,31.338,31.338,0.06
S020,25,Q054,TRIGGERS,0.559,1,0.901,6.617,32.239,0.06
S020,26,Q035,PRIMARY KEY,0.235,0,0.305,5.098,32.544,0.0
S020,27,Q324,WHERE,0.282,0,0.15,8.622,32.694,0.0
S020,28,Q114,STORED PROCEDURES,0.598,0,2.52,20.042,35.214,0.0
S020,29,Q191,SELECT,0.285,0,1.627,36.841,36.841,0.0
S020,30,Q086,HAVING,0.59,0,1.766,14.844,38.606,0.0
S020,31,Q206,SUBQUERIES,0.557,0,0.794,36.378,39.401,0.0
S020,32,Q013,NORMALIZATION,0.686,0,0.104,39.505,39.505,0.0
S020,33,Q111,TRANSACTIONS,0.674,0,2.772,42.277,42.277,0.0
S020,34,Q438,GROUP BY,0.565,0,1.022,36.362,43.299,0.0
S020,35,Q164,PRIMARY KEY,0.249,1,0.189,10.944,43.488,0.06
S020,36,Q391,ORDER BY,0.213,0,2.343,18.777,45.831,0.0
S020,37,Q235,AGGREGATE FUNCTIONS,0.512,0,0.218,15.879,46.049,0.0
S020,38,Q183,FOREIGN KEY,0.495,0,0.395,20.853,46.444,0.0
S020,39,Q107,ORDER BY,0.414,0,0.79,1.403,47.233,0.0
S020,40,Q234,HAVING,0.621,0,0.014,8.641,47.247,0.0
S020,41,Q134,ORDER BY,0.387,0,0.704,0.718,47.952,0.0
S020,42,Q370,SELECT,0.152,0,0.637,11.747,48.588,0.0
S020,43,Q135,HAVING,0.678,1,1.373,2.714,49.961,0.06
S020,44,Q135,HAVING,0.678,1,4.225,4.225,54.186,0.06
S020,45,Q194,VIEWS,0.66,0,3.075,32.281,57.261,0.0
S020,46,Q368,WHERE,0.261,1,0.734,25.301,57.995,0.06
S020,47,Q244,LEFT JOIN,0.512,1,0.807,55.281,58.802,0.06
S020,48,Q474,LEFT JOIN,0.551,1,1.197,1.197,59.999,0.1021
S020,49,Q031,INDEXING,0.548,1,1.022,35.857,61.021,0.06
S020,50,Q207,WHERE,0.265,0,0.752,3.777,61.772,0.0
S020,51,Q368,WHERE,0.261,1,1.27,1.27,63.043,0.06
S020,52,Q411,SUBQUERIES,0.668,0,2.427,26.068,65.469,0.0
S020,53,Q035,PRIMARY KEY,0.235,1,2.833,24.814,68.302,0.06
S020,54,Q393,HAVING,0.419,0,0.764,14.88,69.066,0.0
S020,55,Q163,INNER JOIN,0.376,0,1.291,50.738,70.357,0.0
S020,56,Q055,INNER JOIN,0.493,0,2.134,2.134,72.492,0.0
S020,57,Q193,INDEXING,0.643,0,7.26,18.731,79.751,0.0
S020,58,Q409,FOREIGN KEY,0.381,0,2.5,35.807,82.251,0.0
S020,59,Q464,INNER JOIN,0.454,0,3.189,12.948,85.44,0.0
S020,60,Q195,TRANSACTIONS,0.673,0,0.849,44.011,86.289,0.0
S020,61,Q049,HAVING,0.692,0,0.421,17.643,86.71,0.0
S020,62,Q343,VIEWS,0.483,0,0.96,30.409,87.67,0.0
S020,63,Q358,INNER JOIN,0.377,1,1.565,3.796,89.236,0.06
S020,64,Q416,NORMALIZATION,0.673,0,0.057,49.788,89.293,0.0
S020,65,Q081,SELECT,0.21,1,0.453,41.158,89.746,0.06
S020,66,Q155,TRIGGERS,0.651,0,1.485,58.993,91.232,0.0
S020,67,Q468,INNER JOIN,0.4,1,2.587,4.583,93.819,0.06
S020,68,Q109,AGGREGATE FUNCTIONS,0.581,0,5.686,53.456,99.505,0.0
S020,69,Q161,SELECT,0.357,0,0.195,9.954,99.7,0.0
S020,70,Q029,WHERE,0.299,1,9.499,46.156,109.199,0.06
S020,71,Q280,JOINS,0.685,0,0.678,80.962,109.877,0.0
S020,72,Q105,RIGHT JOIN,0.534,0,0.353,110.229,110.229,0.0
S020,73,Q440,SUBQUERIES,0.653,0,0.228,44.988,110.457,0.0
S020,74,Q494,NORMALIZATION,0.671,0,2.339,23.503,112.796,0.0
S020,75,Q258,SELECT,0.206,0,4.5,17.596,117.296,0.0
S020,76,Q463,AGGREGATE FUNCTIONS,0.577,1,1.773,19.564,119.069,0.06
S020,77,Q358,INNER JOIN,0.377,1,1.132,26.382,120.201,0.06
S020,78,Q348,FOREIGN KEY,0.366,0,12.39,50.339,132.591,0.0
S020,79,Q190,SUBQUERIES,0.738,0,3.166,25.3,135.757,0.0
S020,80,Q244,LEFT JOIN,0.512,1,6.018,81.777,141.775,0.06
S020,81,Q300,VIEWS,0.627,0,0.047,54.152,141.822,0.0
S020,82,Q158,VIEWS,0.411,1,1.39,1.39,143.212,0.06
S020,83,Q293,JOINS,0.674,0,6.081,39.417,149.294,0.0
S020,84,Q158,VIEWS,0.411,0,0.029,6.11,149.323,0.0
S020,85,Q263,GROUP BY,0.516,1,0.25,106.274,149.573,0.06
S020,86,Q297,RIGHT JOIN,0.489,1,1.974,41.317,151.546,0.06
S020,87,Q127,WHERE,0.288,1,1.434,43.781,152.98,0.06
S020,88,Q411,SUBQUERIES,0.668,0,0.372,17.595,153.352,0.0
S020,89,Q394,UNION,0.411,1,0.585,122.6,153.938,0.06
S020,90,Q061,WHERE,0.356,1,2.357,3.314,156.294,0.0703
S020,91,Q041,SELECT,0.301,1,1.742,40.74,158.036,0.06
S020,92,Q267,SELECT,0.307,0,0.567,0.567,158.603,0.0265
S020,93,Q482,WHERE,0.334,0,1.481,3.79,160.084,0.0
S020,94,Q343,VIEWS,0.483,0,3.586,14.348,163.67,0.0
S020,95,Q158,VIEWS,0.411,0,0.543,0.543,164.213,0.0
S020,96,Q273,GROUP BY,0.489,0,3.838,18.477,168.05,0.0
S020,97,Q440,SUBQUERIES,0.653,1,0.097,14.795,168.147,0.06
S020,98,Q002,NORMALIZATION,0.72,0,1.774,57.125,169.921,0.0
S020,99,Q078,VIEWS,0.48,0,0.892,6.6,170.813,0.0
S020,100,Q163,INNER JOIN,0.376,0,1.108,51.719,171.92,0.0
S021,1,Q200,SELECT,0.313,1,0.961,0.961,0.961,0.4464
S021,2,Q138,TRANSACTIONS,0.588,0,1.925,2.887,2.887,0.1686
S021,3,Q279,FOREIGN KEY,0.269,1,2.766,5.653,5.653,0.3091
S021,4,Q029,WHERE,0.299,1,0.909,6.562,6.562,0.2053
S021,5,Q162,UNION,0.64,0,2.625,9.186,9.186,0.2717
S021,6,Q456,FOREIGN KEY,0.297,0,2.586,6.12,11.772,0.1923
S021,7,Q364,WHERE,0.339,0,1.542,6.753,13.314,0.079
S021,8,Q221,PRIMARY KEY,0.424,1,3.112,16.426,16.426,0.2252
S021,9,Q387,UNION,0.384,1,0.475,7.715,16.901,0.216
S021,10,Q010,UNION,0.357,0,1.144,1.144,18.045,0.1739
S021,11,Q449,HAVING,0.677,0,0.469,18.513,18.513,0.1819
S021,12,Q271,UNION,0.382,1,0.162,0.63,18.675,0.2244
S021,13,Q229,TRANSACTIONS,0.702,0,1.844,17.633,20.519,0.0
S021,14,Q456,FOREIGN KEY,0.297,0,1.862,10.609,22.381,0.0082
S021,15,Q083,JOINS,0.473,1,0.29,22.671,22.671,0.06
S021,16,Q012,INDEXING,0.52,1,1.585,24.256,24.256,0.0636
S021,17,Q435,NORMALIZATION,0.623,0,0.615,24.871,24.871,0.0612
S021,18,Q473,RIGHT JOIN,0.495,1,0.596,25.467,25.467,0.06
S021,19,Q324,WHERE,0.282,1,0.446,12.599,25.913,0.06
S021,20,Q251,TRIGGERS,0.583,0,4.172,30.085,30.085,0.0197
S021,21,Q066,SELECT,0.207,0,0.984,30.108,31.069,0.0
S021,22,Q145,VIEWS,0.655,0,0.352,31.422,31.422,0.0
S021,23,Q075,UNION,0.426,1,0.804,13.55,32.225,0.0812
S021,24,Q125,JOINS,0.518,0,0.603,10.158,32.829,0.0
S021,25,Q186,GROUP BY,0.402,0,1.411,34.239,34.239,0.0
S021,26,Q271,UNION,0.382,1,4.011,6.025,38.25,0.06
S021,27,Q017,INNER JOIN,0.354,1,2.255,40.506,40.506,0.06
S021,28,Q457,SELECT,0.367,0,1.724,11.16,42.23,0.0
S021,29,Q097,STORED PROCEDURES,0.801,1,0.806,43.036,43.036,0.06
S021,30,Q336,RIGHT JOIN,0.557,1,3.234,20.803,46.27,0.06
S021,31,Q208,INNER JOIN,0.385,0,0.393,6.157,46.663,0.0
S021,32,Q410,GROUP BY,0.445,1,1.14,13.563,47.803,0.06
S021,33,Q308,NORMALIZATION,0.626,0,0.789,23.721,48.592,0.0
S021,34,Q447,AGGREGATE FUNCTIONS,0.58,1,1.318,49.911,49.911,0.06
S021,35,Q250,INNER JOIN,0.477,0,2.159,5.407,52.07,0.0
S021,36,Q235,AGGREGATE FUNCTIONS,0.512,0,2.423,4.582,54.493,0.0
S021,37,Q115,STORED PROCEDURES,0.696,0,0.838,12.295,55.331,0.0
S021,38,Q346,NORMALIZATION,0.661,0,2.207,8.946,57.538,0.0
S021,39,Q016,INNER JOIN,0.401,0,2.316,7.784,59.854,0.0
S021,40,Q110,GROUP BY,0.62,0,0.787,12.838,60.641,0.0
S021,41,Q167,PRIMARY KEY,0.442,1,0.563,44.777,61.204,0.06
S021,42,Q310,WHERE,0.401,0,1.132,36.423,62.336,0.0
S021,43,Q373,AGGREGATE FUNCTIONS,0.326,1,1.705,9.548,64.041,0.06
S021,44,Q324,WHERE,0.282,0,0.5,2.205,64.54,0.0
S021,45,Q429,WHERE,0.391,1,0.456,0.456,64.997,0.06
S021,46,Q100,SUBQUERIES,0.627,1,0.399,65.396,65.396,0.06
S021,47,Q258,SELECT,0.206,0,1.235,24.402,66.631,0.0
S021,48,Q180,INDEXING,0.498,0,1.716,44.091,68.347,0.0
S021,49,Q324,WHERE,0.282,1,1.435,4.785,69.782,0.06
S021,50,Q411,SUBQUERIES,0.668,0,0.509,4.895,70.291,0.0
S021,51,Q234,HAVING,0.621,0,0.773,52.551,71.064,0.0
S021,52,Q318,SUBQUERIES,0.809,0,4.522,5.295,75.586,0.0
S021,53,Q191,SELECT,0.285,1,0.547,9.502,76.133,0.06
S021,54,Q367,HAVING,0.509,0,0.436,5.505,76.569,0.0
S021,55,Q132,VIEWS,0.698,1,0.163,45.311,76.733,0.06
S021,56,Q376,HAVING,0.695,0,1.839,2.002,78.572,0.0
S021,57,Q034,PRIMARY KEY,0.268,0,0.729,18.097,79.301,0.0
S021,58,Q272,LEFT JOIN,0.451,0,1.273,80.574,80.574,0.0
S021,59,Q473,RIGHT JOIN,0.495,0,0.819,35.122,81.393,0.0
S021,60,Q175,INDEXING,0.505,0,0.144,13.189,81.536,0.0
S021,61,Q351,NORMALIZATION,0.753,0,1.735,25.733,83.271,0.0
S021,62,Q443,AGGREGATE FUNCTIONS,0.346,0,1.449,20.679,84.72,0.0
S021,63,Q282,WHERE,0.221,0,0.999,15.938,85.72,0.0
S021,64,Q380,JOINS,0.601,1,3.607,56.498,89.327,0.06
S021,65,Q481,TRIGGERS,0.686,0,1.967,61.209,91.294,0.0
S021,66,Q281,HAVING,0.584,0,3.041,15.763,94.335,0.0
S021,67,Q235,AGGREGATE FUNCTIONS,0.512,1,0.107,9.722,94.442,0.06
S021,68,Q312,WHERE,0.288,0,7.063,15.786,101.505,0.0
S021,69,Q017,INNER JOIN,0.354,0,4.126,45.778,105.632,0.0
S021,70,Q010,UNION,0.357,0,0.03,67.411,105.662,0.0
S021,71,Q306,UNION,0.518,0,0.612,0.612,106.274,0.0
S021,72,Q241,STORED PROCEDURES,0.818,0,0.648,51.591,106.921,0.0
S021,73,Q205,VIEWS,0.597,0,0.513,30.702,107.434,0.0
S021,74,Q267,SELECT,0.307,0,1.726,33.027,109.16,0.0
S021,75,Q289,WHERE,0.209,0,4.146,11.801,113.306,0.0
S021,76,Q229,TRANSACTIONS,0.702,0,2.211,94.998,115.517,0.0
S021,77,Q001,INNER JOIN,0.589,0,0.09,9.976,115.608,0.0
S021,78,Q266,FOREIGN KEY,0.324,1,2.498,95.724,118.106,0.06
S021,79,Q080,HAVING,0.504,0,0.024,23.795,118.129,0.0
S021,80,Q401,UNION,0.473,0,0.686,12.542,118.815,0.0
S021,81,Q211,GROUP BY,0.403,0,0.564,58.738,119.379,0.0
S021,82,Q298,TRIGGERS,0.632,1,3.962,32.047,123.341,0.06
S021,83,Q034,PRIMARY KEY,0.268,1,0.154,44.195,123.495,0.06
S021,84,Q449,HAVING,0.677,0,0.276,5.642,123.772,0.0
S021,85,Q059,PRIMARY KEY,0.219,0,0.202,0.478,123.973,0.0278
S021,86,Q390,GROUP BY,0.446,0,0.007,4.601,123.98,0.0
S021,87,Q071,SUBQUERIES,0.651,0,2.391,50.785,126.372,0.0
S021,88,Q254,TRANSACTIONS,0.536,0,0.877,11.731,127.249,0.0
S021,89,Q069,LEFT JOIN,0.56,0,0.161,46.836,127.41,0.0
S021,90,Q227,NORMALIZATION,0.525,0,1.858,45.996,129.267,0.0
S021,91,Q280,JOINS,0.685,0,1.966,41.907,131.234,0.0
S021,92,Q399,JOINS,0.524,0,1.66,1.66,132.894,0.0
S021,93,Q485,GROUP BY,0.405,0,0.062,8.976,132.956,0.0
S021,94,Q471,STORED PROCEDURES,0.749,1,3.816,29.851,136.772,0.06
S021,95,Q274,STORED PROCEDURES,0.63,0,0.343,0.343,137.115,0.0299
S021,96,Q448,GROUP BY,0.626,0,2.948,7.106,140.063,0.0
S021,97,Q424,SELECT,0.283,0,0.209,31.111,140.272,0.0
S021,98,Q373,AGGREGATE FUNCTIONS,0.326,0,0.134,45.964,140.406,0.0
S021,99,Q058,AGGREGATE FUNCTIONS,0.361,0,3.477,3.477,143.882,0.0
S021,100,Q211,GROUP BY,0.403,0,0.021,3.841,143.903,0.0
S022,1,Q404,SELECT,0.335,1,0.981,0.981,0.981,0.3146
S022,2,Q372,INDEXING,0.498,1,0.629,1.61,1.61,0.4099
S022,3,Q455,FOREIGN KEY,0.309,0,0.215,1.826,1.826,0.2446
S022,4,Q356,HAVING,0.455,0,2.033,3.859,3.859,0.1711
S022,5,Q095,TRANSACTIONS,0.782,1,0.228,4.087,4.087,0.3584
S022,6,Q418,WHERE,0.336,1,0.613,4.7,4.7,0.205
S022,7,Q144,SUBQUERIES,0.813,1,1.925,6.626,6.626,0.2798
S022,8,Q499,FOREIGN KEY,0.458,0,2.819,7.619,9.444,0.1053
S022,9,Q250,INNER JOIN,0.477,1,1.673,11.118,11.118,0.1242
S022,10,Q085,VIEWS,0.618,1,5.232,16.35,16.35,0.091
S022,11,Q092,GROUP BY,0.355,0,0.147,16.497,16.497,0.0
S022,12,Q252,ORDER BY,0.263,1,2.762,19.259,19.259,0.1631
S022,13,Q168,SUBQUERIES,0.647,0,1.797,14.431,21.057,0.0384
S022,14,Q301,WHERE,0.29,0,2.329,18.685,23.385,0.0
S022,15,Q128,SELECT,0.294,0,0.412,22.816,23.797,0.0
S022,16,Q257,VIEWS,0.425,0,0.337,7.784,24.134,0.0
S022,17,Q275,HAVING,0.692,1,2.13,22.405,26.264,0.06
S022,18,Q343,VIEWS,0.483,0,0.972,3.102,27.236,0.0
S022,19,Q141,ORDER BY,0.343,1,2.952,10.929,30.188,0.06
S022,20,Q252,ORDER BY,0.263,1,0.532,0.532,30.72,0.112
S022,21,Q475,SELECT,0.227,0,0.283,7.205,31.003,0.0
S022,22,Q308,NORMALIZATION,0.626,1,0.21,31.213,31.213,0.0837
S022,23,Q072,NORMALIZATION,0.55,1,1.176,1.176,32.39,0.1261
S022,24,Q373,AGGREGATE FUNCTIONS,0.326,0,2.617,35.007,35.007,0.0
S022,25,Q492,ORDER BY,0.258,1,1.227,5.514,36.234,0.0893
S022,26,Q495,TRIGGERS,0.746,0,2.046,38.28,38.28,0.0
S022,27,Q398,AGGREGATE FUNCTIONS,0.442,0,0.203,3.476,38.483,0.0
S022,28,Q189,GROUP BY,0.364,1,0.931,22.917,39.414,0.06
S022,29,Q459,NORMALIZATION,0.516,0,0.613,7.637,40.027,0.0
S022,30,Q218,ORDER BY,0.226,0,2.585,6.378,42.612,0.0
S022,31,Q219,VIEWS,0.56,0,0.041,15.417,42.653,0.0
S022,32,Q417,VIEWS,0.67,1,2.097,2.097,44.75,0.06
S022,33,Q108,SELECT,0.311,0,3.083,16.831,47.834,0.0
S022,34,Q309,HAVING,0.586,0,2.658,24.227,50.492,0.0
S022,35,Q329,LEFT JOIN,0.609,1,1.009,51.501,51.501,0.06
S022,36,Q128,SELECT,0.294,0,0.572,4.24,52.073,0.0
S022,37,Q181,FOREIGN KEY,0.273,0,0.954,43.583,53.027,0.0
S022,38,Q249,TRIGGERS,0.783,0,2.513,17.26,55.54,0.0
S022,39,Q436,PRIMARY KEY,0.38,1,0.016,55.555,55.555,0.06
S022,40,Q388,FOREIGN KEY,0.322,0,2.163,4.692,57.719,0.0
S022,41,Q348,FOREIGN KEY,0.366,0,2.981,2.981,60.7,0.0
S022,42,Q435,NORMALIZATION,0.623,0,0.255,20.928,60.955,0.0
S022,43,Q286,STORED PROCEDURES,0.846,0,1.404,62.359,62.359,0.0
S022,44,Q242,WHERE,0.22,0,0.737,39.71,63.095,0.0
S022,45,Q283,STORED PROCEDURES,0.715,0,1.04,1.777,64.136,0.0
S022,46,Q243,HAVING,0.47,0,1.085,14.729,65.221,0.0
S022,47,Q371,JOINS,0.51,1,0.104,65.325,65.325,0.06
S022,48,Q415,SELECT,0.337,1,1.014,14.266,66.339,0.06
S022,49,Q192,PRIMARY KEY,0.241,0,0.517,11.301,66.856,0.0
S022,50,Q238,VIEWS,0.43,0,1.397,23.503,68.253,0.0
S022,51,Q019,RIGHT JOIN,0.455,0,2.057,70.31,70.31,0.0
S022,52,Q112,INDEXING,0.48,0,1.827,70.527,72.137,0.0
S022,53,Q221,PRIMARY KEY,0.424,1,2.932,8.213,75.069,0.06
S022,54,Q437,TRIGGERS,0.758,1,0.572,20.101,75.641,0.06
S022,55,Q381,WHERE,0.339,0,1.16,13.705,76.8,0.0
S022,56,Q500,GROUP BY,0.633,0,2.853,40.24,79.654,0.0
S022,57,Q018,FOREIGN KEY,0.452,0,1.069,20.023,80.723,0.0
S022,58,Q385,GROUP BY,0.478,1,0.633,1.702,81.355,0.06
S022,59,Q035,PRIMARY KEY,0.235,0,0.903,7.189,82.258,0.0
S022,60,Q308,NORMALIZATION,0.626,0,3.28,24.583,85.538,0.0
S022,61,Q363,NORMALIZATION,0.675,0,2.145,2.145,87.683,0.0
S022,62,Q197,SELECT,0.265,1,0.961,22.306,88.645,0.06
S022,63,Q026,JOINS,0.462,0,0.017,23.337,88.662,0.0
S022,64,Q484,JOINS,0.63,1,0.469,0.469,89.131,0.06
S022,65,Q077,HAVING,0.485,0,0.554,24.463,89.684,0.0
S022,66,Q255,RIGHT JOIN,0.673,0,1.871,21.245,91.555,0.0
S022,67,Q409,FOREIGN KEY,0.381,1,2.975,13.808,94.531,0.06
S022,68,Q206,SUBQUERIES,0.557,0,0.319,73.794,94.85,0.0
S022,69,Q255,RIGHT JOIN,0.673,0,1.535,4.83,96.386,0.0
S022,70,Q318,SUBQUERIES,0.809,0,2.063,3.599,98.449,0.0
S022,71,Q348,FOREIGN KEY,0.366,0,0.807,4.726,99.257,0.0
S022,72,Q494,NORMALIZATION,0.671,1,0.454,12.028,99.711,0.06
S022,73,Q176,PRIMARY KEY,0.27,1,0.187,17.64,99.898,0.06
S022,74,Q135,HAVING,0.678,0,3.402,13.616,103.3,0.0
S022,75,Q243,HAVING,0.47,1,0.874,0.874,104.174,0.06
S022,76,Q056,GROUP BY,0.622,0,2.015,24.833,106.189,0.0
S022,77,Q088,INDEXING,0.69,0,4.713,38.765,110.902,0.0
S022,78,Q215,VIEWS,0.633,1,1.736,44.385,112.638,0.06
S022,79,Q182,NORMALIZATION,0.512,1,2.441,15.368,115.079,0.06
S022,80,Q478,VIEWS,0.411,0,0.16,2.601,115.239,0.0
S022,81,Q175,INDEXING,0.505,0,0.524,4.861,115.763,0.0
S022,82,Q481,TRIGGERS,0.686,0,0.034,40.156,115.797,0.0
S022,83,Q404,SELECT,0.335,1,0.281,27.434,116.078,0.06
S022,84,Q093,ORDER BY,0.402,0,1.696,75.162,117.774,0.0
S022,85,Q487,SUBQUERIES,0.631,0,4.693,24.018,122.467,0.0
S022,86,Q077,HAVING,0.485,0,0.175,18.468,122.642,0.0
S022,87,Q164,PRIMARY KEY,0.249,1,1.913,24.657,124.555,0.06
S022,88,Q327,INDEXING,0.496,0,2.166,10.958,126.721,0.0
S022,89,Q378,AGGREGATE FUNCTIONS,0.56,1,0.3,88.538,127.021,0.06
S022,90,Q488,FOREIGN KEY,0.382,1,3.433,31.198,130.454,0.06
S022,91,Q382,LEFT JOIN,0.543,1,0.308,79.262,130.763,0.06
S022,92,Q068,ORDER BY,0.202,0,0.834,13.823,131.597,0.0
S022,93,Q449,HAVING,0.677,0,0.57,9.524,132.167,0.0
S022,94,Q335,JOINS,0.436,1,1.408,44.444,133.574,0.06
S022,95,Q246,VIEWS,0.684,1,0.25,18.585,133.824,0.06
S022,96,Q413,LEFT JOIN,0.513,0,0.186,3.247,134.01,0.0
S022,97,Q408,HAVING,0.471,0,0.509,2.352,134.519,0.0
S022,98,Q178,HAVING,0.584,1,0.902,0.902,135.421,0.06
S022,99,Q039,AGGREGATE FUNCTIONS,0.36,0,0.577,8.977,135.998,0.0
S022,100,Q057,INNER JOIN,0.473,0,0.991,125.871,136.989,0.0
S023,1,Q015,ORDER BY,0.415,0,2.808,2.808,2.808,0.1759
S023,2,Q062,JOINS,0.537,0,2.369,5.177,5.177,0.1461
S023,3,Q455,FOREIGN KEY,0.309,0,1.156,6.333,6.333,0.3736
S023,4,Q457,SELECT,0.367,0,1.132,7.465,7.465,0.1007
S023,5,Q149,ORDER BY,0.264,1,1.512,6.17,8.978,0.1434
S023,6,Q245,SELECT,0.37,0,0.741,2.254,9.719,0.0419
S023,7,Q293,JOINS,0.674,0,1.169,5.712,10.888,0.0354
S023,8,Q317,NORMALIZATION,0.619,1,0.504,11.392,11.392,0.2014
S023,9,Q034,PRIMARY KEY,0.268,0,3.157,14.549,14.549,0.1552
S023,10,Q197,SELECT,0.265,1,0.205,5.035,14.754,0.06
S023,11,Q232,PRIMARY KEY,0.433,0,0.761,0.966,15.516,0.1158
S023,12,Q052,RIGHT JOIN,0.663,1,2.434,17.949,17.949,0.06
S023,13,Q221,PRIMARY KEY,0.424,1,0.151,2.584,18.1,0.137
S023,14,Q493,LEFT JOIN,0.431,0,0.664,18.763,18.763,0.1128
S023,15,Q271,UNION,0.382,0,0.78,19.544,19.544,0.0
S023,16,Q015,ORDER BY,0.415,0,0.662,11.228,20.205,0.0
S023,17,Q471,STORED PROCEDURES,0.749,0,2.642,22.848,22.848,0.0815
S023,18,Q319,HAVING,0.639,0,5.046,27.894,27.894,0.0
S023,19,Q308,NORMALIZATION,0.626,0,0.996,17.498,28.89,0.0
S023,20,Q426,JOINS,0.626,0,1.004,19.005,29.894,0.0
S023,21,Q255,RIGHT JOIN,0.673,0,0.481,12.426,30.375,0.0
S023,22,Q478,VIEWS,0.411,0,0.507,30.882,30.882,0.0
S023,23,Q195,TRANSACTIONS,0.673,0,10.932,41.814,41.814,0.0
S023,24,Q245,SELECT,0.37,0,0.285,27.344,42.099,0.0
S023,25,Q212,RIGHT JOIN,0.621,0,0.365,12.088,42.463,0.0
S023,26,Q131,ORDER BY,0.392,0,3.244,25.502,45.708,0.0
S023,27,Q049,HAVING,0.692,0,2.449,20.263,48.157,0.0
S023,28,Q290,SELECT,0.153,0,2.158,8.217,50.315,0.0
S023,29,Q175,INDEXING,0.505,0,0.556,50.871,50.871,0.0
S023,30,Q102,TRANSACTIONS,0.659,1,0.773,9.831,51.645,0.06
S023,31,Q443,AGGREGATE FUNCTIONS,0.346,1,0.013,51.658,51.658,0.06
S023,32,Q193,INDEXING,0.643,0,0.641,1.428,52.299,0.0
S023,33,Q387,UNION,0.384,0,0.002,32.757,52.301,0.0
S023,34,Q282,WHERE,0.221,0,2.962,55.263,55.263,0.0
S023,35,Q492,ORDER BY,0.258,0,1.003,10.559,56.267,0.0
S023,36,Q379,JOINS,0.693,0,0.431,26.804,56.698,0.0
S023,37,Q148,SUBQUERIES,0.793,0,0.692,57.39,57.39,0.0
S023,38,Q437,TRIGGERS,0.758,0,7.478,64.868,64.868,0.0
S023,39,Q446,NORMALIZATION,0.718,1,0.753,36.731,65.621,0.06
S023,40,Q410,GROUP BY,0.445,0,0.154,65.775,65.775,0.0
S023,41,Q253,STORED PROCEDURES,0.691,0,8.287,51.214,74.062,0.0
S023,42,Q441,JOINS,0.52,0,6.41,23.774,80.472,0.0
S023,43,Q060,TRIGGERS,0.598,0,1.391,16.995,81.864,0.0
S023,44,Q316,JOINS,0.535,0,0.451,1.842,82.315,0.0
S023,45,Q246,VIEWS,0.684,0,1.682,53.115,83.997,0.0
S023,46,Q417,VIEWS,0.67,1,1.173,1.173,85.17,0.06
S023,47,Q291,JOINS,0.608,1,2.483,5.338,87.653,0.06
S023,48,Q394,UNION,0.411,1,1.054,36.407,88.707,0.06
S023,49,Q090,JOINS,0.609,0,2.633,3.687,91.34,0.0
S023,50,Q101,INDEXING,0.695,0,1.187,40.228,92.527,0.0
S023,51,Q497,ORDER BY,0.261,0,0.894,37.155,93.421,0.0
S023,52,Q199,UNION,0.466,0,1.332,6.046,94.754,0.0
S023,53,Q149,ORDER BY,0.264,0,0.329,1.661,95.083,0.0
S023,54,Q108,SELECT,0.311,0,1.038,45.806,96.121,0.0
S023,55,Q281,HAVING,0.584,0,0.894,48.858,97.015,0.0
S023,56,Q375,TRIGGERS,0.555,1,0.753,15.905,97.768,0.06
S023,57,Q194,VIEWS,0.66,0,0.853,13.451,98.621,0.0
S023,58,Q187,HAVING,0.52,1,3.436,5.043,102.057,0.06
S023,59,Q462,TRANSACTIONS,0.661,0,1.228,51.64,103.285,0.0
S023,60,Q271,UNION,0.382,0,1.591,10.122,104.876,0.0
S023,61,Q467,TRIGGERS,0.624,0,4.411,11.519,109.287,0.0
S023,62,Q004,AGGREGATE FUNCTIONS,0.438,0,1.184,58.813,110.471,0.0
S023,63,Q055,INNER JOIN,0.493,0,0.591,111.062,111.062,0.0
S023,64,Q156,WHERE,0.223,0,0.241,56.04,111.303,0.0
S023,65,Q087,JOINS,0.52,1,0.014,19.976,111.317,0.06
S023,66,Q395,LEFT JOIN,0.643,0,3.201,95.755,114.518,0.0
S023,67,Q306,UNION,0.518,0,1.321,10.963,115.839,0.0
S023,68,Q470,AGGREGATE FUNCTIONS,0.49,0,0.555,5.923,116.394,0.0
S023,69,Q353,PRIMARY KEY,0.417,0,0.838,99.132,117.232,0.0
S023,70,Q396,SELECT,0.185,0,0.018,21.129,117.25,0.0
S023,71,Q342,AGGREGATE FUNCTIONS,0.576,1,1.396,2.252,118.647,0.06
S023,72,Q236,NORMALIZATION,0.543,0,3.672,56.697,122.318,0.0
S023,73,Q465,WHERE,0.43,1,3.945,14.96,126.263,0.06
S023,74,Q102,TRANSACTIONS,0.659,0,0.406,23.384,126.669,0.0
S023,75,Q165,NORMALIZATION,0.71,1,3.546,7.897,130.215,0.06
S023,76,Q086,HAVING,0.59,0,0.105,28.263,130.321,0.0
S023,77,Q226,TRANSACTIONS,0.672,0,1.058,4.71,131.379,0.0
S023,78,Q048,ORDER BY,0.318,1,0.834,37.13,132.213,0.06
S023,79,Q456,FOREIGN KEY,0.297,0,0.099,125.979,132.312,0.0
S023,80,Q476,TRIGGERS,0.613,0,3.223,26.248,135.535,0.0
S023,81,Q337,FOREIGN KEY,0.341,0,1.722,4.945,137.257,0.0
S023,82,Q364,WHERE,0.339,1,0.738,11.732,137.995,0.06
S023,83,Q012,INDEXING,0.52,0,1.465,46.932,139.459,0.0
S023,84,Q152,PRIMARY KEY,0.249,0,0.66,22.887,140.119,0.0
S023,85,Q013,NORMALIZATION,0.686,1,0.249,10.153,140.368,0.06
S023,86,Q456,FOREIGN KEY,0.297,0,0.908,4.02,141.277,0.0
S023,87,Q071,SUBQUERIES,0.651,0,0.983,84.869,142.259,0.0
S023,88,Q043,RIGHT JOIN,0.724,0,0.141,99.937,142.401,0.0
S023,89,Q476,TRIGGERS,0.613,0,0.262,7.128,142.663,0.0
S023,90,Q015,ORDER BY,0.415,0,0.083,10.533,142.746,0.0
S023,91,Q320,SUBQUERIES,0.828,0,1.441,1.928,144.187,0.0
S023,92,Q325,AGGREGATE FUNCTIONS,0.474,0,0.198,25.739,144.385,0.0
S023,93,Q002,NORMALIZATION,0.72,0,2.067,6.084,146.452,0.0
S023,94,Q465,WHERE,0.43,1,0.286,8.744,146.738,0.06
S023,95,Q458,TRIGGERS,0.727,0,0.36,4.435,147.098,0.0
S023,96,Q191,SELECT,0.285,0,0.353,30.201,147.451,0.0
S023,97,Q047,LEFT JOIN,0.482,1,0.181,33.114,147.632,0.06
S023,98,Q159,JOINS,0.491,0,3.434,39.749,151.066,0.0
S023,99,Q150,PRIMARY KEY,0.22,0,0.109,11.056,151.175,0.0
S023,100,Q085,VIEWS,0.618,0,0.763,53.316,151.938,0.0
S024,1,Q213,ORDER BY,0.448,1,2.81,2.81,2.81,0.4934
S024,2,Q342,AGGREGATE FUNCTIONS,0.576,1,0.795,3.605,3.605,0.3874
S024,3,Q309,HAVING,0.586,1,0.621,4.227,4.227,0.4789
S024,4,Q174,SELECT,0.261,0,2.223,6.45,6.45,0.1122
S024,5,Q362,RIGHT JOIN,0.6,0,2.507,8.957,8.957,0.1452
S024,6,Q053,SUBQUERIES,0.682,0,1.613,10.57,10.57,0.0642
S024,7,Q392,STORED PROCEDURES,0.686,0,0.024,10.595,10.595,0.0488
S024,8,Q479,INDEXING,0.619,1,0.138,10.732,10.732,0.1262
S024,9,Q261,NORMALIZATION,0.767,0,5.013,15.745,15.745,0.1646
S024,10,Q250,INNER JOIN,0.477,0,1.892,17.636,17.636,0.1105
S024,11,Q112,INDEXING,0.48,0,0.035,6.939,17.672,0.0
S024,12,Q210,GROUP BY,0.475,0,0.203,17.875,17.875,0.0871
S024,13,Q211,GROUP BY,0.403,0,1.018,1.018,18.892,0.0468
S024,14,Q103,WHERE,0.449,1,7.245,26.138,26.138,0.1066
S024,15,Q088,INDEXING,0.69,0,0.497,8.963,26.635,0.0
S024,16,Q425,INNER JOIN,0.522,0,0.062,9.06,26.697,0.0
S024,17,Q301,WHERE,0.29,0,1.395,1.954,28.091,0.0523
S024,18,Q078,VIEWS,0.48,1,0.638,28.729,28.729,0.06
S024,19,Q300,VIEWS,0.627,1,0.136,0.136,28.865,0.118
S024,20,Q007,WHERE,0.38,0,1.291,2.064,30.155,0.0
S024,21,Q477,TRIGGERS,0.655,0,1.481,31.636,31.636,0.0
S024,22,Q216,HAVING,0.472,1,0.113,27.522,31.749,0.126
S024,23,Q330,ORDER BY,0.419,0,0.809,29.747,32.557,0.0222
S024,24,Q317,NORMALIZATION,0.619,0,0.745,17.557,33.302,0.0
S024,25,Q384,JOINS,0.69,0,0.095,33.398,33.398,0.0
S024,26,Q166,LEFT JOIN,0.618,1,1.075,34.472,34.472,0.06
S024,27,Q103,WHERE,0.449,0,0.554,4.871,35.026,0.0
S024,28,Q104,UNION,0.517,0,3.792,38.818,38.818,0.0
S024,29,Q116,ORDER BY,0.363,0,0.533,6.794,39.351,0.0
S024,30,Q125,JOINS,0.518,0,3.135,9.088,42.486,0.0
S024,31,Q402,AGGREGATE FUNCTIONS,0.582,0,0.308,39.188,42.794,0.0
S024,32,Q254,TRANSACTIONS,0.536,0,0.867,43.661,43.661,0.0
S024,33,Q037,INNER JOIN,0.477,0,1.118,18.082,44.779,0.0
S024,34,Q145,VIEWS,0.655,0,1.756,17.67,46.535,0.0
S024,35,Q046,HAVING,0.619,0,7.821,22.607,54.356,0.0
S024,36,Q447,AGGREGATE FUNCTIONS,0.58,0,1.281,12.843,55.637,0.0
S024,37,Q455,FOREIGN KEY,0.309,1,0.409,56.046,56.046,0.06
S024,38,Q046,HAVING,0.619,0,1.434,3.124,57.48,0.0
S024,39,Q014,UNION,0.504,0,2.682,21.344,60.162,0.0
S024,40,Q028,STORED PROCEDURES,0.783,0,1.571,51.138,61.733,0.0
S024,41,Q419,LEFT JOIN,0.469,0,1.89,29.151,63.623,0.0
S024,42,Q114,STORED PROCEDURES,0.598,1,0.007,1.897,63.629,0.06
S024,43,Q059,PRIMARY KEY,0.219,1,0.251,63.88,63.88,0.06
S024,44,Q303,WHERE,0.319,0,0.702,29.555,64.582,0.0
S024,45,Q113,ORDER BY,0.443,1,4.06,29.29,68.641,0.06
S024,46,Q097,STORED PROCEDURES,0.801,1,0.578,5.589,69.219,0.06
S024,47,Q442,NORMALIZATION,0.586,0,0.011,35.928,69.23,0.0
S024,48,Q217,PRIMARY KEY,0.385,0,0.559,5.909,69.789,0.0
S024,49,Q196,STORED PROCEDURES,0.722,0,0.755,1.325,70.544,0.0151
S024,50,Q056,GROUP BY,0.622,0,1.021,52.673,71.565,0.0
S024,51,Q009,SELECT,0.226,0,1.048,66.163,72.613,0.0
S024,52,Q161,SELECT,0.357,1,0.117,0.117,72.73,0.06
S024,53,Q441,JOINS,0.52,0,0.258,30.503,72.989,0.0
S024,54,Q388,FOREIGN KEY,0.322,1,2.112,19.055,75.101,0.06
S024,55,Q379,JOINS,0.693,1,3.082,5.194,78.183,0.06
S024,56,Q140,STORED PROCEDURES,0.717,1,1.21,8.85,79.393,0.06
S024,57,Q258,SELECT,0.206,0,0.327,6.99,79.72,0.0
S024,58,Q134,ORDER BY,0.387,0,0.364,11.443,80.084,0.0
S024,59,Q095,TRANSACTIONS,0.782,1,0.233,36.657,80.318,0.06
S024,60,Q268,ORDER BY,0.425,0,0.88,1.113,81.198,0.0
S024,61,Q240,LEFT JOIN,0.422,1,2.972,20.547,84.169,0.06
S024,62,Q025,LEFT JOIN,0.627,0,2.641,2.641,86.81,0.0
S024,63,Q497,ORDER BY,0.261,1,0.009,5.622,86.819,0.06
S024,64,Q473,RIGHT JOIN,0.495,1,0.198,78.06,87.017,0.06
S024,65,Q396,SELECT,0.185,1,0.819,8.116,87.836,0.06
S024,66,Q390,GROUP BY,0.446,0,1.652,17.923,89.488,0.0
S024,67,Q254,TRANSACTIONS,0.536,0,2.391,11.562,91.88,0.0
S024,68,Q008,JOINS,0.4,0,0.74,14.436,92.619,0.0
S024,69,Q463,AGGREGATE FUNCTIONS,0.577,0,5.002,41.985,97.622,0.0
S024,70,Q430,SUBQUERIES,0.653,0,3.973,91.025,101.595,0.0
S024,71,Q439,HAVING,0.648,1,0.363,44.478,101.958,0.06
S024,72,Q013,NORMALIZATION,0.686,0,0.423,33.151,102.381,0.0
S024,73,Q464,INNER JOIN,0.454,0,0.763,58.365,103.144,0.0
S024,74,Q354,JOINS,0.56,0,1.248,11.773,104.392,0.0
S024,75,Q068,ORDER BY,0.202,0,0.04,17.613,104.432,0.0
S024,76,Q448,GROUP BY,0.626,1,1.409,16.353,105.842,0.06
S024,77,Q252,ORDER BY,0.263,1,0.32,1.729,106.162,0.06
S024,78,Q107,ORDER BY,0.414,0,0.018,0.018,106.179,0.0347
S024,79,Q125,JOINS,0.518,0,2.442,4.229,108.621,0.0
S024,80,Q496,NORMALIZATION,0.716,0,1.271,7.51,109.891,0.0
S024,81,Q433,TRANSACTIONS,0.619,0,1.702,19.713,111.593,0.0
S024,82,Q310,WHERE,0.401,0,0.124,47.136,111.718,0.0
S024,83,Q489,SELECT,0.156,1,1.775,25.657,113.493,0.06
S024,84,Q077,HAVING,0.485,0,1.548,13.083,115.041,0.0
S024,85,Q363,NORMALIZATION,0.675,1,2.139,7.289,117.18,0.06
S024,86,Q074,VIEWS,0.476,0,1.209,71.855,118.39,0.0
S024,87,Q380,JOINS,0.601,1,1.816,11.585,120.205,0.06
S024,88,Q096,LEFT JOIN,0.516,0,2.555,35.951,122.761,0.0
S024,89,Q385,GROUP BY,0.478,1,1.542,18.461,124.303,0.06
S024,90,Q132,VIEWS,0.698,0,0.971,6.884,125.274,0.0
S024,91,Q332,TRIGGERS,0.562,1,4.548,98.186,129.822,0.06
S024,92,Q168,SUBQUERIES,0.647,1,0.171,28.398,129.993,0.06
S024,93,Q421,JOINS,0.5,0,0.063,9.851,130.056,0.0
S024,94,Q369,PRIMARY KEY,0.283,1,0.859,61.127,130.915,0.06
S024,95,Q017,INNER JOIN,0.354,0,1.139,28.911,132.055,0.0
S024,96,Q457,SELECT,0.367,0,1.034,19.595,133.089,0.0
S024,97,Q102,TRANSACTIONS,0.659,0,3.936,25.432,137.025,0.0
S024,98,Q083,JOINS,0.473,0,0.081,7.05,137.106,0.0
S024,99,Q411,SUBQUERIES,0.668,0,2.208,9.32,139.313,0.0
S024,100,Q350,TRIGGERS,0.764,0,0.059,9.551,139.373,0.0
S025,1,Q051,FOREIGN KEY,0.373,0,2.376,2.376,2.376,0.2535
S025,2,Q068,ORDER BY,0.202,1,0.547,2.923,2.923,0.4866
S025,3,Q057,INNER JOIN,0.473,1,1.063,3.985,3.985,0.3129
S025,4,Q062,JOINS,0.537,0,8.709,12.694,12.694,0.2453
S025,5,Q178,HAVING,0.584,0,0.496,13.19,13.19,0.0723
S025,6,Q019,RIGHT JOIN,0.455,0,2.687,15.877,15.877,0.1316
S025,7,Q237,SUBQUERIES,0.801,0,0.746,16.623,16.623,0.0242
S025,8,Q150,PRIMARY KEY,0.22,0,1.996,18.619,18.619,0.0647
S025,9,Q224,RIGHT JOIN,0.546,0,0.223,2.965,18.843,0.0621
S025,10,Q274,STORED PROCEDURES,0.63,0,0.445,19.288,19.288,0.019
S025,11,Q451,VIEWS,0.573,0,1.01,20.297,20.297,0.0342
S025,12,Q476,TRIGGERS,0.613,0,4.59,24.888,24.888,0.0
S025,13,Q138,TRANSACTIONS,0.588,0,0.552,25.439,25.439,0.0
S025,14,Q054,TRIGGERS,0.559,0,0.568,1.119,26.007,0.0
S025,15,Q081,SELECT,0.21,1,0.664,26.671,26.671,0.1376
S025,16,Q407,ORDER BY,0.241,0,0.373,24.121,27.044,0.0998
S025,17,Q295,SUBQUERIES,0.805,1,4.33,14.751,31.374,0.06
S025,18,Q447,AGGREGATE FUNCTIONS,0.58,0,0.748,32.122,32.122,0.0
S025,19,Q487,SUBQUERIES,0.631,0,2.612,3.36,34.734,0.0
S025,20,Q108,SELECT,0.311,0,0.046,8.109,34.78,0.0
S025,21,Q290,SELECT,0.153,0,0.464,0.464,35.245,0.0
S025,22,Q427,HAVING,0.634,0,1.092,23.146,36.337,0.0
S025,23,Q455,FOREIGN KEY,0.309,0,1.901,35.862,38.238,0.0
S025,24,Q207,WHERE,0.265,0,1.924,40.161,40.161,0.0
S025,25,Q343,VIEWS,0.483,1,2.055,21.919,42.216,0.06
S025,26,Q227,NORMALIZATION,0.525,0,2.109,44.325,44.325,0.0
S025,27,Q389,HAVING,0.552,1,1.471,9.46,45.797,0.06
S025,28,Q444,PRIMARY KEY,0.235,1,0.384,27.562,46.181,0.06
S025,29,Q128,SELECT,0.294,0,0.053,10.989,46.234,0.0
S025,30,Q394,UNION,0.411,0,1.817,48.051,48.051,0.0
S025,31,Q473,RIGHT JOIN,0.495,1,0.9,30.108,48.95,0.06
S025,32,Q384,JOINS,0.69,0,4.137,40.393,53.087,0.0
S025,33,Q120,LEFT JOIN,0.655,0,1.109,54.196,54.196,0.0
S025,34,Q167,PRIMARY KEY,0.442,0,1.889,9.905,56.085,0.0
S025,35,Q002,NORMALIZATION,0.72,1,4.0,15.76,60.086,0.06
S025,36,Q326,AGGREGATE FUNCTIONS,0.323,1,0.378,28.342,60.464,0.06
S025,37,Q247,PRIMARY KEY,0.388,1,1.828,6.206,62.291,0.06
S025,38,Q431,JOINS,0.561,0,0.927,10.132,63.219,0.0
S025,39,Q304,ORDER BY,0.33,0,1.24,37.415,64.459,0.0
S025,40,Q443,AGGREGATE FUNCTIONS,0.346,1,4.165,8.16,68.624,0.06
S025,41,Q258,SELECT,0.206,0,0.761,23.151,69.384,0.0
S025,42,Q167,PRIMARY KEY,0.442,0,3.382,10.475,72.766,0.0
S025,43,Q205,VIEWS,0.597,0,1.905,32.455,74.671,0.0
S025,44,Q346,NORMALIZATION,0.661,1,1.856,16.441,76.527,0.06
S025,45,Q017,INNER JOIN,0.354,1,1.149,73.69,77.676,0.06
S025,46,Q430,SUBQUERIES,0.653,1,0.469,43.411,78.145,0.06
S025,47,Q097,STORED PROCEDURES,0.801,0,2.384,61.241,80.529,0.0
S025,48,Q304,ORDER BY,0.33,0,0.985,17.055,81.513,0.0
S025,49,Q060,TRIGGERS,0.598,0,1.145,56.652,82.659,0.0
S025,50,Q458,TRIGGERS,0.727,1,1.075,1.075,83.733,0.06
S025,51,Q387,UNION,0.384,0,0.817,36.499,84.55,0.0
S025,52,Q229,TRANSACTIONS,0.702,0,0.789,59.9,85.339,0.0
S025,53,Q369,PRIMARY KEY,0.283,1,0.308,12.881,85.647,0.06
S025,54,Q276,VIEWS,0.484,0,1.028,12.004,86.675,0.0
S025,55,Q331,STORED PROCEDURES,0.731,0,1.601,7.747,88.276,0.0
S025,56,Q217,PRIMARY KEY,0.385,0,1.616,4.245,89.892,0.0
S025,57,Q201,AGGREGATE FUNCTIONS,0.359,1,0.172,21.44,90.064,0.06
S025,58,Q206,SUBQUERIES,0.557,1,0.69,12.608,90.753,0.06
S025,59,Q093,ORDER BY,0.402,0,0.487,9.726,91.24,0.0
S025,60,Q328,INDEXING,0.642,0,0.474,91.714,91.714,0.0
S025,61,Q135,HAVING,0.678,0,0.866,46.783,92.579,0.0
S025,62,Q062,JOINS,0.537,0,0.119,29.48,92.698,0.0
S025,63,Q003,INNER JOIN,0.484,0,1.185,16.207,93.883,0.0
S025,64,Q432,NORMALIZATION,0.754,0,1.242,18.598,95.125,0.0
S025,65,Q193,INDEXING,0.643,0,0.319,3.73,95.444,0.0
S025,66,Q154,INDEXING,0.465,1,1.691,1.691,97.135,0.06
S025,67,Q318,SUBQUERIES,0.809,0,7.202,13.583,104.337,0.0
S025,68,Q425,INNER JOIN,0.522,1,4.616,15.07,108.953,0.06
S025,69,Q047,LEFT JOIN,0.482,0,0.952,55.708,109.904,0.0
S025,70,Q010,UNION,0.357,1,2.489,27.844,112.394,0.06
S025,71,Q155,TRIGGERS,0.651,0,2.644,31.305,115.038,0.0
S025,72,Q176,PRIMARY KEY,0.27,0,1.702,26.849,116.74,0.0
S025,73,Q351,NORMALIZATION,0.753,0,3.141,24.757,119.882,0.0
S025,74,Q112,INDEXING,0.48,0,1.077,23.824,120.959,0.0
S025,75,Q110,GROUP BY,0.62,0,1.043,122.002,122.002,0.0
S025,76,Q275,HAVING,0.692,0,0.706,30.128,122.708,0.0
S025,77,Q010,UNION,0.357,0,4.271,14.585,126.978,0.0
S025,78,Q355,NORMALIZATION,0.531,0,1.497,8.594,128.475,0.0
S025,79,Q486,INNER JOIN,0.576,1,1.155,20.677,129.63,0.06
S025,80,Q168,SUBQUERIES,0.647,0,2.34,27.634,131.97,0.0
S025,81,Q490,STORED PROCEDURES,0.81,0,1.335,45.029,133.305,0.0
S025,82,Q312,WHERE,0.288,0,2.595,95.739,135.9,0.0
S025,83,Q427,HAVING,0.634,1,0.773,13.965,136.673,0.06
S025,84,Q396,SELECT,0.185,0,0.444,67.732,137.117,0.0
S025,85,Q259,JOINS,0.641,1,0.196,44.615,137.313,0.06
S025,86,Q176,PRIMARY KEY,0.27,1,0.086,20.658,137.399,0.06
S025,87,Q424,SELECT,0.283,0,0.029,0.311,137.427,0.0
S025,88,Q380,JOINS,0.601,0,0.203,0.317,137.63,0.0302
S025,89,Q370,SELECT,0.152,1,1.784,1.986,139.414,0.06
S025,90,Q214,INDEXING,0.488,0,0.225,18.68,139.638,0.0
S025,91,Q159,JOINS,0.491,0,1.008,3.016,140.646,0.0
S025,92,Q277,TRANSACTIONS,0.681,1,1.147,56.453,141.793,0.06
S025,93,Q316,JOINS,0.535,0,1.506,2.652,143.298,0.0
S025,94,Q124,FOREIGN KEY,0.397,1,0.366,105.426,143.664,0.06
S025,95,Q090,JOINS,0.609,0,0.416,0.782,144.08,0.0
S025,96,Q217,PRIMARY KEY,0.385,0,0.457,7.138,144.537,0.0
S025,97,Q221,PRIMARY KEY,0.424,1,1.061,1.061,145.598,0.06
S025,98,Q463,AGGREGATE FUNCTIONS,0.577,1,0.295,55.829,145.893,0.06
S025,99,Q211,GROUP BY,0.403,0,0.527,24.418,146.42,0.0
S025,100,Q320,SUBQUERIES,0.828,0,0.574,15.025,146.995,0.0
S026,1,Q072,NORMALIZATION,0.55,1,1.107,1.107,1.107,0.3617
S026,2,Q439,HAVING,0.648,1,0.12,1.226,1.226,0.4043
S026,3,Q132,VIEWS,0.698,0,0.514,1.741,1.741,0.373
S026,4,Q111,TRANSACTIONS,0.674,1,8.558,10.299,10.299,0.3522
S026,5,Q484,JOINS,0.63,1,4.295,14.594,14.594,0.3265
S026,6,Q121,VIEWS,0.492,1,4.095,16.949,18.689,0.1787
S026,7,Q413,LEFT JOIN,0.513,1,1.416,20.105,20.105,0.2327
S026,8,Q042,SUBQUERIES,0.658,0,1.477,21.583,21.583,0.0
S026,9,Q397,RIGHT JOIN,0.678,0,1.194,22.776,22.776,0.0775
S026,10,Q277,TRANSACTIONS,0.681,0,0.883,13.36,23.659,0.1268
S026,11,Q069,LEFT JOIN,0.56,1,3.128,6.682,26.787,0.1925
S026,12,Q304,ORDER BY,0.33,0,0.139,26.926,26.926,0.0
S026,13,Q417,VIEWS,0.67,1,1.025,9.262,27.951,0.0998
S026,14,Q072,NORMALIZATION,0.55,0,0.099,26.943,28.05,0.0
S026,15,Q384,JOINS,0.69,0,0.436,13.893,28.487,0.0931
S026,16,Q017,INNER JOIN,0.354,0,0.759,29.246,29.246,0.0
S026,17,Q293,JOINS,0.674,0,0.646,1.405,29.892,0.0471
S026,18,Q409,FOREIGN KEY,0.381,0,3.518,33.41,33.41,0.0
S026,19,Q235,AGGREGATE FUNCTIONS,0.512,0,2.452,35.862,35.862,0.0
S026,20,Q443,AGGREGATE FUNCTIONS,0.346,0,0.66,0.66,36.522,0.0
S026,21,Q091,ORDER BY,0.348,0,3.24,12.836,39.762,0.0
S026,22,Q082,WHERE,0.333,0,0.931,40.693,40.693,0.0
S026,23,Q464,INNER JOIN,0.454,0,2.11,13.557,42.803,0.0
S026,24,Q142,STORED PROCEDURES,0.735,0,3.525,46.327,46.327,0.0
S026,25,Q303,WHERE,0.319,0,2.177,7.812,48.505,0.0
S026,26,Q285,SELECT,0.344,0,0.222,48.727,48.727,0.0
S026,27,Q221,PRIMARY KEY,0.424,1,1.502,50.229,50.229,0.06
S026,28,Q386,SELECT,0.334,0,1.783,3.285,52.012,0.0
S026,29,Q056,GROUP BY,0.622,1,1.17,53.182,53.182,0.06
S026,30,Q131,ORDER BY,0.392,1,0.09,13.51,53.272,0.06
S026,31,Q100,SUBQUERIES,0.627,0,3.179,34.868,56.45,0.0
S026,32,Q246,VIEWS,0.684,0,2.91,31.409,59.36,0.0
S026,33,Q218,ORDER BY,0.226,1,0.389,6.477,59.749,0.06
S026,34,Q346,NORMALIZATION,0.661,0,0.122,31.821,59.871,0.0
S026,35,Q444,PRIMARY KEY,0.235,0,1.322,10.964,61.194,0.0
S026,36,Q250,INNER JOIN,0.477,0,1.741,20.132,62.935,0.0
S026,37,Q211,GROUP BY,0.403,0,1.187,10.94,64.122,0.0
S026,38,Q024,VIEWS,0.478,0,0.503,5.264,64.625,0.0
S026,39,Q367,HAVING,0.509,0,2.483,65.882,67.108,0.0
S026,40,Q106,TRIGGERS,0.768,0,1.306,68.414,68.414,0.0
S026,41,Q168,SUBQUERIES,0.647,0,2.98,14.944,71.395,0.0
S026,42,Q204,TRIGGERS,0.735,0,0.118,3.098,71.512,0.0
S026,43,Q043,RIGHT JOIN,0.724,1,1.592,50.328,73.104,0.06
S026,44,Q237,SUBQUERIES,0.801,0,0.531,2.24,73.635,0.0
S026,45,Q155,TRIGGERS,0.651,0,6.452,8.574,80.087,0.0
S026,46,Q199,UNION,0.466,1,1.148,81.235,81.235,0.06
S026,47,Q200,SELECT,0.313,0,2.513,31.736,83.748,0.0
S026,48,Q242,WHERE,0.22,1,1.195,36.438,84.943,0.06
S026,49,Q101,INDEXING,0.695,0,1.908,86.85,86.85,0.0
S026,50,Q248,JOINS,0.612,0,0.712,57.671,87.563,0.0
S026,51,Q411,SUBQUERIES,0.668,0,1.164,15.092,88.726,0.0
S026,52,Q151,INNER JOIN,0.5,0,0.034,25.826,88.761,0.0
S026,53,Q091,ORDER BY,0.348,0,2.763,31.775,91.524,0.0
S026,54,Q415,SELECT,0.337,0,0.274,8.05,91.798,0.0
S026,55,Q126,LEFT JOIN,0.589,0,0.529,65.54,92.327,0.0
S026,56,Q343,VIEWS,0.483,0,1.065,28.767,93.392,0.0
S026,57,Q441,JOINS,0.52,0,0.081,5.91,93.473,0.0
S026,58,Q135,HAVING,0.678,0,0.946,27.311,94.419,0.0
S026,59,Q003,INNER JOIN,0.484,0,2.205,7.864,96.625,0.0
S026,60,Q134,ORDER BY,0.387,1,1.093,6.194,97.718,0.06
S026,61,Q455,FOREIGN KEY,0.309,0,1.436,65.744,99.154,0.0
S026,62,Q269,AGGREGATE FUNCTIONS,0.384,1,4.466,67.098,103.62,0.06
S026,63,Q059,PRIMARY KEY,0.219,0,1.466,43.892,105.086,0.0
S026,64,Q276,VIEWS,0.484,1,2.646,14.34,107.732,0.06
S026,65,Q487,SUBQUERIES,0.631,0,0.656,19.662,108.388,0.0
S026,66,Q054,TRIGGERS,0.559,0,0.53,28.831,108.917,0.0
S026,67,Q293,JOINS,0.674,0,1.788,17.233,110.706,0.0
S026,68,Q438,GROUP BY,0.565,0,1.884,48.468,112.59,0.0
S026,69,Q418,WHERE,0.336,0,1.879,29.526,114.469,0.0
S026,70,Q382,LEFT JOIN,0.543,0,0.969,23.111,115.438,0.0
S026,71,Q105,RIGHT JOIN,0.534,0,1.24,43.574,116.678,0.0
S026,72,Q014,UNION,0.504,0,0.576,36.019,117.254,0.0
S026,73,Q168,SUBQUERIES,0.647,0,0.499,9.365,117.753,0.0
S026,74,Q120,LEFT JOIN,0.655,0,2.943,5.258,120.696,0.0
S026,75,Q409,FOREIGN KEY,0.381,0,2.616,24.159,123.312,0.0
S026,76,Q289,WHERE,0.209,0,0.627,9.471,123.939,0.0
S026,77,Q405,LEFT JOIN,0.648,0,0.892,4.135,124.831,0.0
S026,78,Q346,NORMALIZATION,0.661,1,2.516,67.476,127.348,0.06
S026,79,Q115,STORED PROCEDURES,0.696,0,1.918,82.938,129.266,0.0
S026,80,Q237,SUBQUERIES,0.801,0,0.67,12.182,129.935,0.0
S026,81,Q072,NORMALIZATION,0.55,0,0.193,2.781,130.129,0.0
S026,82,Q444,PRIMARY KEY,0.235,1,3.755,28.798,133.884,0.06
S026,83,Q208,INNER JOIN,0.385,0,0.757,38.017,134.641,0.0
S026,84,Q338,FOREIGN KEY,0.333,0,0.168,11.497,134.809,0.0
S026,85,Q152,PRIMARY KEY,0.249,0,0.262,1.187,135.071,0.0172
S026,86,Q304,ORDER BY,0.33,0,3.443,40.796,138.514,0.0
S026,87,Q465,WHERE,0.43,0,0.004,14.578,138.518,0.0
S026,88,Q309,HAVING,0.586,0,0.677,44.776,139.195,0.0
S026,89,Q472,INNER JOIN,0.643,0,1.859,6.413,141.054,0.0
S026,90,Q220,TRANSACTIONS,0.748,0,1.562,118.957,142.616,0.0
S026,91,Q295,SUBQUERIES,0.805,0,0.353,13.034,142.969,0.0
S026,92,Q118,GROUP BY,0.421,0,0.363,30.742,143.332,0.0
S026,93,Q082,WHERE,0.333,1,4.51,9.324,147.842,0.06
S026,94,Q209,STORED PROCEDURES,0.739,0,0.712,19.288,148.554,0.0
S026,95,Q007,WHERE,0.38,0,0.039,0.751,148.592,0.0237
S026,96,Q451,VIEWS,0.573,0,0.262,41.123,148.855,0.0
S026,97,Q077,HAVING,0.485,0,0.23,9.889,149.084,0.0
S026,98,Q209,STORED PROCEDURES,0.739,0,1.466,1.997,150.55,0.0
S026,99,Q010,UNION,0.357,0,1.542,34.839,152.093,0.0
S026,100,Q446,NORMALIZATION,0.718,0,0.44,22.404,152.533,0.0
S027,1,Q047,LEFT JOIN,0.482,1,4.198,4.198,4.198,0.3408
S027,2,Q053,SUBQUERIES,0.682,0,0.677,4.875,4.875,0.1518
S027,3,Q044,RIGHT JOIN,0.637,1,0.149,5.024,5.024,0.243
S027,4,Q057,INNER JOIN,0.473,1,1.961,6.985,6.985,0.2144
S027,5,Q180,INDEXING,0.498,1,0.677,7.662,7.662,0.3194
S027,6,Q432,NORMALIZATION,0.754,0,0.032,7.694,7.694,0.2193
S027,7,Q078,VIEWS,0.48,0,2.234,9.928,9.928,0.053
S027,8,Q067,TRANSACTIONS,0.606,0,0.108,10.035,10.035,0.3175
S027,9,Q455,FOREIGN KEY,0.309,0,0.641,10.677,10.677,0.2937
S027,10,Q210,GROUP BY,0.475,0,0.068,10.744,10.744,0.3002
S027,11,Q375,TRIGGERS,0.555,0,0.051,10.795,10.795,0.133
S027,12,Q296,VIEWS,0.472,1,0.155,1.022,10.95,0.0976
S027,13,Q475,SELECT,0.227,1,1.983,12.933,12.933,0.1953
S027,14,Q066,SELECT,0.207,1,0.428,0.428,13.361,0.2488
S027,15,Q468,INNER JOIN,0.4,1,1.054,7.43,14.415,0.1629
S027,16,Q341,NORMALIZATION,0.653,1,3.202,9.924,17.617,0.1304
S027,17,Q497,ORDER BY,0.261,0,1.76,19.378,19.378,0.0
S027,18,Q446,NORMALIZATION,0.718,0,1.856,3.616,21.234,0.0512
S027,19,Q410,GROUP BY,0.445,0,3.325,13.814,24.558,0.068
S027,20,Q187,HAVING,0.52,1,0.56,25.118,25.118,0.0796
S027,21,Q055,INNER JOIN,0.493,0,0.095,10.798,25.213,0.0
S027,22,Q272,LEFT JOIN,0.451,1,0.652,21.667,25.865,0.0758
S027,23,Q431,JOINS,0.561,0,2.037,27.902,27.902,0.0
S027,24,Q186,GROUP BY,0.402,0,4.584,7.927,32.486,0.0
S027,25,Q323,WHERE,0.355,0,0.234,32.72,32.72,0.0
S027,26,Q018,FOREIGN KEY,0.452,0,0.82,22.863,33.54,0.0
S027,27,Q027,GROUP BY,0.405,0,0.783,1.837,34.322,0.0
S027,28,Q040,LEFT JOIN,0.619,0,1.617,10.075,35.94,0.0
S027,29,Q262,AGGREGATE FUNCTIONS,0.576,0,2.015,37.955,37.955,0.0
S027,30,Q237,SUBQUERIES,0.801,1,0.25,33.329,38.204,0.06
S027,31,Q149,ORDER BY,0.264,0,0.63,19.457,38.835,0.0
S027,32,Q141,ORDER BY,0.343,0,3.603,3.603,42.438,0.0
S027,33,Q280,JOINS,0.685,0,0.281,14.817,42.719,0.0
S027,34,Q061,WHERE,0.356,1,0.665,10.664,43.384,0.06
S027,35,Q388,FOREIGN KEY,0.322,0,1.02,10.865,44.405,0.0
S027,36,Q008,JOINS,0.4,0,1.805,3.49,46.209,0.0
S027,37,Q284,HAVING,0.408,1,0.895,21.986,47.104,0.06
S027,38,Q418,WHERE,0.336,1,2.952,6.672,50.056,0.06
S027,39,Q422,TRIGGERS,0.65,1,0.271,39.532,50.327,0.06
S027,40,Q380,JOINS,0.601,0,0.876,4.993,51.203,0.0
S027,41,Q176,PRIMARY KEY,0.27,0,3.749,54.951,54.951,0.0
S027,42,Q416,NORMALIZATION,0.673,0,0.601,34.319,55.553,0.0
S027,43,Q470,AGGREGATE FUNCTIONS,0.49,1,0.399,17.997,55.952,0.06
S027,44,Q488,FOREIGN KEY,0.382,1,0.258,11.806,56.21,0.06
S027,45,Q463,AGGREGATE FUNCTIONS,0.577,1,0.524,0.782,56.734,0.1083
S027,46,Q458,TRIGGERS,0.727,1,0.333,6.74,57.067,0.06
S027,47,Q205,VIEWS,0.597,1,1.386,47.503,58.453,0.06
S027,48,Q419,LEFT JOIN,0.469,0,0.991,23.504,59.444,0.0
S027,49,Q202,PRIMARY KEY,0.254,0,0.147,4.64,59.591,0.0
S027,50,Q194,VIEWS,0.66,1,1.673,2.812,61.264,0.0778
S027,51,Q369,PRIMARY KEY,0.283,0,6.534,8.207,67.798,0.0
S027,52,Q421,JOINS,0.5,0,0.508,17.104,68.306,0.0
S027,53,Q494,NORMALIZATION,0.671,0,0.977,13.73,69.283,0.0
S027,54,Q280,JOINS,0.685,1,1.241,2.217,70.524,0.06
S027,55,Q252,ORDER BY,0.263,1,3.742,31.828,74.265,0.06
S027,56,Q006,ORDER BY,0.205,0,1.232,1.232,75.498,0.0165
S027,57,Q387,UNION,0.384,0,0.06,75.558,75.558,0.0
S027,58,Q206,SUBQUERIES,0.557,0,0.087,37.44,75.645,0.0
S027,59,Q417,VIEWS,0.67,1,1.837,16.218,77.482,0.06
S027,60,Q339,RIGHT JOIN,0.478,0,1.086,73.543,78.568,0.0
S027,61,Q282,WHERE,0.221,0,0.828,29.339,79.396,0.0
S027,62,Q130,INDEXING,0.534,0,4.436,76.17,83.832,0.0
S027,63,Q071,SUBQUERIES,0.651,0,0.971,9.158,84.803,0.0
S027,64,Q397,RIGHT JOIN,0.678,0,0.036,6.272,84.839,0.0
S027,65,Q276,VIEWS,0.484,1,0.031,7.389,84.871,0.06
S027,66,Q474,LEFT JOIN,0.551,0,0.504,25.931,85.375,0.0
S027,67,Q387,UNION,0.384,0,0.015,9.832,85.39,0.0
S027,68,Q035,PRIMARY KEY,0.235,0,0.866,18.458,86.256,0.0
S027,69,Q306,UNION,0.518,0,2.186,3.052,88.442,0.0
S027,70,Q179,ORDER BY,0.262,1,0.394,13.339,88.836,0.06
S027,71,Q235,AGGREGATE FUNCTIONS,0.512,0,0.768,32.871,89.605,0.0
S027,72,Q391,ORDER BY,0.213,1,0.363,1.131,89.968,0.103
S027,73,Q395,LEFT JOIN,0.643,0,3.639,8.232,93.607,0.0
S027,74,Q464,INNER JOIN,0.454,0,0.004,68.398,93.611,0.0
S027,75,Q010,UNION,0.357,0,1.04,6.208,94.651,0.0
S027,76,Q086,HAVING,0.59,0,2.946,50.492,97.596,0.0
S027,77,Q104,UNION,0.517,0,0.238,3.184,97.834,0.0
S027,78,Q006,ORDER BY,0.205,0,0.363,8.23,98.198,0.0
S027,79,Q356,HAVING,0.455,1,1.488,2.089,99.685,0.06
S027,80,Q237,SUBQUERIES,0.801,0,0.931,15.813,100.616,0.0
S027,81,Q261,NORMALIZATION,0.767,0,0.453,31.786,101.069,0.0
S027,82,Q252,ORDER BY,0.263,0,2.581,5.452,103.65,0.0
S027,83,Q262,AGGREGATE FUNCTIONS,0.576,0,0.21,14.256,103.86,0.0
S027,84,Q075,UNION,0.426,0,2.068,8.094,105.929,0.0
S027,85,Q446,NORMALIZATION,0.718,0,2.737,7.596,108.665,0.0
S027,86,Q080,HAVING,0.504,0,1.739,10.719,110.405,0.0
S027,87,Q255,RIGHT JOIN,0.673,1,0.755,26.32,111.159,0.06
S027,88,Q038,SELECT,0.2,1,0.05,97.848,111.21,0.06
S027,89,Q217,PRIMARY KEY,0.385,0,2.674,27.628,113.884,0.0
S027,90,Q320,SUBQUERIES,0.828,0,2.359,15.626,116.242,0.0
S027,91,Q205,VIEWS,0.597,1,4.011,35.383,120.253,0.06
S027,92,Q242,WHERE,0.22,0,0.169,41.026,120.422,0.0
S027,93,Q044,RIGHT JOIN,0.637,1,1.284,10.547,121.706,0.06
S027,94,Q467,TRIGGERS,0.624,1,0.417,65.057,122.124,0.06
S027,95,Q272,LEFT JOIN,0.451,1,1.533,30.049,123.656,0.06
S027,96,Q059,PRIMARY KEY,0.219,1,0.238,10.011,123.894,0.06
S027,97,Q041,SELECT,0.301,0,1.977,14.662,125.871,0.0
S027,98,Q008,JOINS,0.4,1,1.508,56.856,127.379,0.06
S027,99,Q404,SELECT,0.335,0,0.466,1.974,127.845,0.0
S027,100,Q113,ORDER BY,0.443,0,0.621,24.816,128.466,0.0
S028,1,Q120,LEFT JOIN,0.655,1,2.369,2.369,2.369,0.4625
S028,2,Q296,VIEWS,0.472,0,0.445,2.814,2.814,0.1336
S028,3,Q379,JOINS,0.693,1,0.169,2.983,2.983,0.2706
S028,4,Q393,HAVING,0.419,0,1.784,4.767,4.767,0.3434
S028,5,Q348,FOREIGN KEY,0.366,0,0.151,4.918,4.918,0.2133
S028,6,Q373,AGGREGATE FUNCTIONS,0.326,1,0.356,5.273,5.273,0.3083
S028,7,Q273,GROUP BY,0.489,0,0.123,5.397,5.397,0.3519
S028,8,Q480,STORED PROCEDURES,0.638,0,0.023,5.419,5.419,0.2851
S028,9,Q030,GROUP BY,0.529,0,1.867,1.89,7.287,0.2985
S028,10,Q249,TRIGGERS,0.783,0,0.595,7.882,7.882,0.2113
S028,11,Q321,SUBQUERIES,0.781,0,2.305,10.186,10.186,0.2975
S028,12,Q132,VIEWS,0.698,0,0.942,8.315,11.129,0.0
S028,13,Q281,HAVING,0.584,1,2.339,8.7,13.467,0.2729
S028,14,Q234,HAVING,0.621,0,1.351,1.351,14.818,0.2277
S028,15,Q057,INNER JOIN,0.473,1,0.18,14.998,14.998,0.1236
S028,16,Q072,NORMALIZATION,0.55,0,0.13,15.129,15.129,0.106
S028,17,Q165,NORMALIZATION,0.71,0,1.79,1.79,16.919,0.0542
S028,18,Q067,TRANSACTIONS,0.606,0,1.045,17.964,17.964,0.0836
S028,19,Q079,WHERE,0.326,1,1.517,19.481,19.481,0.1245
S028,20,Q382,LEFT JOIN,0.543,1,0.968,18.08,20.449,0.2513
S028,21,Q157,TRIGGERS,0.69,0,2.353,14.92,22.802,0.0
S028,22,Q172,RIGHT JOIN,0.657,0,0.761,23.563,23.563,0.0
S028,23,Q386,SELECT,0.334,1,0.79,24.353,24.353,0.1417
S028,24,Q193,INDEXING,0.643,1,1.388,25.741,25.741,0.06
S028,25,Q100,SUBQUERIES,0.627,1,0.023,15.577,25.763,0.1239
S028,26,Q489,SELECT,0.156,1,1.962,3.373,27.726,0.1511
S028,27,Q051,FOREIGN KEY,0.373,0,2.321,25.129,30.047,0.0
S028,28,Q106,TRIGGERS,0.768,0,1.858,9.104,31.905,0.0
S028,29,Q321,SUBQUERIES,0.781,0,2.533,8.675,34.438,0.0
S028,30,Q183,FOREIGN KEY,0.495,0,1.341,5.732,35.779,0.0
S028,31,Q071,SUBQUERIES,0.651,0,3.515,4.856,39.294,0.0
S028,32,Q140,STORED PROCEDURES,0.717,1,1.28,35.155,40.574,0.06
S028,33,Q422,TRIGGERS,0.65,0,3.053,11.722,43.627,0.0
S028,34,Q127,WHERE,0.288,0,0.605,24.751,44.232,0.0
S028,35,Q357,INNER JOIN,0.447,0,0.685,29.919,44.917,0.0
S028,36,Q262,AGGREGATE FUNCTIONS,0.576,1,2.46,42.103,47.377,0.06
S028,37,Q489,SELECT,0.156,0,1.548,21.199,48.925,0.0
S028,38,Q231,INDEXING,0.687,0,3.625,26.81,52.55,0.0
S028,39,Q348,FOREIGN KEY,0.366,1,0.345,17.116,52.895,0.06
S028,40,Q422,TRIGGERS,0.65,0,0.353,9.621,53.248,0.0
S028,41,Q461,RIGHT JOIN,0.484,0,1.029,30.714,54.277,0.0
S028,42,Q459,NORMALIZATION,0.516,0,1.913,39.271,56.19,0.0
S028,43,Q465,WHERE,0.43,0,2.591,14.549,58.781,0.0
S028,44,Q214,INDEXING,0.488,0,4.127,10.358,62.908,0.0
S028,45,Q080,HAVING,0.504,0,0.693,48.783,63.601,0.0
S028,46,Q423,TRANSACTIONS,0.738,0,0.305,45.942,63.906,0.0
S028,47,Q061,WHERE,0.356,1,0.335,5.46,64.241,0.06
S028,48,Q411,SUBQUERIES,0.668,1,1.904,26.851,66.145,0.06
S028,49,Q272,LEFT JOIN,0.451,0,5.207,50.903,71.352,0.0
S028,50,Q282,WHERE,0.221,0,2.666,9.777,74.018,0.0
S028,51,Q164,PRIMARY KEY,0.249,0,0.802,74.821,74.821,0.0
S028,52,Q076,WHERE,0.378,1,1.226,2.028,76.046,0.06
S028,53,Q486,INNER JOIN,0.576,1,4.965,36.095,81.012,0.06
S028,54,Q372,INDEXING,0.498,0,0.277,18.38,81.288,0.0
S028,55,Q056,GROUP BY,0.622,0,0.028,74.029,81.316,0.0
S028,56,Q456,FOREIGN KEY,0.297,0,1.399,29.82,82.715,0.0
S028,57,Q482,WHERE,0.334,1,0.46,7.128,83.174,0.06
S028,58,Q252,ORDER BY,0.263,0,0.045,83.219,83.219,0.0
S028,59,Q160,AGGREGATE FUNCTIONS,0.338,0,1.175,37.018,84.395,0.0
S028,60,Q353,PRIMARY KEY,0.417,0,1.428,11.002,85.823,0.0
S028,61,Q227,NORMALIZATION,0.525,1,1.297,30.93,87.12,0.06
S028,62,Q001,INNER JOIN,0.589,1,2.705,8.814,89.825,0.06
S028,63,Q108,SELECT,0.311,1,1.258,42.158,91.083,0.06
S028,64,Q210,GROUP BY,0.475,0,0.005,9.772,91.088,0.0
S028,65,Q463,AGGREGATE FUNCTIONS,0.577,0,2.319,9.013,93.407,0.0
S028,66,Q080,HAVING,0.504,1,3.113,32.92,96.521,0.06
S028,67,Q337,FOREIGN KEY,0.341,0,0.333,14.139,96.853,0.0
S028,68,Q280,JOINS,0.685,0,1.624,95.495,98.477,0.0
S028,69,Q335,JOINS,0.436,0,0.836,0.836,99.314,0.0
S028,70,Q034,PRIMARY KEY,0.268,0,1.074,14.565,100.388,0.0
S028,71,Q111,TRANSACTIONS,0.674,0,3.949,40.431,104.337,0.0
S028,72,Q282,WHERE,0.221,0,0.434,21.597,104.771,0.0
S028,73,Q212,RIGHT JOIN,0.621,1,0.575,51.069,105.346,0.06
S028,74,Q407,ORDER BY,0.241,0,1.649,23.776,106.995,0.0
S028,75,Q493,LEFT JOIN,0.431,1,2.317,37.961,109.313,0.06
S028,76,Q330,ORDER BY,0.419,0,1.198,3.515,110.51,0.0
S028,77,Q412,LEFT JOIN,0.536,0,2.007,3.205,112.517,0.0
S028,78,Q450,LEFT JOIN,0.595,0,2.077,2.077,114.594,0.0
S028,79,Q075,UNION,0.426,1,1.258,115.853,115.853,0.06
S028,80,Q015,ORDER BY,0.415,0,0.094,5.436,115.946,0.0
S028,81,Q404,SELECT,0.335,0,0.953,25.815,116.899,0.0
S028,82,Q470,AGGREGATE FUNCTIONS,0.49,0,4.512,28.004,121.411,0.0
S028,83,Q452,RIGHT JOIN,0.577,1,1.299,17.364,122.71,0.06
S028,84,Q182,NORMALIZATION,0.512,1,3.609,39.199,126.319,0.06
S028,85,Q176,PRIMARY KEY,0.27,0,0.373,26.304,126.692,0.0
S028,86,Q047,LEFT JOIN,0.482,1,0.051,12.149,126.743,0.06
S028,87,Q121,VIEWS,0.492,1,1.314,116.928,128.057,0.06
S028,88,Q367,HAVING,0.509,0,2.562,34.098,130.618,0.0
S028,89,Q465,WHERE,0.43,1,0.239,26.086,130.858,0.06
S028,90,Q313,WHERE,0.359,0,0.76,0.76,131.618,0.0236
S028,91,Q183,FOREIGN KEY,0.495,0,2.036,36.8,133.654,0.0
S028,92,Q496,NORMALIZATION,0.716,0,1.402,8.736,135.056,0.0
S028,93,Q159,JOINS,0.491,1,0.572,36.314,135.628,0.06
S028,94,Q083,JOINS,0.473,1,2.159,2.159,137.787,0.0876
S028,95,Q075,UNION,0.426,0,1.824,23.758,139.61,0.0
S028,96,Q302,LEFT JOIN,0.407,0,0.607,13.474,140.217,0.0
S028,97,Q395,LEFT JOIN,0.643,0,0.809,0.809,141.026,0.0
S028,98,Q245,SELECT,0.37,0,0.159,24.286,141.185,0.0
S028,99,Q410,GROUP BY,0.445,1,2.075,52.172,143.26,0.06
S028,100,Q444,PRIMARY KEY,0.235,1,0.012,16.581,143.273,0.06
S029,1,Q400,VIEWS,0.655,1,3.65,3.65,3.65,0.2512
S029,2,Q219,VIEWS,0.56,0,0.339,0.339,3.989,0.2211
S029,3,Q241,STORED PROCEDURES,0.818,0,5.568,9.556,9.556,0.1022
S029,4,Q256,ORDER BY,0.346,0,1.615,11.171,11.171,0.0599
S029,5,Q107,ORDER BY,0.414,1,0.559,0.559,11.73,0.1115
S029,6,Q237,SUBQUERIES,0.801,1,0.158,11.888,11.888,0.3013
S029,7,Q108,SELECT,0.311,0,0.017,11.906,11.906,0.2345
S029,8,Q351,NORMALIZATION,0.753,0,2.166,14.072,14.072,0.0088
S029,9,Q200,SELECT,0.313,0,0.688,2.854,14.76,0.1667
S029,10,Q307,VIEWS,0.44,1,6.32,17.092,21.08,0.06
S029,11,Q468,INNER JOIN,0.4,0,1.804,22.884,22.884,0.0
S029,12,Q276,VIEWS,0.484,0,1.116,2.92,24.0,0.0
S029,13,Q109,AGGREGATE FUNCTIONS,0.581,1,0.312,24.312,24.312,0.1507
S029,14,Q467,TRIGGERS,0.624,0,0.571,24.884,24.884,0.0625
S029,15,Q252,ORDER BY,0.263,0,0.194,13.347,25.078,0.0
S029,16,Q219,VIEWS,0.56,0,0.24,1.318,25.318,0.0
S029,17,Q214,INDEXING,0.488,1,3.148,28.466,28.466,0.06
S029,18,Q483,VIEWS,0.52,1,3.367,6.515,31.833,0.06
S029,19,Q165,NORMALIZATION,0.71,0,0.32,18.082,32.154,0.0
S029,20,Q132,VIEWS,0.698,0,6.107,6.427,38.261,0.0
S029,21,Q228,HAVING,0.488,0,1.504,39.764,39.764,0.0
S029,22,Q431,JOINS,0.561,0,5.759,45.523,45.523,0.0
S029,23,Q409,FOREIGN KEY,0.381,1,0.642,46.165,46.165,0.06
S029,24,Q095,TRANSACTIONS,0.782,0,0.049,46.214,46.214,0.0
S029,25,Q462,TRANSACTIONS,0.661,0,1.444,1.444,47.658,0.0
S029,26,Q446,NORMALIZATION,0.718,0,0.386,15.89,48.044,0.0
S029,27,Q436,PRIMARY KEY,0.38,0,0.642,48.685,48.685,0.0
S029,28,Q283,STORED PROCEDURES,0.715,0,2.64,41.769,51.325,0.0
S029,29,Q074,VIEWS,0.476,0,0.463,13.527,51.788,0.0
S029,30,Q484,JOINS,0.63,1,0.276,6.541,52.064,0.06
S029,31,Q098,AGGREGATE FUNCTIONS,0.402,0,1.006,28.758,53.07,0.0
S029,32,Q190,SUBQUERIES,0.738,0,1.821,43.004,54.892,0.0
S029,33,Q436,PRIMARY KEY,0.38,0,1.17,7.376,56.062,0.0
S029,34,Q290,SELECT,0.153,0,0.275,41.577,56.337,0.0
S029,35,Q147,INDEXING,0.616,0,0.503,28.374,56.84,0.0
S029,36,Q121,VIEWS,0.492,0,0.148,5.2,56.988,0.0
S029,37,Q018,FOREIGN KEY,0.452,1,2.062,12.885,59.05,0.06
S029,38,Q277,TRANSACTIONS,0.681,0,2.105,13.498,61.155,0.0
S029,39,Q353,PRIMARY KEY,0.417,0,1.723,6.817,62.879,0.0
S029,40,Q363,NORMALIZATION,0.675,1,0.114,14.948,62.992,0.06
S029,41,Q184,HAVING,0.542,0,2.724,25.952,65.716,0.0
S029,42,Q489,SELECT,0.156,1,1.718,11.097,67.434,0.06
S029,43,Q448,GROUP BY,0.626,0,0.171,67.605,67.605,0.0
S029,44,Q041,SELECT,0.301,0,0.06,0.231,67.665,0.0315
S029,45,Q414,TRIGGERS,0.737,0,2.635,45.417,70.3,0.0
S029,46,Q159,JOINS,0.491,0,1.209,19.445,71.509,0.0
S029,47,Q438,GROUP BY,0.565,1,3.698,7.603,75.208,0.06
S029,48,Q397,RIGHT JOIN,0.678,1,1.471,76.679,76.679,0.06
S029,49,Q444,PRIMARY KEY,0.235,1,3.286,17.086,79.965,0.06
S029,50,Q308,NORMALIZATION,0.626,1,0.745,17.718,80.71,0.06
S029,51,Q271,UNION,0.382,0,0.974,81.683,81.683,0.0
S029,52,Q216,HAVING,0.472,0,2.381,18.349,84.065,0.0
S029,53,Q252,ORDER BY,0.263,0,0.684,59.671,84.749,0.0
S029,54,Q201,AGGREGATE FUNCTIONS,0.359,0,2.693,34.371,87.442,0.0
S029,55,Q487,SUBQUERIES,0.631,0,2.641,35.191,90.083,0.0
S029,56,Q278,INDEXING,0.499,0,3.706,36.949,93.789,0.0
S029,57,Q052,RIGHT JOIN,0.663,0,0.778,17.888,94.567,0.0
S029,58,Q008,JOINS,0.4,0,0.918,23.975,95.484,0.0
S029,59,Q243,HAVING,0.47,0,0.387,11.807,95.872,0.0
S029,60,Q094,TRANSACTIONS,0.694,0,0.306,35.022,96.177,0.0
S029,61,Q178,HAVING,0.584,0,1.755,2.061,97.932,0.0
S029,62,Q294,HAVING,0.618,0,1.951,1.951,99.883,0.0
S029,63,Q039,AGGREGATE FUNCTIONS,0.36,0,1.16,13.601,101.043,0.0
S029,64,Q374,RIGHT JOIN,0.474,0,1.533,8.009,102.576,0.0
S029,65,Q307,VIEWS,0.44,0,0.152,45.74,102.728,0.0
S029,66,Q473,RIGHT JOIN,0.495,0,0.22,0.372,102.948,0.0
S029,67,Q368,WHERE,0.261,1,1.101,104.049,104.049,0.06
S029,68,Q500,GROUP BY,0.633,1,0.386,29.227,104.435,0.06
S029,69,Q181,FOREIGN KEY,0.273,1,6.382,51.767,110.817,0.06
S029,70,Q023,NORMALIZATION,0.552,0,0.4,30.508,111.217,0.0
S029,71,Q099,STORED PROCEDURES,0.827,1,0.357,60.249,111.574,0.06
S029,72,Q112,INDEXING,0.48,0,0.261,18.046,111.835,0.0
S029,73,Q139,SELECT,0.229,1,1.552,45.722,113.387,0.06
S029,74,Q253,STORED PROCEDURES,0.691,1,1.489,3.301,114.876,0.0705
S029,75,Q422,TRIGGERS,0.65,1,1.714,46.289,116.589,0.06
S029,76,Q222,VIEWS,0.416,1,3.552,17.414,120.142,0.06
S029,77,Q294,HAVING,0.618,0,1.047,21.305,121.188,0.0
S029,78,Q029,WHERE,0.299,1,0.144,17.283,121.332,0.06
S029,79,Q131,ORDER BY,0.392,1,0.408,36.991,121.74,0.06
S029,80,Q264,TRANSACTIONS,0.523,0,0.028,25.591,121.768,0.0
S029,81,Q233,INNER JOIN,0.649,0,1.673,100.557,123.441,0.0
S029,82,Q321,SUBQUERIES,0.781,0,0.455,33.813,123.896,0.0
S029,83,Q293,JOINS,0.674,0,1.334,29.746,125.23,0.0
S029,84,Q227,NORMALIZATION,0.525,0,2.411,16.424,127.641,0.0
S029,85,Q083,JOINS,0.473,0,0.639,3.05,128.28,0.0
S029,86,Q281,HAVING,0.584,0,0.481,7.574,128.762,0.0
S029,87,Q413,LEFT JOIN,0.513,0,1.058,129.82,129.82,0.0
S029,88,Q147,INDEXING,0.616,1,0.465,18.45,130.285,0.06
S029,89,Q468,INNER JOIN,0.4,0,2.08,8.924,132.365,0.0
S029,90,Q297,RIGHT JOIN,0.489,0,0.03,29.447,132.395,0.0
S029,91,Q481,TRIGGERS,0.686,1,3.908,19.714,136.304,0.06
S029,92,Q354,JOINS,0.56,0,4.105,12.128,140.409,0.0
S029,93,Q312,WHERE,0.288,0,3.374,22.451,143.783,0.0
S029,94,Q247,PRIMARY KEY,0.388,0,0.132,63.949,143.914,0.0
S029,95,Q327,INDEXING,0.496,1,1.084,14.713,144.998,0.06
S029,96,Q139,SELECT,0.229,0,2.598,34.209,147.596,0.0
S029,97,Q191,SELECT,0.285,0,3.814,3.814,151.41,0.0
S029,98,Q396,SELECT,0.185,0,0.9,0.9,152.31,0.0
S029,99,Q298,TRIGGERS,0.632,0,2.265,18.272,154.575,0.0
S029,100,Q361,GROUP BY,0.457,0,3.831,53.971,158.406,0.0
S030,1,Q116,ORDER BY,0.363,1,0.075,0.075,0.075,0.3526
S030,2,Q348,FOREIGN KEY,0.366,1,1.319,1.394,1.394,0.3719
S030,3,Q183,FOREIGN KEY,0.495,1,3.896,3.896,5.29,0.3735
S030,4,Q077,HAVING,0.485,0,7.14,12.429,12.429,0.0504
S030,5,Q262,AGGREGATE FUNCTIONS,0.576,0,0.156,12.585,12.585,0.0686
S030,6,Q310,WHERE,0.401,0,0.092,12.677,12.677,0.0384
S030,7,Q267,SELECT,0.307,1,0.571,13.248,13.248,0.2219
S030,8,Q450,LEFT JOIN,0.595,1,2.58,15.828,15.828,0.2122
S030,9,Q401,UNION,0.473,0,0.667,16.495,16.495,0.1067
S030,10,Q263,GROUP BY,0.516,1,2.012,18.507,18.507,0.06
S030,11,Q451,VIEWS,0.573,0,0.688,19.195,19.195,0.0
S030,12,Q317,NORMALIZATION,0.619,1,1.932,21.127,21.127,0.0768
S030,13,Q428,SELECT,0.158,1,0.007,7.886,21.134,0.1636
S030,14,Q492,ORDER BY,0.258,0,5.621,26.68,26.754,0.0
S030,15,Q213,ORDER BY,0.448,0,0.321,0.321,27.076,0.0
S030,16,Q040,LEFT JOIN,0.619,0,1.139,12.387,28.215,0.0014
S030,17,Q108,SELECT,0.311,1,0.126,7.207,28.341,0.1155
S030,18,Q333,HAVING,0.504,0,1.207,17.119,29.548,0.0
S030,19,Q078,VIEWS,0.48,1,0.824,11.176,30.371,0.06
S030,20,Q444,PRIMARY KEY,0.235,0,0.416,30.788,30.788,0.0
S030,21,Q416,NORMALIZATION,0.673,0,0.536,10.197,31.324,0.0
S030,22,Q146,RIGHT JOIN,0.661,0,1.868,33.192,33.192,0.0
S030,23,Q408,HAVING,0.471,0,0.609,4.253,33.801,0.0
S030,24,Q108,SELECT,0.311,0,2.315,7.775,36.116,0.0
S030,25,Q134,ORDER BY,0.387,0,2.275,11.315,38.39,0.0
S030,26,Q286,STORED PROCEDURES,0.846,0,0.203,38.593,38.593,0.0
S030,27,Q094,TRANSACTIONS,0.694,1,0.912,39.505,39.505,0.06
S030,28,Q497,ORDER BY,0.261,0,0.855,1.97,40.361,0.0
S030,29,Q346,NORMALIZATION,0.661,0,0.012,9.048,40.373,0.0
S030,30,Q368,WHERE,0.261,0,1.295,28.991,41.668,0.0
S030,31,Q379,JOINS,0.693,0,2.173,43.841,43.841,0.0
S030,32,Q025,LEFT JOIN,0.627,0,0.113,15.739,43.954,0.0
S030,33,Q282,WHERE,0.221,0,2.201,4.486,46.154,0.0
S030,34,Q263,GROUP BY,0.516,1,3.182,30.83,49.336,0.06
S030,35,Q231,INDEXING,0.687,0,2.254,51.59,51.59,0.0
S030,36,Q078,VIEWS,0.48,1,0.718,21.937,52.308,0.06
S030,37,Q462,TRANSACTIONS,0.661,1,0.619,13.422,52.927,0.06
S030,38,Q405,LEFT JOIN,0.648,1,0.681,9.655,53.609,0.06
S030,39,Q169,VIEWS,0.52,0,0.303,1.604,53.912,0.0109
S030,40,Q299,GROUP BY,0.419,0,1.02,5.596,54.932,0.0
S030,41,Q157,TRIGGERS,0.69,0,0.418,55.35,55.35,0.0
S030,42,Q258,SELECT,0.206,1,2.331,21.565,57.68,0.06
S030,43,Q368,WHERE,0.261,0,0.855,12.381,58.535,0.0
S030,44,Q015,ORDER BY,0.415,0,0.324,18.499,58.859,0.0
S030,45,Q341,NORMALIZATION,0.653,0,0.556,19.042,59.415,0.0
S030,46,Q247,PRIMARY KEY,0.388,0,3.262,31.889,62.677,0.0
S030,47,Q402,AGGREGATE FUNCTIONS,0.582,1,0.954,51.046,63.631,0.06
S030,48,Q226,TRANSACTIONS,0.672,0,2.053,12.756,65.684,0.0
S030,49,Q280,JOINS,0.685,0,0.826,22.668,66.509,0.0
S030,50,Q225,FOREIGN KEY,0.419,0,5.223,66.442,71.732,0.0
S030,51,Q499,FOREIGN KEY,0.458,1,0.327,0.327,72.059,0.06
S030,52,Q351,NORMALIZATION,0.753,0,2.554,15.198,74.613,0.0
S030,53,Q043,RIGHT JOIN,0.724,0,1.413,42.834,76.026,0.0
S030,54,Q175,INDEXING,0.505,1,1.241,25.677,77.267,0.06
S030,55,Q193,INDEXING,0.643,1,0.511,0.511,77.778,0.1123
S030,56,Q036,NORMALIZATION,0.55,0,1.211,4.376,78.989,0.0
S030,57,Q023,NORMALIZATION,0.552,0,0.813,0.813,79.801,0.0
S030,58,Q419,LEFT JOIN,0.469,0,0.482,26.674,80.283,0.0
S030,59,Q202,PRIMARY KEY,0.254,1,0.595,18.201,80.878,0.06
S030,60,Q038,SELECT,0.2,1,0.637,23.835,81.515,0.06
S030,61,Q359,UNION,0.42,1,0.164,65.184,81.679,0.06
S030,62,Q228,HAVING,0.488,1,3.303,51.182,84.982,0.06
S030,63,Q462,TRANSACTIONS,0.661,1,0.958,20.257,85.94,0.06
S030,64,Q398,AGGREGATE FUNCTIONS,0.442,0,1.983,24.293,87.924,0.0
S030,65,Q026,JOINS,0.462,0,0.913,22.327,88.837,0.0
S030,66,Q400,VIEWS,0.655,0,4.012,38.937,92.848,0.0
S030,67,Q262,AGGREGATE FUNCTIONS,0.576,0,5.41,10.335,98.258,0.0
S030,68,Q283,STORED PROCEDURES,0.715,0,0.442,60.107,98.701,0.0
S030,69,Q430,SUBQUERIES,0.653,1,0.969,99.67,99.67,0.06
S030,70,Q146,RIGHT JOIN,0.661,0,1.375,25.02,101.045,0.0
S030,71,Q423,TRANSACTIONS,0.738,0,3.498,18.603,104.543,0.0
S030,72,Q482,WHERE,0.334,0,0.471,46.479,105.014,0.0
S030,73,Q102,TRANSACTIONS,0.659,0,0.031,0.502,105.045,0.0
S030,74,Q461,RIGHT JOIN,0.484,0,0.927,4.927,105.972,0.0
S030,75,Q328,INDEXING,0.642,0,3.636,31.83,109.608,0.0
S030,76,Q439,HAVING,0.648,0,4.275,28.901,113.883,0.0
S030,77,Q352,AGGREGATE FUNCTIONS,0.46,0,2.403,18.028,116.286,0.0
S030,78,Q050,ORDER BY,0.39,1,1.464,58.891,117.75,0.06
S030,79,Q185,INDEXING,0.692,0,0.213,8.354,117.962,0.0
S030,80,Q346,NORMALIZATION,0.661,0,0.524,38.685,118.486,0.0
S030,81,Q283,STORED PROCEDURES,0.715,0,4.775,24.561,123.262,0.0
S030,82,Q481,TRIGGERS,0.686,0,1.78,69.692,125.041,0.0
S030,83,Q171,HAVING,0.455,0,0.129,11.287,125.17,0.0
S030,84,Q376,HAVING,0.695,1,0.015,0.015,125.185,0.06
S030,85,Q042,SUBQUERIES,0.658,0,1.144,26.659,126.329,0.0
S030,86,Q051,FOREIGN KEY,0.373,0,0.014,54.284,126.343,0.0
S030,87,Q357,INNER JOIN,0.447,0,1.862,128.204,128.204,0.0
S030,88,Q256,ORDER BY,0.346,0,2.063,12.517,130.267,0.0
S030,89,Q279,FOREIGN KEY,0.269,0,0.054,3.978,130.32,0.0
S030,90,Q243,HAVING,0.47,0,0.102,5.238,130.423,0.0
S030,91,Q367,HAVING,0.509,0,2.387,2.387,132.809,0.0
S030,92,Q233,INNER JOIN,0.649,0,3.202,7.807,136.011,0.0
S030,93,Q063,UNION,0.406,0,0.479,54.811,136.491,0.0
S030,94,Q026,JOINS,0.462,0,0.274,47.928,136.765,0.0
S030,95,Q335,JOINS,0.436,0,1.562,1.562,138.327,0.0
S030,96,Q440,SUBQUERIES,0.653,1,1.224,13.222,139.551,0.06
S030,97,Q173,SELECT,0.193,0,1.836,59.871,141.387,0.0
S030,98,Q134,ORDER BY,0.387,0,7.266,18.386,148.653,0.0
S030,99,Q085,VIEWS,0.618,0,0.798,56.603,149.451,0.0
S030,100,Q387,UNION,0.384,0,0.884,13.845,150.336,0.0
S031,1,Q030,GROUP BY,0.529,1,0.047,0.047,0.047,0.3388
S031,2,Q294,HAVING,0.618,0,2.881,2.928,2.928,0.3247
S031,3,Q285,SELECT,0.344,0,1.363,4.29,4.29,0.2118
S031,4,Q145,VIEWS,0.655,1,0.005,4.295,4.295,0.3734
S031,5,Q375,TRIGGERS,0.555,0,0.978,5.273,5.273,0.1651
S031,6,Q203,FOREIGN KEY,0.255,0,0.103,5.376,5.376,0.1153
S031,7,Q201,AGGREGATE FUNCTIONS,0.359,0,3.537,8.913,8.913,0.174
S031,8,Q447,AGGREGATE FUNCTIONS,0.58,0,1.464,1.464,10.377,0.1271
S031,9,Q339,RIGHT JOIN,0.478,0,0.26,10.637,10.637,0.1185
S031,10,Q372,INDEXING,0.498,0,0.947,11.584,11.584,0.0826
S031,11,Q475,SELECT,0.227,0,2.079,9.373,13.663,0.0462
S031,12,Q027,GROUP BY,0.405,0,1.857,15.473,15.52,0.0817
S031,13,Q223,RIGHT JOIN,0.704,0,5.326,10.209,20.846,0.0
S031,14,Q227,NORMALIZATION,0.525,1,0.317,21.163,21.163,0.1346
S031,15,Q470,AGGREGATE FUNCTIONS,0.49,0,0.072,10.858,21.235,0.0
S031,16,Q393,HAVING,0.419,0,1.178,19.485,22.412,0.0074
S031,17,Q278,INDEXING,0.499,0,1.338,12.167,23.751,0.0
S031,18,Q142,STORED PROCEDURES,0.735,0,0.924,24.675,24.675,0.0089
S031,19,Q484,JOINS,0.63,1,3.546,28.221,28.221,0.06
S031,20,Q120,LEFT JOIN,0.655,1,1.587,29.807,29.807,0.06
S031,21,Q198,TRIGGERS,0.796,0,2.604,27.138,32.411,0.0
S031,22,Q071,SUBQUERIES,0.651,0,3.372,35.783,35.783,0.0
S031,23,Q052,RIGHT JOIN,0.663,0,1.132,16.068,36.915,0.0
S031,24,Q465,WHERE,0.43,0,0.581,37.496,37.496,0.0
S031,25,Q495,TRIGGERS,0.746,1,0.225,5.31,37.721,0.06
S031,26,Q179,ORDER BY,0.262,0,1.351,39.072,39.072,0.0
S031,27,Q201,AGGREGATE FUNCTIONS,0.359,1,2.946,20.783,42.018,0.06
S031,28,Q220,TRANSACTIONS,0.748,0,0.305,42.323,42.323,0.0
S031,29,Q058,AGGREGATE FUNCTIONS,0.361,0,0.963,1.268,43.286,0.016
S031,30,Q498,FOREIGN KEY,0.401,0,4.459,42.369,47.746,0.0
S031,31,Q050,ORDER BY,0.39,0,0.776,9.45,48.521,0.0
S031,32,Q381,WHERE,0.339,0,4.94,15.966,53.461,0.0
S031,33,Q270,INDEXING,0.717,0,3.046,32.756,56.507,0.0
S031,34,Q063,UNION,0.406,1,0.444,56.952,56.952,0.06
S031,35,Q037,INNER JOIN,0.477,0,0.74,57.692,57.692,0.0
S031,36,Q216,HAVING,0.472,1,0.358,35.637,58.05,0.06
S031,37,Q018,FOREIGN KEY,0.452,0,0.285,10.588,58.334,0.0
S031,38,Q167,PRIMARY KEY,0.442,0,0.174,58.509,58.509,0.0
S031,39,Q212,RIGHT JOIN,0.621,0,4.917,26.511,63.425,0.0
S031,40,Q342,AGGREGATE FUNCTIONS,0.576,0,1.117,21.256,64.543,0.0
S031,41,Q210,GROUP BY,0.475,0,1.298,50.321,65.841,0.0
S031,42,Q463,AGGREGATE FUNCTIONS,0.577,0,0.372,1.671,66.213,0.0
S031,43,Q384,JOINS,0.69,0,2.822,40.814,69.035,0.0
S031,44,Q182,NORMALIZATION,0.512,1,2.11,49.982,71.145,0.06
S031,45,Q047,LEFT JOIN,0.482,0,0.276,41.613,71.421,0.0
S031,46,Q001,INNER JOIN,0.589,1,0.967,14.696,72.388,0.06
S031,47,Q028,STORED PROCEDURES,0.783,0,0.515,48.229,72.903,0.0
S031,48,Q332,TRIGGERS,0.562,1,2.823,38.005,75.726,0.06
S031,49,Q325,AGGREGATE FUNCTIONS,0.474,0,0.747,10.26,76.473,0.0
S031,50,Q074,VIEWS,0.476,0,2.791,74.969,79.264,0.0
S031,51,Q357,INNER JOIN,0.447,0,1.374,8.251,80.639,0.0
S031,52,Q207,WHERE,0.265,0,1.161,28.339,81.8,0.0
S031,53,Q218,ORDER BY,0.226,1,2.68,35.959,84.48,0.06
S031,54,Q017,INNER JOIN,0.354,0,3.206,7.048,87.687,0.0
S031,55,Q205,VIEWS,0.597,0,0.824,9.246,88.511,0.0
S031,56,Q202,PRIMARY KEY,0.254,1,0.422,30.424,88.933,0.06
S031,57,Q023,NORMALIZATION,0.552,0,0.929,18.717,89.862,0.0
S031,58,Q472,INNER JOIN,0.643,0,0.343,2.519,90.205,0.0
S031,59,Q043,RIGHT JOIN,0.724,0,2.071,28.851,92.276,0.0
S031,60,Q447,AGGREGATE FUNCTIONS,0.58,0,1.429,17.231,93.705,0.0
S031,61,Q135,HAVING,0.678,0,1.366,37.021,95.071,0.0
S031,62,Q397,RIGHT JOIN,0.678,0,0.426,3.221,95.497,0.0
S031,63,Q465,WHERE,0.43,0,0.165,13.862,95.662,0.0
S031,64,Q264,TRANSACTIONS,0.523,1,0.111,53.45,95.773,0.06
S031,65,Q256,ORDER BY,0.346,0,7.223,18.515,102.995,0.0
S031,66,Q258,SELECT,0.206,0,4.655,93.987,107.65,0.0
S031,67,Q103,WHERE,0.449,0,3.162,15.15,110.812,0.0
S031,68,Q224,RIGHT JOIN,0.546,1,0.975,16.29,111.787,0.06
S031,69,Q217,PRIMARY KEY,0.385,0,0.214,23.068,112.001,0.0
S031,70,Q387,UNION,0.384,1,0.272,55.321,112.273,0.06
S031,71,Q048,ORDER BY,0.318,1,0.69,9.968,112.963,0.06
S031,72,Q366,TRIGGERS,0.664,0,1.159,38.396,114.122,0.0
S031,73,Q488,FOREIGN KEY,0.382,0,1.615,57.403,115.737,0.0
S031,74,Q489,SELECT,0.156,1,4.225,12.312,119.962,0.06
S031,75,Q410,GROUP BY,0.445,0,0.417,54.538,120.379,0.0
S031,76,Q281,HAVING,0.584,0,0.326,25.634,120.705,0.0
S031,77,Q288,VIEWS,0.651,0,4.482,36.676,125.186,0.0
S031,78,Q106,TRIGGERS,0.768,1,1.067,12.132,126.253,0.06
S031,79,Q123,TRIGGERS,0.741,0,2.858,2.858,129.112,0.0
S031,80,Q411,SUBQUERIES,0.668,0,0.912,94.241,130.024,0.0
S031,81,Q452,RIGHT JOIN,0.577,0,1.207,19.444,131.231,0.0
S031,82,Q354,JOINS,0.56,0,2.119,64.316,133.351,0.0
S031,83,Q345,ORDER BY,0.246,0,2.913,23.3,136.264,0.0
S031,84,Q408,HAVING,0.471,0,0.999,16.558,137.263,0.0
S031,85,Q165,NORMALIZATION,0.71,0,0.751,48.152,138.014,0.0
S031,86,Q353,PRIMARY KEY,0.417,0,0.39,26.403,138.404,0.0
S031,87,Q221,PRIMARY KEY,0.424,0,1.603,1.603,140.007,0.0
S031,88,Q444,PRIMARY KEY,0.235,0,3.035,3.035,143.042,0.0
S031,89,Q249,TRIGGERS,0.783,0,0.455,14.385,143.496,0.0
S031,90,Q202,PRIMARY KEY,0.254,1,1.224,1.679,144.72,0.06
S031,91,Q449,HAVING,0.677,0,2.094,9.551,146.814,0.0
S031,92,Q381,WHERE,0.339,0,2.083,38.085,148.897,0.0
S031,93,Q273,GROUP BY,0.489,1,0.309,28.827,149.206,0.06
S031,94,Q361,GROUP BY,0.457,0,1.831,1.831,151.037,0.0075
S031,95,Q147,INDEXING,0.616,0,0.453,94.983,151.49,0.0
S031,96,Q037,INNER JOIN,0.477,0,0.654,61.939,152.144,0.0
S031,97,Q059,PRIMARY KEY,0.219,0,11.876,19.3,164.02,0.0
S031,98,Q389,HAVING,0.552,0,0.853,18.059,164.873,0.0
S031,99,Q350,TRIGGERS,0.764,0,0.472,21.849,165.345,0.0
S031,100,Q189,GROUP BY,0.364,1,2.073,16.381,167.418,0.06
S032,1,Q426,JOINS,0.626,0,1.021,1.021,1.021,0.2936
S032,2,Q413,LEFT JOIN,0.513,1,3.733,4.754,4.754,0.3628
S032,3,Q409,FOREIGN KEY,0.381,1,1.66,6.414,6.414,0.2866
S032,4,Q073,RIGHT JOIN,0.571,1,0.013,6.428,6.428,0.1902
S032,5,Q406,HAVING,0.46,0,1.067,7.495,7.495,0.3612
S032,6,Q064,AGGREGATE FUNCTIONS,0.397,0,2.567,10.061,10.061,0.2146
S032,7,Q245,SELECT,0.37,1,0.328,10.389,10.389,0.1613
S032,8,Q182,NORMALIZATION,0.512,1,0.643,11.032,11.032,0.2213
S032,9,Q113,ORDER BY,0.443,0,1.553,12.585,12.585,0.0998
S032,10,Q160,AGGREGATE FUNCTIONS,0.338,1,0.104,2.627,12.688,0.2352
S032,11,Q167,PRIMARY KEY,0.442,0,1.609,14.297,14.297,0.0117
S032,12,Q243,HAVING,0.47,1,0.699,7.501,14.996,0.3087
S032,13,Q194,VIEWS,0.66,0,2.248,17.244,17.244,0.0
S032,14,Q281,HAVING,0.584,1,0.188,2.436,17.433,0.3322
S032,15,Q470,AGGREGATE FUNCTIONS,0.49,0,4.46,9.204,21.893,0.0721
S032,16,Q223,RIGHT JOIN,0.704,0,1.807,17.272,23.7,0.0
S032,17,Q276,VIEWS,0.484,0,1.647,8.103,25.347,0.0
S032,18,Q307,VIEWS,0.44,0,4.64,4.64,29.987,0.0
S032,19,Q080,HAVING,0.504,0,1.597,14.151,31.584,0.0949
S032,20,Q169,VIEWS,0.52,1,3.88,5.477,35.464,0.06
S032,21,Q117,RIGHT JOIN,0.503,0,5.222,16.986,40.686,0.0
S032,22,Q399,JOINS,0.524,0,0.677,40.342,41.364,0.0
S032,23,Q430,SUBQUERIES,0.653,0,2.389,43.753,43.753,0.0
S032,24,Q263,GROUP BY,0.516,0,3.31,47.063,47.063,0.0
S032,25,Q436,PRIMARY KEY,0.38,0,0.059,32.824,47.122,0.0
S032,26,Q352,AGGREGATE FUNCTIONS,0.46,0,3.045,28.274,50.166,0.0
S032,27,Q222,VIEWS,0.416,0,0.153,14.856,50.32,0.0
S032,28,Q135,HAVING,0.678,1,3.299,22.035,53.618,0.06
S032,29,Q270,INDEXING,0.717,0,1.867,55.485,55.485,0.0
S032,30,Q014,UNION,0.504,1,1.475,56.96,56.96,0.06
S032,31,Q192,PRIMARY KEY,0.241,0,0.508,10.346,57.468,0.0
S032,32,Q374,RIGHT JOIN,0.474,1,0.217,16.998,57.684,0.06
S032,33,Q448,GROUP BY,0.626,0,0.795,11.416,58.479,0.0
S032,34,Q204,TRIGGERS,0.735,0,0.172,58.65,58.65,0.0
S032,35,Q476,TRIGGERS,0.613,0,2.545,2.545,61.196,0.0
S032,36,Q402,AGGREGATE FUNCTIONS,0.582,0,2.101,13.13,63.297,0.0
S032,37,Q080,HAVING,0.504,1,0.959,10.637,64.255,0.06
S032,38,Q465,WHERE,0.43,1,6.948,71.203,71.203,0.06
S032,39,Q069,LEFT JOIN,0.56,0,0.544,66.993,71.747,0.0
S032,40,Q044,RIGHT JOIN,0.637,1,0.779,14.842,72.526,0.06
S032,41,Q493,LEFT JOIN,0.431,0,0.704,1.483,73.23,0.0
S032,42,Q436,PRIMARY KEY,0.38,0,0.779,16.542,74.009,0.0
S032,43,Q483,VIEWS,0.52,0,1.779,25.468,75.788,0.0
S032,44,Q324,WHERE,0.282,1,0.401,4.986,76.189,0.06
S032,45,Q189,GROUP BY,0.364,1,0.289,17.999,76.478,0.06
S032,46,Q435,NORMALIZATION,0.623,0,0.671,66.117,77.149,0.0
S032,47,Q033,LEFT JOIN,0.653,0,0.541,4.46,77.69,0.0
S032,48,Q338,FOREIGN KEY,0.333,0,0.205,71.481,77.895,0.0
S032,49,Q216,HAVING,0.472,0,1.654,15.294,79.549,0.0
S032,50,Q180,INDEXING,0.498,0,1.602,25.665,81.151,0.0
S032,51,Q005,GROUP BY,0.393,0,0.262,4.935,81.413,0.0
S032,52,Q117,RIGHT JOIN,0.503,0,2.769,11.656,84.182,0.0
S032,53,Q331,STORED PROCEDURES,0.731,1,0.853,85.035,85.035,0.06
S032,54,Q281,HAVING,0.584,1,3.312,8.798,88.347,0.06
S032,55,Q428,SELECT,0.158,0,1.151,79.109,89.498,0.0
S032,56,Q252,ORDER BY,0.263,0,1.409,78.323,90.907,0.0
S032,57,Q016,INNER JOIN,0.401,0,5.31,96.217,96.217,0.0
S032,58,Q031,INDEXING,0.548,1,0.039,15.105,96.255,0.06
S032,59,Q177,INDEXING,0.605,1,0.169,0.169,96.425,0.1175
S032,60,Q097,STORED PROCEDURES,0.801,1,1.291,12.681,97.716,0.06
S032,61,Q445,STORED PROCEDURES,0.733,0,0.049,0.049,97.764,0.0343
S032,62,Q424,SELECT,0.283,0,2.238,10.505,100.003,0.0
S032,63,Q007,WHERE,0.38,0,0.087,23.901,100.089,0.0
S032,64,Q240,LEFT JOIN,0.422,0,0.039,22.439,100.129,0.0
S032,65,Q298,TRIGGERS,0.632,0,0.417,39.35,100.546,0.0
S032,66,Q087,JOINS,0.52,0,0.579,59.761,101.124,0.0
S032,67,Q195,TRANSACTIONS,0.673,0,2.621,103.745,103.745,0.0
S032,68,Q122,INDEXING,0.478,1,0.378,7.698,104.123,0.062
S032,69,Q348,FOREIGN KEY,0.366,0,0.453,26.68,104.576,0.0
S032,70,Q212,RIGHT JOIN,0.621,1,0.126,20.52,104.702,0.06
S032,71,Q348,FOREIGN KEY,0.366,0,3.9,4.027,108.602,0.0
S032,72,Q042,SUBQUERIES,0.658,1,1.222,66.071,109.824,0.06
S032,73,Q018,FOREIGN KEY,0.452,1,0.753,1.975,110.577,0.06
S032,74,Q450,LEFT JOIN,0.595,1,0.655,11.104,111.232,0.06
S032,75,Q480,STORED PROCEDURES,0.638,1,0.286,13.754,111.518,0.06
S032,76,Q166,LEFT JOIN,0.618,0,1.607,1.893,113.126,0.0066
S032,77,Q247,PRIMARY KEY,0.388,0,0.74,39.856,113.865,0.0
S032,78,Q465,WHERE,0.43,1,1.656,15.432,115.521,0.06
S032,79,Q250,INNER JOIN,0.477,1,4.16,23.464,119.681,0.06
S032,80,Q412,LEFT JOIN,0.536,0,1.828,8.383,121.508,0.0
S032,81,Q137,ORDER BY,0.445,0,1.235,31.836,122.743,0.0
S032,82,Q250,INNER JOIN,0.477,0,0.535,3.598,123.278,0.0
S032,83,Q260,PRIMARY KEY,0.442,0,0.21,9.623,123.488,0.0
S032,84,Q409,FOREIGN KEY,0.381,0,1.702,14.613,125.19,0.0
S032,85,Q347,FOREIGN KEY,0.405,0,1.752,1.752,126.942,0.0
S032,86,Q249,TRIGGERS,0.783,0,3.065,29.461,130.007,0.0
S032,87,Q495,TRIGGERS,0.746,0,2.097,2.097,132.104,0.0
S032,88,Q295,SUBQUERIES,0.805,0,1.245,23.525,133.349,0.0
S032,89,Q092,GROUP BY,0.355,0,1.186,53.123,134.536,0.0
S032,90,Q191,SELECT,0.285,1,0.081,34.613,134.616,0.06
S032,91,Q107,ORDER BY,0.414,0,3.057,14.93,137.673,0.0
S032,92,Q146,RIGHT JOIN,0.661,0,0.662,33.633,138.335,0.0
S032,93,Q349,PRIMARY KEY,0.216,0,3.145,17.992,141.481,0.0
S032,94,Q487,SUBQUERIES,0.631,1,3.119,11.25,144.6,0.06
S032,95,Q500,GROUP BY,0.633,1,0.323,10.387,144.922,0.06
S032,96,Q013,NORMALIZATION,0.686,0,4.587,72.36,149.509,0.0
S032,97,Q479,INDEXING,0.619,0,1.644,47.03,151.153,0.0
S032,98,Q451,VIEWS,0.573,0,0.925,76.29,152.078,0.0
S032,99,Q193,INDEXING,0.643,0,0.941,1.866,153.019,0.0
S032,100,Q135,HAVING,0.678,0,0.023,64.695,153.043,0.0
S033,1,Q295,SUBQUERIES,0.805,0,0.024,0.024,0.024,0.2518
S033,2,Q012,INDEXING,0.52,1,2.405,2.429,2.429,0.2425
S033,3,Q342,AGGREGATE FUNCTIONS,0.576,1,1.493,3.922,3.922,0.4375
S033,4,Q236,NORMALIZATION,0.543,0,2.24,6.161,6.161,0.1304
S033,5,Q052,RIGHT JOIN,0.663,0,0.45,6.612,6.612,0.1037
S033,6,Q105,RIGHT JOIN,0.534,1,0.689,0.689,7.301,0.1534
S033,7,Q364,WHERE,0.339,1,1.011,8.312,8.312,0.1713
S033,8,Q160,AGGREGATE FUNCTIONS,0.338,1,0.274,4.664,8.586,0.4276
S033,9,Q477,TRIGGERS,0.655,1,1.163,9.748,9.748,0.2163
S033,10,Q496,NORMALIZATION,0.716,0,6.66,10.247,16.408,0.0
S033,11,Q164,PRIMARY KEY,0.249,0,0.823,17.231,17.231,0.0991
S033,12,Q034,PRIMARY KEY,0.268,1,1.897,1.897,19.128,0.1306
S033,13,Q465,WHERE,0.43,1,0.476,11.292,19.604,0.0619
S033,14,Q271,UNION,0.382,0,0.051,19.655,19.655,0.1396
S033,15,Q153,LEFT JOIN,0.611,0,0.128,19.783,19.783,0.0797
S033,16,Q450,LEFT JOIN,0.595,0,1.14,1.14,20.923,0.0376
S033,17,Q452,RIGHT JOIN,0.577,1,5.072,18.694,25.995,0.06
S033,18,Q226,TRANSACTIONS,0.672,0,0.535,26.531,26.531,0.0
S033,19,Q420,INNER JOIN,0.385,1,1.19,27.721,27.721,0.06
S033,20,Q333,HAVING,0.504,1,2.565,30.286,30.286,0.06
S033,21,Q397,RIGHT JOIN,0.678,0,0.875,5.166,31.161,0.0
S033,22,Q493,LEFT JOIN,0.431,0,1.901,12.139,33.062,0.0
S033,23,Q488,FOREIGN KEY,0.382,0,2.201,35.263,35.263,0.0
S033,24,Q023,NORMALIZATION,0.552,1,1.561,20.415,36.824,0.06
S033,25,Q361,GROUP BY,0.457,0,1.989,38.813,38.813,0.0
S033,26,Q143,WHERE,0.264,0,0.954,20.162,39.767,0.0
S033,27,Q500,GROUP BY,0.633,0,1.332,2.286,41.099,0.0
S033,28,Q179,ORDER BY,0.262,0,6.811,47.909,47.909,0.0
S033,29,Q468,INNER JOIN,0.4,0,0.071,20.259,47.98,0.0
S033,30,Q031,INDEXING,0.548,0,1.987,47.539,49.967,0.0
S033,31,Q067,TRANSACTIONS,0.606,0,1.508,24.945,51.475,0.0
S033,32,Q370,SELECT,0.152,1,1.6,53.075,53.075,0.06
S033,33,Q394,UNION,0.411,1,2.957,36.377,56.032,0.06
S033,34,Q140,STORED PROCEDURES,0.717,1,1.264,57.296,57.296,0.06
S033,35,Q428,SELECT,0.158,1,0.774,4.996,58.071,0.06
S033,36,Q109,AGGREGATE FUNCTIONS,0.581,1,0.868,50.353,58.938,0.06
S033,37,Q367,HAVING,0.509,0,0.689,29.341,59.627,0.0
S033,38,Q435,NORMALIZATION,0.623,1,0.027,22.831,59.655,0.06
S033,39,Q390,GROUP BY,0.446,1,1.547,20.104,61.202,0.06
S033,40,Q078,VIEWS,0.48,1,2.859,64.061,64.061,0.06
S033,41,Q056,GROUP BY,0.622,1,2.035,4.893,66.095,0.06
S033,42,Q006,ORDER BY,0.205,0,1.242,19.428,67.338,0.0
S033,43,Q258,SELECT,0.206,1,0.444,9.711,67.781,0.06
S033,44,Q352,AGGREGATE FUNCTIONS,0.46,1,6.4,15.243,74.182,0.06
S033,45,Q151,INNER JOIN,0.5,0,0.186,26.387,74.367,0.0
S033,46,Q078,VIEWS,0.48,1,0.031,10.337,74.398,0.06
S033,47,Q034,PRIMARY KEY,0.268,0,0.261,55.531,74.659,0.0
S033,48,Q287,VIEWS,0.513,0,2.889,3.15,77.548,0.0
S033,49,Q276,VIEWS,0.484,0,2.018,2.018,79.566,0.0
S033,50,Q275,HAVING,0.692,0,2.676,22.615,82.242,0.0
S033,51,Q395,LEFT JOIN,0.643,0,2.121,51.301,84.364,0.0
S033,52,Q196,STORED PROCEDURES,0.722,0,1.673,28.74,86.036,0.0
S033,53,Q271,UNION,0.382,0,3.487,33.491,89.523,0.0
S033,54,Q202,PRIMARY KEY,0.254,0,0.599,15.463,90.122,0.0
S033,55,Q447,AGGREGATE FUNCTIONS,0.58,0,0.383,16.324,90.505,0.0
S033,56,Q463,AGGREGATE FUNCTIONS,0.577,1,0.135,0.135,90.64,0.06
S033,57,Q344,SELECT,0.171,0,0.355,23.213,90.995,0.0
S033,58,Q494,NORMALIZATION,0.671,0,4.23,35.57,95.225,0.0
S033,59,Q351,NORMALIZATION,0.753,0,0.493,0.493,95.718,0.0
S033,60,Q201,AGGREGATE FUNCTIONS,0.359,1,0.047,5.125,95.765,0.06
S033,61,Q457,SELECT,0.367,0,1.507,6.277,97.272,0.0
S033,62,Q346,NORMALIZATION,0.661,1,1.669,3.223,98.941,0.06
S033,63,Q367,HAVING,0.509,1,1.15,17.848,100.091,0.06
S033,64,Q055,INNER JOIN,0.493,0,1.533,27.256,101.623,0.0
S033,65,Q108,SELECT,0.311,0,0.65,5.002,102.273,0.0
S033,66,Q392,STORED PROCEDURES,0.686,0,0.206,16.443,102.479,0.0
S033,67,Q228,HAVING,0.488,1,2.018,4.406,104.497,0.06
S033,68,Q024,VIEWS,0.478,0,4.249,29.18,108.746,0.0
S033,69,Q461,RIGHT JOIN,0.484,1,2.568,80.153,111.314,0.06
S033,70,Q338,FOREIGN KEY,0.333,1,3.479,79.53,114.793,0.06
S033,71,Q091,ORDER BY,0.348,0,0.444,47.899,115.236,0.0
S033,72,Q412,LEFT JOIN,0.536,0,0.726,31.599,115.963,0.0
S033,73,Q276,VIEWS,0.484,0,0.059,7.275,116.021,0.0
S033,74,Q192,PRIMARY KEY,0.241,0,2.717,28.617,118.739,0.0
S033,75,Q273,GROUP BY,0.489,0,0.081,52.724,118.82,0.0
S033,76,Q382,LEFT JOIN,0.543,0,0.873,3.73,119.693,0.0
S033,77,Q306,UNION,0.518,0,0.161,30.331,119.854,0.0
S033,78,Q156,WHERE,0.223,0,0.8,80.888,120.654,0.0
S033,79,Q173,SELECT,0.193,0,2.768,21.148,123.422,0.0
S033,80,Q151,INNER JOIN,0.5,1,0.87,22.668,124.292,0.06
S033,81,Q177,INDEXING,0.605,1,1.608,75.932,125.9,0.06
S033,82,Q301,WHERE,0.29,0,0.31,5.555,126.21,0.0
S033,83,Q479,INDEXING,0.619,0,0.932,1.242,127.142,0.0164
S033,84,Q128,SELECT,0.294,0,0.492,4.211,127.633,0.0
S033,85,Q133,FOREIGN KEY,0.479,0,1.331,14.172,128.964,0.0
S033,86,Q476,TRIGGERS,0.613,1,0.311,119.527,129.275,0.06
S033,87,Q043,RIGHT JOIN,0.724,0,4.935,22.897,134.211,0.0
S033,88,Q046,HAVING,0.619,0,2.868,32.582,137.079,0.0
S033,89,Q495,TRIGGERS,0.746,0,6.119,13.922,143.198,0.0
S033,90,Q295,SUBQUERIES,0.805,1,0.597,143.771,143.795,0.06
S033,91,Q001,INNER JOIN,0.589,1,0.684,20.187,144.479,0.06
S033,92,Q392,STORED PROCEDURES,0.686,0,0.482,42.481,144.96,0.0
S033,93,Q369,PRIMARY KEY,0.283,0,1.184,27.406,146.144,0.0
S033,94,Q414,TRIGGERS,0.737,1,1.946,4.893,148.09,0.06
S033,95,Q155,TRIGGERS,0.651,0,0.587,0.587,148.677,0.0262
S033,96,Q432,NORMALIZATION,0.754,0,0.461,50.197,149.138,0.0
S033,97,Q122,INDEXING,0.478,0,2.16,24.156,151.298,0.0
S033,98,Q247,PRIMARY KEY,0.388,0,0.224,5.378,151.522,0.0
S033,99,Q375,TRIGGERS,0.555,0,0.068,2.913,151.59,0.0
S033,100,Q007,WHERE,0.38,0,2.149,27.529,153.739,0.0
S034,1,Q307,VIEWS,0.44,0,1.777,1.777,1.777,0.3506
S034,2,Q189,GROUP BY,0.364,1,3.177,4.954,4.954,0.4333
S034,3,Q423,TRANSACTIONS,0.738,0,1.432,6.387,6.387,0.1216
S034,4,Q052,RIGHT JOIN,0.663,1,1.842,8.229,8.229,0.3725
S034,5,Q213,ORDER BY,0.448,0,0.967,9.195,9.195,0.19
S034,6,Q338,FOREIGN KEY,0.333,0,0.065,9.26,9.26,0.1553
S034,7,Q489,SELECT,0.156,0,2.696,11.956,11.956,0.0996
S034,8,Q054,TRIGGERS,0.559,0,0.361,12.318,12.318,0.2067
S034,9,Q032,FOREIGN KEY,0.299,1,0.06,3.117,12.377,0.1685
S034,10,Q243,HAVING,0.47,0,0.035,12.412,12.412,0.0727
S034,11,Q490,STORED PROCEDURES,0.81,1,4.351,16.763,16.763,0.1683
S034,12,Q430,SUBQUERIES,0.653,0,0.106,16.869,16.869,0.0943
S034,13,Q223,RIGHT JOIN,0.704,0,0.529,9.169,17.398,0.2099
S034,14,Q283,STORED PROCEDURES,0.715,1,4.346,4.981,21.744,0.1536
S034,15,Q113,ORDER BY,0.443,0,1.637,14.186,23.381,0.0
S034,16,Q347,FOREIGN KEY,0.405,0,4.409,15.413,27.79,0.0
S034,17,Q242,WHERE,0.22,1,0.02,27.81,27.81,0.06
S034,18,Q361,GROUP BY,0.457,0,4.356,27.212,32.166,0.0001
S034,19,Q439,HAVING,0.648,1,0.241,19.995,32.407,0.06
S034,20,Q206,SUBQUERIES,0.557,1,0.042,15.58,32.449,0.06
S034,21,Q112,INDEXING,0.48,1,3.265,35.714,35.714,0.06
S034,22,Q145,VIEWS,0.655,0,1.048,34.985,36.762,0.0
S034,23,Q418,WHERE,0.336,1,0.294,9.246,37.056,0.06
S034,24,Q155,TRIGGERS,0.651,1,3.731,28.47,40.788,0.06
S034,25,Q332,TRIGGERS,0.562,1,0.724,0.724,41.512,0.1091
S034,26,Q212,RIGHT JOIN,0.621,0,1.02,25.135,42.532,0.0
S034,27,Q268,ORDER BY,0.425,0,0.235,19.386,42.767,0.0
S034,28,Q310,WHERE,0.401,0,1.934,7.644,44.701,0.0
S034,29,Q260,PRIMARY KEY,0.442,0,0.48,45.181,45.181,0.0
S034,30,Q456,FOREIGN KEY,0.297,0,0.029,17.419,45.209,0.0
S034,31,Q475,SELECT,0.227,1,3.828,37.081,49.038,0.06
S034,32,Q478,VIEWS,0.411,0,0.057,12.332,49.094,0.0
S034,33,Q132,VIEWS,0.698,0,2.131,2.131,51.226,0.0
S034,34,Q335,JOINS,0.436,0,4.149,55.375,55.375,0.0
S034,35,Q462,TRANSACTIONS,0.661,0,5.975,54.963,61.35,0.0
S034,36,Q026,JOINS,0.462,0,0.371,6.346,61.72,0.0
S034,37,Q394,UNION,0.411,0,2.401,64.121,64.121,0.0
S034,38,Q140,STORED PROCEDURES,0.717,0,0.478,42.855,64.599,0.0
S034,39,Q163,INNER JOIN,0.376,0,0.944,65.543,65.543,0.0
S034,40,Q044,RIGHT JOIN,0.637,0,0.725,23.736,66.268,0.0
S034,41,Q394,UNION,0.411,1,1.394,3.54,67.662,0.06
S034,42,Q053,SUBQUERIES,0.682,0,0.646,35.858,68.307,0.0
S034,43,Q473,RIGHT JOIN,0.495,1,2.552,4.591,70.859,0.06
S034,44,Q066,SELECT,0.207,0,0.017,21.838,70.876,0.0
S034,45,Q095,TRANSACTIONS,0.782,0,7.0,16.526,77.875,0.0
S034,46,Q023,NORMALIZATION,0.552,1,0.439,78.315,78.315,0.06
S034,47,Q131,ORDER BY,0.392,0,0.47,36.018,78.785,0.0
S034,48,Q040,LEFT JOIN,0.619,0,0.239,79.024,79.024,0.0
S034,49,Q018,FOREIGN KEY,0.452,0,2.701,36.516,81.725,0.0
S034,50,Q143,WHERE,0.264,0,1.338,38.363,83.063,0.0
S034,51,Q254,TRANSACTIONS,0.536,1,3.31,8.498,86.374,0.06
S034,52,Q010,UNION,0.357,0,0.191,18.903,86.565,0.0
S034,53,Q024,VIEWS,0.478,1,2.595,37.935,89.16,0.06
S034,54,Q109,AGGREGATE FUNCTIONS,0.581,1,0.547,89.707,89.707,0.06
S034,55,Q363,NORMALIZATION,0.675,0,1.354,12.746,91.061,0.0
S034,56,Q259,JOINS,0.641,0,1.827,31.167,92.887,0.0
S034,57,Q302,LEFT JOIN,0.407,1,0.887,14.75,93.774,0.06
S034,58,Q285,SELECT,0.344,0,0.681,23.58,94.455,0.0
S034,59,Q452,RIGHT JOIN,0.577,0,1.729,25.325,96.185,0.0
S034,60,Q190,SUBQUERIES,0.738,0,0.321,28.199,96.506,0.0
S034,61,Q215,VIEWS,0.633,1,0.21,7.555,96.716,0.06
S034,62,Q321,SUBQUERIES,0.781,0,1.063,1.273,97.779,0.0
S034,63,Q482,WHERE,0.334,1,0.606,15.322,98.385,0.06
S034,64,Q064,AGGREGATE FUNCTIONS,0.397,0,0.527,9.205,98.912,0.0
S034,65,Q034,PRIMARY KEY,0.268,1,4.82,58.551,103.732,0.06
S034,66,Q344,SELECT,0.171,1,2.672,11.949,106.404,0.06
S034,67,Q089,RIGHT JOIN,0.546,0,2.129,12.348,108.533,0.0
S034,68,Q434,LEFT JOIN,0.445,0,0.287,15.046,108.82,0.0
S034,69,Q039,AGGREGATE FUNCTIONS,0.36,0,1.108,11.017,109.929,0.0
S034,70,Q398,AGGREGATE FUNCTIONS,0.442,0,0.159,0.159,110.088,0.0
S034,71,Q270,INDEXING,0.717,0,0.952,75.326,111.04,0.0
S034,72,Q481,TRIGGERS,0.686,0,0.407,69.935,111.447,0.0
S034,73,Q089,RIGHT JOIN,0.546,0,0.747,3.661,112.194,0.0
S034,74,Q095,TRANSACTIONS,0.782,0,0.049,25.869,112.243,0.0
S034,75,Q311,INNER JOIN,0.391,1,1.554,48.254,113.797,0.06
S034,76,Q203,FOREIGN KEY,0.255,0,0.091,32.162,113.887,0.0
S034,77,Q253,STORED PROCEDURES,0.691,0,2.596,51.884,116.483,0.0
S034,78,Q298,TRIGGERS,0.632,0,0.303,5.339,116.785,0.0
S034,79,Q071,SUBQUERIES,0.651,0,2.296,21.302,119.081,0.0
S034,80,Q465,WHERE,0.43,0,1.387,22.083,120.468,0.0
S034,81,Q238,VIEWS,0.43,0,0.11,23.863,120.579,0.0
S034,82,Q132,VIEWS,0.698,0,0.773,0.773,121.352,0.0
S034,83,Q394,UNION,0.411,1,1.279,36.066,122.63,0.06
S034,84,Q309,HAVING,0.586,1,1.754,91.978,124.385,0.06
S034,85,Q021,NORMALIZATION,0.705,0,2.319,35.643,126.704,0.0
S034,86,Q332,TRIGGERS,0.562,0,5.035,14.953,131.739,0.0
S034,87,Q402,AGGREGATE FUNCTIONS,0.582,1,0.474,22.124,132.212,0.06
S034,88,Q385,GROUP BY,0.478,0,9.016,109.063,141.229,0.0
S034,89,Q143,WHERE,0.264,0,0.625,21.386,141.854,0.0
S034,90,Q032,FOREIGN KEY,0.299,1,0.174,28.14,142.028,0.06
S034,91,Q250,INNER JOIN,0.477,0,0.622,28.853,142.65,0.0
S034,92,Q171,HAVING,0.455,1,0.005,18.271,142.655,0.06
S034,93,Q247,PRIMARY KEY,0.388,1,0.721,39.644,143.376,0.06
S034,94,Q380,JOINS,0.601,1,0.713,51.201,144.089,0.06
S034,95,Q285,SELECT,0.344,1,1.853,39.538,145.942,0.06
S034,96,Q228,HAVING,0.488,0,1.85,5.137,147.792,0.0
S034,97,Q031,INDEXING,0.548,0,0.108,36.861,147.9,0.0
S034,98,Q378,AGGREGATE FUNCTIONS,0.56,0,0.616,16.304,148.516,0.0
S034,99,Q015,ORDER BY,0.415,0,4.98,74.711,153.496,0.0
S034,100,Q266,FOREIGN KEY,0.324,1,0.131,11.599,153.627,0.06
S035,1,Q034,PRIMARY KEY,0.268,1,0.646,0.646,0.646,0.4322
S035,2,Q490,STORED PROCEDURES,0.81,0,3.551,4.197,4.197,0.3979
S035,3,Q468,INNER JOIN,0.4,0,2.041,6.239,6.239,0.3686
S035,4,Q281,HAVING,0.584,1,0.194,6.433,6.433,0.2096
S035,5,Q495,TRIGGERS,0.746,0,0.931,7.364,7.364,0.3121
S035,6,Q409,FOREIGN KEY,0.381,1,1.068,8.431,8.431,0.1753
S035,7,Q262,AGGREGATE FUNCTIONS,0.576,0,3.006,11.437,11.437,0.1473
S035,8,Q183,FOREIGN KEY,0.495,1,1.932,4.938,13.369,0.1612
S035,9,Q270,INDEXING,0.717,0,2.147,15.516,15.516,0.1911
S035,10,Q037,INNER JOIN,0.477,1,2.959,12.237,18.475,0.2451
S035,11,Q072,NORMALIZATION,0.55,0,0.572,19.047,19.047,0.1588
S035,12,Q105,RIGHT JOIN,0.534,1,0.439,19.486,19.486,0.2475
S035,13,Q374,RIGHT JOIN,0.474,0,0.071,0.071,19.557,0.2215
S035,14,Q042,SUBQUERIES,0.658,0,0.006,19.563,19.563,0.0541
S035,15,Q271,UNION,0.382,1,3.284,22.847,22.847,0.06
S035,16,Q479,INDEXING,0.619,0,0.88,8.211,23.727,0.0429
S035,17,Q039,AGGREGATE FUNCTIONS,0.36,1,0.056,12.346,23.783,0.06
S035,18,Q250,INNER JOIN,0.477,1,1.563,6.87,25.345,0.202
S035,19,Q052,RIGHT JOIN,0.663,0,0.547,6.335,25.892,0.1014
S035,20,Q442,NORMALIZATION,0.586,1,0.433,7.279,26.325,0.1096
S035,21,Q351,NORMALIZATION,0.753,0,2.02,2.02,28.345,0.0543
S035,22,Q383,PRIMARY KEY,0.392,0,0.802,28.501,29.147,0.0
S035,23,Q292,HAVING,0.7,0,1.118,23.833,30.266,0.0
S035,24,Q309,HAVING,0.586,0,3.45,3.45,33.716,0.0
S035,25,Q369,PRIMARY KEY,0.283,1,2.505,7.073,36.221,0.06
S035,26,Q075,UNION,0.426,0,1.085,14.459,37.306,0.0
S035,27,Q143,WHERE,0.264,1,0.447,37.753,37.753,0.06
S035,28,Q111,TRANSACTIONS,0.674,1,2.716,40.469,40.469,0.06
S035,29,Q162,UNION,0.64,1,1.823,4.986,42.292,0.06
S035,30,Q073,RIGHT JOIN,0.571,0,0.65,17.049,42.941,0.0
S035,31,Q259,JOINS,0.641,1,0.138,43.079,43.079,0.06
S035,32,Q476,TRIGGERS,0.613,0,0.41,36.125,43.489,0.0
S035,33,Q217,PRIMARY KEY,0.385,0,0.675,7.943,44.163,0.0
S035,34,Q423,TRANSACTIONS,0.738,0,0.582,4.276,44.745,0.0
S035,35,Q370,SELECT,0.152,0,1.804,46.549,46.549,0.0
S035,36,Q161,SELECT,0.357,0,0.48,0.48,47.029,0.0
S035,37,Q095,TRANSACTIONS,0.782,0,1.381,3.666,48.41,0.0
S035,38,Q138,TRANSACTIONS,0.588,0,2.144,2.144,50.555,0.0
S035,39,Q164,PRIMARY KEY,0.249,0,0.897,7.288,51.451,0.0
S035,40,Q136,VIEWS,0.566,0,3.625,55.076,55.076,0.0
S035,41,Q331,STORED PROCEDURES,0.731,0,1.802,52.681,56.878,0.0
S035,42,Q460,RIGHT JOIN,0.512,1,1.778,15.715,58.656,0.06
S035,43,Q442,NORMALIZATION,0.586,1,0.768,31.079,59.424,0.06
S035,44,Q118,GROUP BY,0.421,1,1.054,60.478,60.478,0.06
S035,45,Q238,VIEWS,0.43,0,0.471,5.873,60.949,0.0
S035,46,Q359,UNION,0.42,0,1.121,19.778,62.07,0.0
S035,47,Q114,STORED PROCEDURES,0.598,0,2.529,7.721,64.599,0.0
S035,48,Q238,VIEWS,0.43,1,1.043,4.693,65.642,0.06
S035,49,Q093,ORDER BY,0.402,0,3.307,68.949,68.949,0.0
S035,50,Q223,RIGHT JOIN,0.704,0,0.277,10.569,69.225,0.0
S035,51,Q233,INNER JOIN,0.649,1,0.532,44.412,69.758,0.06
S035,52,Q405,LEFT JOIN,0.648,1,3.336,73.094,73.094,0.06
S035,53,Q430,SUBQUERIES,0.653,0,2.283,55.814,75.377,0.0
S035,54,Q051,FOREIGN KEY,0.373,1,1.785,63.793,77.162,0.06
S035,55,Q131,ORDER BY,0.392,0,0.032,8.245,77.194,0.0
S035,56,Q489,SELECT,0.156,1,2.068,32.233,79.262,0.06
S035,57,Q496,NORMALIZATION,0.716,0,0.056,19.895,79.319,0.0
S035,58,Q187,HAVING,0.52,0,1.439,47.042,80.758,0.0
S035,59,Q089,RIGHT JOIN,0.546,1,0.126,11.658,80.883,0.06
S035,60,Q351,NORMALIZATION,0.753,0,1.047,2.612,81.931,0.0
S035,61,Q477,TRIGGERS,0.655,0,2.514,40.956,84.445,0.0
S035,62,Q172,RIGHT JOIN,0.657,0,1.96,5.521,86.405,0.0
S035,63,Q236,NORMALIZATION,0.543,0,1.986,6.461,88.391,0.0
S035,64,Q293,JOINS,0.674,1,2.219,47.531,90.61,0.06
S035,65,Q137,ORDER BY,0.445,0,0.069,13.485,90.679,0.0
S035,66,Q019,RIGHT JOIN,0.455,1,3.93,8.204,94.608,0.06
S035,67,Q350,TRIGGERS,0.764,0,1.203,11.367,95.812,0.0
S035,68,Q455,FOREIGN KEY,0.309,0,0.169,18.819,95.981,0.0
S035,69,Q399,JOINS,0.524,0,0.607,5.978,96.588,0.0
S035,70,Q132,VIEWS,0.698,0,8.586,39.532,105.174,0.0
S035,71,Q098,AGGREGATE FUNCTIONS,0.402,0,0.329,81.72,105.503,0.0
S035,72,Q156,WHERE,0.223,0,1.755,69.504,107.257,0.0
S035,73,Q185,INDEXING,0.692,0,0.469,84.0,107.727,0.0
S035,74,Q450,LEFT JOIN,0.595,0,1.783,36.416,109.51,0.0
S035,75,Q452,RIGHT JOIN,0.577,1,0.269,15.171,109.779,0.06
S035,76,Q476,TRIGGERS,0.613,0,1.02,14.988,110.799,0.0
S035,77,Q274,STORED PROCEDURES,0.63,0,5.471,51.671,116.27,0.0
S035,78,Q283,STORED PROCEDURES,0.715,0,2.051,2.051,118.321,0.0
S035,79,Q262,AGGREGATE FUNCTIONS,0.576,0,0.209,13.027,118.529,0.0
S035,80,Q447,AGGREGATE FUNCTIONS,0.58,0,0.55,0.55,119.079,0.0
S035,81,Q021,NORMALIZATION,0.705,0,2.454,33.142,121.533,0.0
S035,82,Q116,ORDER BY,0.363,1,1.551,32.405,123.084,0.06
S035,83,Q254,TRANSACTIONS,0.536,1,0.921,73.45,124.005,0.06
S035,84,Q305,UNION,0.595,1,0.551,62.486,124.556,0.06
S035,85,Q257,VIEWS,0.425,0,0.059,19.44,124.614,0.0
S035,86,Q015,ORDER BY,0.415,0,0.066,1.596,124.68,0.0111
S035,87,Q416,NORMALIZATION,0.673,0,1.884,5.031,126.564,0.0
S035,88,Q288,VIEWS,0.651,0,2.002,3.952,128.566,0.0
S035,89,Q455,FOREIGN KEY,0.309,1,4.12,36.705,132.686,0.06
S035,90,Q310,WHERE,0.401,1,2.741,28.17,135.427,0.06
S035,91,Q393,HAVING,0.419,0,1.092,55.762,136.519,0.0
S035,92,Q363,NORMALIZATION,0.675,0,1.25,11.205,137.769,0.0
S035,93,Q359,UNION,0.42,0,0.89,14.103,138.659,0.0
S035,94,Q274,STORED PROCEDURES,0.63,0,0.08,20.419,138.739,0.0
S035,95,Q337,FOREIGN KEY,0.341,1,1.083,7.136,139.823,0.06
S035,96,Q298,TRIGGERS,0.632,0,0.411,29.434,140.233,0.0
S035,97,Q392,STORED PROCEDURES,0.686,0,3.048,4.542,143.282,0.0
S035,98,Q372,INDEXING,0.498,1,1.183,36.738,144.465,0.06
S035,99,Q364,WHERE,0.339,0,0.371,9.409,144.836,0.0
S035,100,Q241,STORED PROCEDURES,0.818,0,1.882,3.436,146.718,0.0
S036,1,Q441,JOINS,0.52,1,0.149,0.149,0.149,0.4908
S036,2,Q404,SELECT,0.335,0,1.297,1.447,1.447,0.1898
S036,3,Q364,WHERE,0.339,1,0.825,2.272,2.272,0.3694
S036,4,Q356,HAVING,0.455,0,7.242,9.514,9.514,0.0563
S036,5,Q195,TRANSACTIONS,0.673,1,0.896,10.409,10.409,0.1674
S036,6,Q011,SUBQUERIES,0.564,0,0.972,11.381,11.381,0.2671
S036,7,Q196,STORED PROCEDURES,0.722,0,2.273,13.653,13.653,0.1395
S036,8,Q424,SELECT,0.283,1,0.701,12.908,14.355,0.06
S036,9,Q260,PRIMARY KEY,0.442,0,1.294,15.649,15.649,0.0
S036,10,Q347,FOREIGN KEY,0.405,0,0.08,15.728,15.728,0.0
S036,11,Q372,INDEXING,0.498,0,5.115,20.843,20.843,0.0
S036,12,Q302,LEFT JOIN,0.407,0,0.323,21.166,21.166,0.0358
S036,13,Q264,TRANSACTIONS,0.523,0,2.543,13.3,23.709,0.0
S036,14,Q249,TRIGGERS,0.783,0,0.376,24.085,24.085,0.0
S036,15,Q100,SUBQUERIES,0.627,0,0.145,12.85,24.231,0.0494
S036,16,Q475,SELECT,0.227,1,0.86,10.736,25.09,0.06
S036,17,Q085,VIEWS,0.618,0,2.459,27.55,27.55,0.0
S036,18,Q488,FOREIGN KEY,0.382,0,4.122,15.944,31.672,0.0
S036,19,Q167,PRIMARY KEY,0.442,1,0.333,16.356,32.005,0.06
S036,20,Q106,TRIGGERS,0.768,1,10.504,18.424,42.509,0.06
S036,21,Q350,TRIGGERS,0.764,0,0.158,0.158,42.668,0.0326
S036,22,Q321,SUBQUERIES,0.781,0,2.784,21.221,45.451,0.0
S036,23,Q488,FOREIGN KEY,0.382,0,0.019,13.797,45.47,0.0
S036,24,Q102,TRANSACTIONS,0.659,0,0.834,22.594,46.304,0.0
S036,25,Q063,UNION,0.406,1,0.098,46.401,46.401,0.06
S036,26,Q355,NORMALIZATION,0.531,1,5.254,51.656,51.656,0.06
S036,27,Q392,STORED PROCEDURES,0.686,1,0.509,38.512,52.165,0.06
S036,28,Q288,VIEWS,0.651,1,4.623,29.238,56.788,0.06
S036,29,Q082,WHERE,0.333,0,0.192,54.708,56.98,0.0
S036,30,Q476,TRIGGERS,0.613,0,2.362,16.674,59.342,0.0
S036,31,Q089,RIGHT JOIN,0.546,0,3.622,62.964,62.964,0.0
S036,32,Q382,LEFT JOIN,0.543,0,0.979,42.777,63.943,0.0
S036,33,Q312,WHERE,0.288,0,0.209,7.173,64.152,0.0
S036,34,Q279,FOREIGN KEY,0.269,1,1.945,20.628,66.098,0.06
S036,35,Q090,JOINS,0.609,0,6.504,72.453,72.602,0.0
S036,36,Q357,INNER JOIN,0.447,0,0.946,73.548,73.548,0.0
S036,37,Q279,FOREIGN KEY,0.269,1,4.142,11.592,77.69,0.06
S036,38,Q399,JOINS,0.524,0,0.482,5.57,78.172,0.0
S036,39,Q436,PRIMARY KEY,0.38,0,1.012,47.179,79.184,0.0
S036,40,Q205,VIEWS,0.597,0,0.956,23.352,80.14,0.0
S036,41,Q009,SELECT,0.226,0,0.177,55.226,80.317,0.0
S036,42,Q388,FOREIGN KEY,0.322,0,0.875,3.502,81.192,0.0
S036,43,Q475,SELECT,0.227,0,1.684,2.559,82.876,0.0
S036,44,Q192,PRIMARY KEY,0.241,1,0.1,3.792,82.976,0.06
S036,45,Q149,ORDER BY,0.264,0,0.526,83.502,83.502,0.0
S036,46,Q004,AGGREGATE FUNCTIONS,0.438,1,1.234,84.736,84.736,0.06
S036,47,Q459,NORMALIZATION,0.516,1,0.101,33.181,84.837,0.06
S036,48,Q269,AGGREGATE FUNCTIONS,0.384,0,0.151,0.252,84.988,0.0312
S036,49,Q403,UNION,0.464,1,2.118,40.705,87.106,0.06
S036,50,Q214,INDEXING,0.488,0,0.387,66.65,87.493,0.0
S036,51,Q302,LEFT JOIN,0.407,0,3.917,27.467,91.41,0.0
S036,52,Q380,JOINS,0.601,0,3.23,16.468,94.64,0.0
S036,53,Q274,STORED PROCEDURES,0.63,1,6.79,49.265,101.43,0.06
S036,54,Q048,ORDER BY,0.318,0,1.256,19.184,102.686,0.0
S036,55,Q254,TRANSACTIONS,0.536,0,2.598,58.98,105.283,0.0
S036,56,Q025,LEFT JOIN,0.627,0,0.292,14.165,105.575,0.0
S036,57,Q397,RIGHT JOIN,0.678,0,3.071,45.682,108.646,0.0
S036,58,Q440,SUBQUERIES,0.653,0,2.914,66.108,111.559,0.0
S036,59,Q274,STORED PROCEDURES,0.63,0,1.756,11.886,113.315,0.0
S036,60,Q408,HAVING,0.471,0,0.266,104.068,113.582,0.0
S036,61,Q368,WHERE,0.261,0,2.215,51.645,115.797,0.0
S036,62,Q365,LEFT JOIN,0.529,0,0.147,10.369,115.944,0.0
S036,63,Q470,AGGREGATE FUNCTIONS,0.49,0,0.488,31.444,116.432,0.0
S036,64,Q125,JOINS,0.518,1,2.944,24.737,119.376,0.06
S036,65,Q103,WHERE,0.449,0,0.286,3.865,119.662,0.0
S036,66,Q014,UNION,0.504,0,1.195,33.751,120.857,0.0
S036,67,Q466,AGGREGATE FUNCTIONS,0.31,0,1.727,6.152,122.584,0.0
S036,68,Q110,GROUP BY,0.62,1,1.778,124.362,124.362,0.06
S036,69,Q068,ORDER BY,0.202,0,0.599,22.276,124.961,0.0
S036,70,Q413,LEFT JOIN,0.513,1,1.073,10.09,126.035,0.06
S036,71,Q347,FOREIGN KEY,0.405,0,0.258,45.101,126.292,0.0
S036,72,Q033,LEFT JOIN,0.653,0,0.328,0.585,126.62,0.0262
S036,73,Q088,INDEXING,0.69,0,1.186,40.313,127.806,0.0
S036,74,Q216,HAVING,0.472,1,0.447,14.671,128.253,0.06
S036,75,Q369,PRIMARY KEY,0.283,1,1.705,46.983,129.959,0.06
S036,76,Q025,LEFT JOIN,0.627,0,1.462,4.8,131.42,0.0
S036,77,Q364,WHERE,0.339,0,0.77,12.528,132.19,0.0
S036,78,Q084,GROUP BY,0.374,0,0.946,8.774,133.136,0.0
S036,79,Q253,STORED PROCEDURES,0.691,0,0.246,20.067,133.382,0.0
S036,80,Q283,STORED PROCEDURES,0.715,0,0.17,0.17,133.552,0.0
S036,81,Q412,LEFT JOIN,0.536,0,5.154,7.286,138.706,0.0
S036,82,Q457,SELECT,0.367,1,2.236,58.066,140.942,0.06
S036,83,Q133,FOREIGN KEY,0.479,1,1.732,16.381,142.673,0.06
S036,84,Q482,WHERE,0.334,1,0.058,10.541,142.731,0.06
S036,85,Q360,PRIMARY KEY,0.348,1,5.135,17.908,147.866,0.06
S036,86,Q434,LEFT JOIN,0.445,0,4.185,13.346,152.052,0.0
S036,87,Q118,GROUP BY,0.421,0,3.343,22.259,155.395,0.0
S036,88,Q193,INDEXING,0.643,0,2.229,29.817,157.624,0.0
S036,89,Q377,JOINS,0.519,1,0.204,38.451,157.828,0.06
S036,90,Q244,LEFT JOIN,0.512,1,0.894,6.67,158.722,0.06
S036,91,Q171,HAVING,0.455,1,3.939,34.408,162.661,0.06
S036,92,Q154,INDEXING,0.465,0,2.822,7.859,165.483,0.0
S036,93,Q235,AGGREGATE FUNCTIONS,0.512,0,0.345,43.243,165.828,0.0
S036,94,Q173,SELECT,0.193,0,0.288,25.174,166.115,0.0
S036,95,Q040,LEFT JOIN,0.619,0,1.833,9.227,167.949,0.0
S036,96,Q373,AGGREGATE FUNCTIONS,0.326,0,5.489,7.61,173.437,0.0
S036,97,Q259,JOINS,0.641,0,1.652,17.262,175.09,0.0
S036,98,Q351,NORMALIZATION,0.753,0,0.891,91.144,175.981,0.0
S036,99,Q159,JOINS,0.491,0,4.745,5.636,180.725,0.0
S036,100,Q428,SELECT,0.158,1,1.178,15.788,181.903,0.06
S037,1,Q432,NORMALIZATION,0.754,1,0.519,0.519,0.519,0.322
S037,2,Q030,GROUP BY,0.529,0,1.222,1.741,1.741,0.2381
S037,3,Q290,SELECT,0.153,1,1.543,3.284,3.284,0.3561
S037,4,Q427,HAVING,0.634,1,0.906,4.19,4.19,0.3263
S037,5,Q416,NORMALIZATION,0.673,1,1.968,5.639,6.158,0.2974
S037,6,Q259,JOINS,0.641,0,2.479,8.637,8.637,0.0966
S037,7,Q367,HAVING,0.509,0,1.536,5.983,10.173,0.2115
S037,8,Q190,SUBQUERIES,0.738,1,2.122,12.295,12.295,0.1289
S037,9,Q311,INNER JOIN,0.391,0,0.775,13.07,13.07,0.0013
S037,10,Q484,JOINS,0.63,0,0.198,4.632,13.269,0.0022
S037,11,Q026,JOINS,0.462,0,0.358,0.358,13.627,0.0
S037,12,Q483,VIEWS,0.52,1,1.561,15.188,15.188,0.0843
S037,13,Q402,AGGREGATE FUNCTIONS,0.582,0,1.682,16.87,16.87,0.1294
S037,14,Q376,HAVING,0.695,0,2.987,9.684,19.857,0.0412
S037,15,Q338,FOREIGN KEY,0.333,0,0.106,19.963,19.963,0.0
S037,16,Q167,PRIMARY KEY,0.442,0,4.749,24.712,24.712,0.0
S037,17,Q268,ORDER BY,0.425,0,1.931,26.643,26.643,0.0
S037,18,Q360,PRIMARY KEY,0.348,1,0.036,1.967,26.679,0.06
S037,19,Q490,STORED PROCEDURES,0.81,0,1.324,28.003,28.003,0.0
S037,20,Q382,LEFT JOIN,0.543,0,0.356,28.358,28.358,0.0
S037,21,Q092,GROUP BY,0.355,0,1.481,28.098,29.839,0.0
S037,22,Q458,TRIGGERS,0.727,1,0.437,30.276,30.276,0.0603
S037,23,Q486,INNER JOIN,0.576,0,0.421,17.626,30.696,0.0
S037,24,Q375,TRIGGERS,0.555,1,2.024,2.444,32.72,0.0836
S037,25,Q197,SELECT,0.265,1,0.293,29.728,33.013,0.06
S037,26,Q036,NORMALIZATION,0.55,0,0.077,26.931,33.089,0.0
S037,27,Q018,FOREIGN KEY,0.452,1,0.456,13.582,33.545,0.06
S037,28,Q136,VIEWS,0.566,0,0.846,19.203,34.391,0.0
S037,29,Q418,WHERE,0.336,0,2.134,36.525,36.525,0.0
S037,30,Q341,NORMALIZATION,0.653,1,5.174,8.61,41.699,0.06
S037,31,Q054,TRIGGERS,0.559,0,1.924,10.903,43.623,0.0
S037,32,Q263,GROUP BY,0.516,0,3.389,17.173,47.012,0.0
S037,33,Q330,ORDER BY,0.419,1,0.961,21.331,47.973,0.06
S037,34,Q398,AGGREGATE FUNCTIONS,0.442,1,2.724,33.827,50.697,0.06
S037,35,Q075,UNION,0.426,0,0.907,51.605,51.605,0.0
S037,36,Q403,UNION,0.464,0,0.61,0.61,52.215,0.0
S037,37,Q500,GROUP BY,0.633,1,0.471,5.673,52.686,0.06
S037,38,Q181,FOREIGN KEY,0.273,1,0.348,19.488,53.033,0.06
S037,39,Q022,UNION,0.499,0,0.477,1.296,53.511,0.0
S037,40,Q264,TRANSACTIONS,0.523,1,3.165,56.675,56.675,0.06
S037,41,Q123,TRIGGERS,0.741,0,2.159,15.211,58.834,0.0
S037,42,Q321,SUBQUERIES,0.781,0,1.434,47.973,60.268,0.0
S037,43,Q362,RIGHT JOIN,0.6,0,4.861,65.129,65.129,0.0
S037,44,Q149,ORDER BY,0.264,0,0.352,17.507,65.48,0.0
S037,45,Q345,ORDER BY,0.246,0,0.043,0.043,65.523,0.0
S037,46,Q017,INNER JOIN,0.354,1,2.002,36.829,67.525,0.06
S037,47,Q232,PRIMARY KEY,0.433,0,1.003,41.849,68.528,0.0
S037,48,Q487,SUBQUERIES,0.631,0,2.439,10.699,70.967,0.0
S037,49,Q284,HAVING,0.408,0,0.021,51.13,70.987,0.0
S037,50,Q466,AGGREGATE FUNCTIONS,0.31,0,2.735,23.025,73.722,0.0
S037,51,Q370,SELECT,0.152,0,1.484,42.194,75.206,0.0
S037,52,Q428,SELECT,0.158,1,2.438,2.438,77.644,0.06
S037,53,Q272,LEFT JOIN,0.451,1,2.958,52.244,80.602,0.06
S037,54,Q473,RIGHT JOIN,0.495,0,0.486,15.96,81.088,0.0
S037,55,Q359,UNION,0.42,0,3.173,30.751,84.261,0.0
S037,56,Q048,ORDER BY,0.318,0,2.726,21.464,86.987,0.0
S037,57,Q428,SELECT,0.158,1,0.058,9.401,87.045,0.06
S037,58,Q055,INNER JOIN,0.493,0,2.488,22.008,89.533,0.0
S037,59,Q085,VIEWS,0.618,0,3.315,58.457,92.848,0.0
S037,60,Q314,NORMALIZATION,0.631,1,0.863,52.012,93.711,0.06
S037,61,Q129,SELECT,0.199,1,1.82,8.486,95.531,0.06
S037,62,Q180,INDEXING,0.498,1,0.091,95.623,95.623,0.06
S037,63,Q185,INDEXING,0.692,1,0.399,0.399,96.021,0.114
S037,64,Q241,STORED PROCEDURES,0.818,1,5.046,73.065,101.067,0.06
S037,65,Q328,INDEXING,0.642,0,2.457,7.503,103.525,0.0
S037,66,Q128,SELECT,0.294,1,3.867,11.86,107.392,0.06
S037,67,Q168,SUBQUERIES,0.647,0,2.359,38.784,109.751,0.0
S037,68,Q156,WHERE,0.223,1,5.56,78.785,115.311,0.06
S037,69,Q343,VIEWS,0.483,0,3.427,25.89,118.738,0.0
S037,70,Q480,STORED PROCEDURES,0.638,0,2.246,19.917,120.984,0.0
S037,71,Q007,WHERE,0.38,1,1.067,6.74,122.051,0.06
S037,72,Q243,HAVING,0.47,0,2.97,54.034,125.021,0.0
S037,73,Q494,NORMALIZATION,0.671,0,1.013,32.323,126.035,0.0
S037,74,Q001,INNER JOIN,0.589,0,1.197,37.699,127.232,0.0
S037,75,Q079,WHERE,0.326,0,0.114,5.295,127.346,0.0
S037,76,Q190,SUBQUERIES,0.738,0,0.614,18.21,127.961,0.0
S037,77,Q368,WHERE,0.261,0,0.613,1.227,128.574,0.0
S037,78,Q209,STORED PROCEDURES,0.739,0,2.848,10.438,131.422,0.0
S037,79,Q477,TRIGGERS,0.655,0,5.671,78.258,137.092,0.0
S037,80,Q438,GROUP BY,0.565,0,0.105,84.511,137.197,0.0
S037,81,Q324,WHERE,0.282,1,2.216,10.84,139.413,0.06
S037,82,Q017,INNER JOIN,0.354,0,2.155,14.337,141.569,0.0
S037,83,Q263,GROUP BY,0.516,1,0.082,4.453,141.65,0.06
S037,84,Q281,HAVING,0.584,1,0.215,16.844,141.865,0.06
S037,85,Q312,WHERE,0.288,0,0.051,2.502,141.916,0.0
S037,86,Q385,GROUP BY,0.478,1,0.014,0.279,141.929,0.1158
S037,87,Q195,TRANSACTIONS,0.673,1,2.261,87.515,144.191,0.06
S037,88,Q493,LEFT JOIN,0.431,1,0.012,63.6,144.202,0.06
S037,89,Q278,INDEXING,0.499,0,0.567,41.244,144.769,0.0
S037,90,Q215,VIEWS,0.633,1,0.534,26.565,145.303,0.06
S037,91,Q209,STORED PROCEDURES,0.739,1,0.794,14.675,146.097,0.06
S037,92,Q375,TRIGGERS,0.555,0,2.023,11.028,148.12,0.0
S037,93,Q065,INNER JOIN,0.622,0,0.06,6.612,148.18,0.0
S037,94,Q322,TRANSACTIONS,0.638,0,1.568,5.558,149.748,0.0
S037,95,Q026,JOINS,0.462,1,0.121,136.243,149.869,0.06
S037,96,Q244,LEFT JOIN,0.512,0,0.063,5.73,149.932,0.0
S037,97,Q014,UNION,0.504,0,2.025,67.696,151.957,0.0
S037,98,Q075,UNION,0.426,0,4.35,4.35,156.307,0.0
S037,99,Q386,SELECT,0.334,0,6.888,55.803,163.195,0.0
S037,100,Q374,RIGHT JOIN,0.474,0,6.376,88.483,169.571,0.0
S038,1,Q192,PRIMARY KEY,0.241,1,2.166,2.166,2.166,0.4646
S038,2,Q246,VIEWS,0.684,1,0.716,2.882,2.882,0.4025
S038,3,Q202,PRIMARY KEY,0.254,0,0.792,1.509,3.675,0.417
S038,4,Q234,HAVING,0.621,1,0.353,4.028,4.028,0.3572
S038,5,Q015,ORDER BY,0.415,1,1.013,5.041,5.041,0.3806
S038,6,Q147,INDEXING,0.616,0,4.631,9.672,9.672,0.0868
S038,7,Q347,FOREIGN KEY,0.405,0,1.336,11.007,11.007,0.1845
S038,8,Q379,JOINS,0.693,1,0.948,11.955,11.955,0.2252
S038,9,Q411,SUBQUERIES,0.668,1,1.055,13.01,13.01,0.1394
S038,10,Q324,WHERE,0.282,0,1.661,14.671,14.671,0.0764
S038,11,Q278,INDEXING,0.499,0,1.708,6.707,16.379,0.0
S038,12,Q030,GROUP BY,0.529,0,0.705,17.084,17.084,0.025
S038,13,Q389,HAVING,0.552,0,0.816,13.872,17.9,0.1241
S038,14,Q005,GROUP BY,0.393,1,3.562,4.379,21.462,0.06
S038,15,Q264,TRANSACTIONS,0.523,0,5.228,26.69,26.69,0.0
S038,16,Q328,INDEXING,0.642,0,1.539,11.85,28.229,0.0
S038,17,Q320,SUBQUERIES,0.828,0,2.297,17.515,30.525,0.0
S038,18,Q082,WHERE,0.333,0,1.595,17.449,32.12,0.0
S038,19,Q097,STORED PROCEDURES,0.801,1,6.364,38.484,38.484,0.06
S038,20,Q428,SELECT,0.158,1,0.294,38.779,38.779,0.06
S038,21,Q001,INNER JOIN,0.589,0,0.313,39.092,39.092,0.0
S038,22,Q423,TRANSACTIONS,0.738,1,0.335,12.736,39.427,0.06
S038,23,Q024,VIEWS,0.478,0,0.586,37.131,40.013,0.0
S038,24,Q161,SELECT,0.357,0,3.001,4.235,43.013,0.0
S038,25,Q417,VIEWS,0.67,1,0.254,3.255,43.268,0.06
S038,26,Q169,VIEWS,0.52,1,0.08,0.08,43.348,0.1188
S038,27,Q139,SELECT,0.229,0,2.896,3.23,46.243,0.0
S038,28,Q042,SUBQUERIES,0.658,0,4.653,20.371,50.896,0.0
S038,29,Q002,NORMALIZATION,0.72,0,2.5,53.396,53.396,0.0
S038,30,Q105,RIGHT JOIN,0.534,1,0.973,54.369,54.369,0.06
S038,31,Q331,STORED PROCEDURES,0.731,0,0.617,16.502,54.986,0.0
S038,32,Q127,WHERE,0.288,0,0.122,22.988,55.108,0.0
S038,33,Q226,TRANSACTIONS,0.672,0,2.663,18.344,57.771,0.0
S038,34,Q493,LEFT JOIN,0.431,1,2.172,59.943,59.943,0.06
S038,35,Q261,NORMALIZATION,0.767,0,0.758,7.305,60.701,0.0
S038,36,Q369,PRIMARY KEY,0.283,1,0.271,57.298,60.972,0.06
S038,37,Q474,LEFT JOIN,0.551,0,0.099,1.128,61.071,0.0181
S038,38,Q353,PRIMARY KEY,0.417,0,1.471,1.57,62.542,0.0115
S038,39,Q162,UNION,0.64,0,1.281,63.823,63.823,0.0
S038,40,Q262,AGGREGATE FUNCTIONS,0.576,0,1.203,65.025,65.025,0.0
S038,41,Q092,GROUP BY,0.355,0,2.114,45.677,67.14,0.0
S038,42,Q148,SUBQUERIES,0.793,0,1.718,17.962,68.857,0.0
S038,43,Q051,FOREIGN KEY,0.373,0,4.238,62.088,73.096,0.0
S038,44,Q460,RIGHT JOIN,0.512,0,0.206,18.933,73.302,0.0
S038,45,Q012,INDEXING,0.52,0,1.375,46.448,74.677,0.0
S038,46,Q383,PRIMARY KEY,0.392,0,0.453,12.587,75.129,0.0
S038,47,Q209,STORED PROCEDURES,0.739,0,1.126,21.269,76.256,0.0
S038,48,Q242,WHERE,0.22,0,1.167,22.314,77.422,0.0
S038,49,Q403,UNION,0.464,0,0.067,13.666,77.489,0.0
S038,50,Q107,ORDER BY,0.414,0,0.192,72.641,77.682,0.0
S038,51,Q339,RIGHT JOIN,0.478,0,3.182,7.562,80.863,0.0
S038,52,Q063,UNION,0.406,0,0.768,4.142,81.631,0.0
S038,53,Q496,NORMALIZATION,0.716,0,0.179,21.109,81.81,0.0
S038,54,Q049,HAVING,0.692,0,1.759,65.669,83.569,0.0
S038,55,Q349,PRIMARY KEY,0.216,0,0.855,9.295,84.424,0.0
S038,56,Q221,PRIMARY KEY,0.424,0,0.462,0.462,84.886,0.0
S038,57,Q010,UNION,0.357,0,0.921,4.176,85.807,0.0
S038,58,Q126,LEFT JOIN,0.589,1,1.557,26.293,87.364,0.06
S038,59,Q114,STORED PROCEDURES,0.598,0,0.098,11.206,87.462,0.0
S038,60,Q217,PRIMARY KEY,0.385,1,0.436,3.012,87.898,0.06
S038,61,Q399,JOINS,0.524,1,0.706,76.649,88.604,0.06
S038,62,Q190,SUBQUERIES,0.738,1,0.42,20.167,89.025,0.06
S038,63,Q378,AGGREGATE FUNCTIONS,0.56,0,1.073,25.072,90.098,0.0
S038,64,Q415,SELECT,0.337,0,0.194,44.048,90.291,0.0
S038,65,Q257,VIEWS,0.425,0,2.625,49.569,92.917,0.0
S038,66,Q440,SUBQUERIES,0.653,1,0.553,4.445,93.47,0.06
S038,67,Q335,JOINS,0.436,0,0.946,5.812,94.416,0.0
S038,68,Q178,HAVING,0.584,0,0.536,11.383,94.952,0.0
S038,69,Q382,LEFT JOIN,0.543,0,0.135,7.723,95.087,0.0
S038,70,Q238,VIEWS,0.43,0,0.511,2.682,95.599,0.0
S038,71,Q133,FOREIGN KEY,0.479,0,2.395,24.898,97.993,0.0
S038,72,Q419,LEFT JOIN,0.469,0,0.526,3.433,98.52,0.0
S038,73,Q374,RIGHT JOIN,0.474,0,0.643,18.3,99.163,0.0
S038,74,Q332,TRIGGERS,0.562,0,1.395,100.558,100.558,0.0
S038,75,Q187,HAVING,0.52,1,0.338,5.944,100.896,0.06
S038,76,Q041,SELECT,0.301,0,1.716,12.321,102.612,0.0
S038,77,Q297,RIGHT JOIN,0.489,0,0.845,4.295,103.458,0.0
S038,78,Q456,FOREIGN KEY,0.297,1,0.139,5.603,103.596,0.06
S038,79,Q022,UNION,0.499,0,0.726,18.515,104.322,0.0
S038,80,Q276,VIEWS,0.484,0,2.014,10.737,106.336,0.0
S038,81,Q055,INNER JOIN,0.493,1,1.06,68.304,107.396,0.06
S038,82,Q253,STORED PROCEDURES,0.691,1,2.362,22.296,109.758,0.06
S038,83,Q212,RIGHT JOIN,0.621,0,1.804,8.105,111.563,0.0
S038,84,Q056,GROUP BY,0.622,1,0.116,44.539,111.678,0.06
S038,85,Q340,NORMALIZATION,0.688,1,1.478,31.346,113.156,0.06
S038,86,Q111,TRANSACTIONS,0.674,1,2.75,58.134,115.906,0.06
S038,87,Q487,SUBQUERIES,0.631,0,0.548,22.984,116.454,0.0
S038,88,Q258,SELECT,0.206,1,0.707,14.548,117.16,0.06
S038,89,Q495,TRIGGERS,0.746,0,0.947,17.55,118.108,0.0
S038,90,Q382,LEFT JOIN,0.543,0,2.992,22.58,121.1,0.0
S038,91,Q158,VIEWS,0.411,0,0.473,15.237,121.573,0.0
S038,92,Q191,SELECT,0.285,0,2.361,6.774,123.934,0.0
S038,93,Q373,AGGREGATE FUNCTIONS,0.326,1,0.111,33.948,124.045,0.06
S038,94,Q183,FOREIGN KEY,0.495,0,1.39,21.839,125.435,0.0
S038,95,Q111,TRANSACTIONS,0.674,1,0.937,10.467,126.372,0.06
S038,96,Q100,SUBQUERIES,0.627,0,0.024,9.943,126.396,0.0
S038,97,Q287,VIEWS,0.513,0,5.91,10.734,132.307,0.0
S038,98,Q030,GROUP BY,0.529,0,0.314,20.943,132.621,0.0
S038,99,Q041,SELECT,0.301,0,0.608,9.295,133.229,0.0
S038,100,Q158,VIEWS,0.411,0,0.243,1.165,133.472,0.0
S039,1,Q245,SELECT,0.37,1,1.155,1.155,1.155,0.3023
S039,2,Q212,RIGHT JOIN,0.621,0,0.14,1.296,1.296,0.2003
S039,3,Q133,FOREIGN KEY,0.479,1,1.439,2.734,2.734,0.4622
S039,4,Q262,AGGREGATE FUNCTIONS,0.576,0,0.445,3.179,3.179,0.3867
S039,5,Q349,PRIMARY KEY,0.216,0,0.549,3.728,3.728,0.3146
S039,6,Q223,RIGHT JOIN,0.704,0,2.961,5.394,6.689,0.0944
S039,7,Q201,AGGREGATE FUNCTIONS,0.359,0,1.118,4.628,7.807,0.2923
S039,8,Q468,INNER JOIN,0.4,0,1.424,9.231,9.231,0.1863
S039,9,Q395,LEFT JOIN,0.643,1,1.306,10.537,10.537,0.1817
S039,10,Q027,GROUP BY,0.405,1,1.323,11.86,11.86,0.1935
S039,11,Q445,STORED PROCEDURES,0.733,0,0.794,12.654,12.654,0.272
S039,12,Q451,VIEWS,0.573,1,0.731,13.385,13.385,0.1769
S039,13,Q186,GROUP BY,0.402,1,0.504,2.029,13.889,0.2231
S039,14,Q422,TRIGGERS,0.65,1,0.209,14.098,14.098,0.0885
S039,15,Q241,STORED PROCEDURES,0.818,0,1.024,2.467,15.122,0.21
S039,16,Q288,VIEWS,0.651,0,1.354,3.09,16.476,0.1056
S039,17,Q301,WHERE,0.29,0,0.156,16.632,16.632,0.0
S039,18,Q154,INDEXING,0.465,1,0.16,16.791,16.791,0.266
S039,19,Q137,ORDER BY,0.445,1,0.72,17.512,17.512,0.06
S039,20,Q182,NORMALIZATION,0.512,0,0.366,17.878,17.878,0.0911
S039,21,Q392,STORED PROCEDURES,0.686,0,1.73,4.486,19.607,0.1178
S039,22,Q269,AGGREGATE FUNCTIONS,0.384,1,1.893,13.693,21.5,0.1469
S039,23,Q170,TRIGGERS,0.682,0,0.744,8.145,22.244,0.0
S039,24,Q402,AGGREGATE FUNCTIONS,0.582,0,0.117,0.861,22.361,0.109
S039,25,Q112,INDEXING,0.48,1,0.963,6.532,23.324,0.228
S039,26,Q376,HAVING,0.695,0,1.224,24.547,24.547,0.0
S039,27,Q384,JOINS,0.69,0,1.286,25.834,25.834,0.0
S039,28,Q260,PRIMARY KEY,0.442,0,2.578,24.684,28.411,0.0
S039,29,Q145,VIEWS,0.655,1,1.37,13.306,29.782,0.06
S039,30,Q278,INDEXING,0.499,0,3.317,9.774,33.098,0.0564
S039,31,Q216,HAVING,0.472,0,0.159,8.71,33.257,0.0
S039,32,Q138,TRANSACTIONS,0.588,0,6.442,39.7,39.7,0.0
S039,33,Q449,HAVING,0.677,0,0.218,6.661,39.918,0.0
S039,34,Q457,SELECT,0.367,0,1.915,40.677,41.833,0.0
S039,35,Q265,NORMALIZATION,0.689,0,4.236,28.191,46.069,0.0
S039,36,Q490,STORED PROCEDURES,0.81,0,0.152,26.614,46.221,0.0
S039,37,Q150,PRIMARY KEY,0.22,0,3.692,21.501,49.913,0.0
S039,38,Q230,GROUP BY,0.634,0,0.507,36.531,50.42,0.0
S039,39,Q096,LEFT JOIN,0.516,0,0.1,39.982,50.52,0.0
S039,40,Q236,NORMALIZATION,0.543,0,0.27,4.721,50.79,0.0
S039,41,Q281,HAVING,0.584,0,2.496,13.368,53.286,0.0
S039,42,Q169,VIEWS,0.52,1,1.258,24.763,54.545,0.06
S039,43,Q196,STORED PROCEDURES,0.722,1,2.166,10.489,56.71,0.06
S039,44,Q113,ORDER BY,0.443,0,0.414,39.612,57.124,0.0
S039,45,Q434,LEFT JOIN,0.445,0,0.342,6.947,57.466,0.0
S039,46,Q488,FOREIGN KEY,0.382,0,1.312,56.044,58.778,0.0
S039,47,Q119,INDEXING,0.674,0,0.503,26.183,59.282,0.0
S039,48,Q351,NORMALIZATION,0.753,1,2.844,11.336,62.126,0.06
S039,49,Q089,RIGHT JOIN,0.546,0,0.012,55.449,62.138,0.0
S039,50,Q308,NORMALIZATION,0.626,0,0.77,0.781,62.907,0.0233
S039,51,Q167,PRIMARY KEY,0.442,0,1.658,14.653,64.565,0.0
S039,52,Q413,LEFT JOIN,0.513,0,4.028,11.127,68.593,0.0
S039,53,Q043,RIGHT JOIN,0.724,0,2.131,8.586,70.724,0.0
S039,54,Q337,FOREIGN KEY,0.341,0,0.37,12.315,71.094,0.0
S039,55,Q255,RIGHT JOIN,0.673,0,1.312,1.681,72.405,0.0
S039,56,Q254,TRANSACTIONS,0.536,0,1.617,34.323,74.023,0.0
S039,57,Q248,JOINS,0.612,0,2.161,50.351,76.184,0.0
S039,58,Q250,INNER JOIN,0.477,0,0.378,67.331,76.562,0.0
S039,59,Q399,JOINS,0.524,0,0.76,1.138,77.322,0.0
S039,60,Q239,INNER JOIN,0.478,1,0.702,1.462,78.024,0.06
S039,61,Q123,TRIGGERS,0.741,0,0.285,56.065,78.309,0.0
S039,62,Q380,JOINS,0.601,0,1.891,2.878,80.2,0.0
S039,63,Q490,STORED PROCEDURES,0.81,0,1.085,24.574,81.285,0.0
S039,64,Q034,PRIMARY KEY,0.268,0,0.189,16.908,81.474,0.0
S039,65,Q301,WHERE,0.29,1,2.711,67.554,84.185,0.06
S039,66,Q371,JOINS,0.51,0,1.98,5.966,86.166,0.0
S039,67,Q106,TRIGGERS,0.768,0,2.107,9.964,88.272,0.0
S039,68,Q018,FOREIGN KEY,0.452,0,2.355,19.534,90.628,0.0
S039,69,Q003,INNER JOIN,0.484,0,2.394,14.997,93.021,0.0
S039,70,Q302,LEFT JOIN,0.407,0,0.783,25.211,93.804,0.0
S039,71,Q391,ORDER BY,0.213,0,1.627,38.307,95.431,0.0
S039,72,Q362,RIGHT JOIN,0.6,0,3.715,26.74,99.145,0.0
S039,73,Q285,SELECT,0.344,0,2.043,59.355,101.188,0.0
S039,74,Q346,NORMALIZATION,0.661,0,2.724,41.004,103.912,0.0
S039,75,Q069,LEFT JOIN,0.56,1,3.511,13.618,107.423,0.06
S039,76,Q441,JOINS,0.52,0,1.062,22.319,108.485,0.0
S039,77,Q090,JOINS,0.609,0,2.645,2.645,111.13,0.0
S039,78,Q322,TRANSACTIONS,0.638,0,0.369,37.476,111.499,0.0
S039,79,Q471,STORED PROCEDURES,0.749,0,1.485,31.699,112.984,0.0
S039,80,Q275,HAVING,0.692,0,4.007,63.705,116.991,0.0
S039,81,Q015,ORDER BY,0.415,1,1.332,22.893,118.324,0.06
S039,82,Q235,AGGREGATE FUNCTIONS,0.512,0,0.008,95.971,118.332,0.0
S039,83,Q494,NORMALIZATION,0.671,0,1.004,15.425,119.336,0.0
S039,84,Q145,VIEWS,0.655,0,1.182,65.974,120.518,0.0
S039,85,Q424,SELECT,0.283,0,2.08,21.41,122.598,0.0
S039,86,Q385,GROUP BY,0.478,1,0.176,72.354,122.774,0.06
S039,87,Q353,PRIMARY KEY,0.417,0,0.285,41.585,123.059,0.0
S039,88,Q389,HAVING,0.552,0,2.365,8.433,125.424,0.0
S039,89,Q142,STORED PROCEDURES,0.735,0,3.114,15.554,128.538,0.0
S039,90,Q360,PRIMARY KEY,0.348,1,0.677,6.156,129.215,0.06
S039,91,Q165,NORMALIZATION,0.71,0,0.817,10.696,130.032,0.0
S039,92,Q124,FOREIGN KEY,0.397,1,0.486,39.89,130.518,0.06
S039,93,Q052,RIGHT JOIN,0.663,0,4.106,35.478,134.624,0.0
S039,94,Q226,TRANSACTIONS,0.672,0,2.597,25.722,137.221,0.0
S039,95,Q003,INNER JOIN,0.484,0,0.295,44.494,137.516,0.0
S039,96,Q363,NORMALIZATION,0.675,0,0.323,7.807,137.839,0.0
S039,97,Q234,HAVING,0.621,0,3.874,16.289,141.713,0.0
S039,98,Q213,ORDER BY,0.448,0,0.235,23.624,141.948,0.0
S039,99,Q405,LEFT JOIN,0.648,0,0.22,34.744,142.167,0.0
S039,100,Q021,NORMALIZATION,0.705,0,0.74,5.069,142.908,0.0
S040,1,Q447,AGGREGATE FUNCTIONS,0.58,0,6.204,6.204,6.204,0.1978
S040,2,Q124,FOREIGN KEY,0.397,0,1.104,7.309,7.309,0.3322
S040,3,Q006,ORDER BY,0.205,0,2.352,9.661,9.661,0.2727
S040,4,Q353,PRIMARY KEY,0.417,1,0.324,9.985,9.985,0.1783
S040,5,Q397,RIGHT JOIN,0.678,1,0.984,10.969,10.969,0.343
S040,6,Q387,UNION,0.384,0,0.42,11.389,11.389,0.1392
S040,7,Q017,INNER JOIN,0.354,0,1.787,13.177,13.177,0.0533
S040,8,Q184,HAVING,0.542,0,0.259,13.436,13.436,0.0573
S040,9,Q029,WHERE,0.299,1,0.587,14.022,14.022,0.3325
S040,10,Q102,TRANSACTIONS,0.659,0,2.082,16.104,16.104,0.0
S040,11,Q343,VIEWS,0.483,0,0.53,16.634,16.634,0.0
S040,12,Q293,JOINS,0.674,0,8.225,24.86,24.86,0.0812
S040,13,Q430,SUBQUERIES,0.653,0,4.883,29.743,29.743,0.0
S040,14,Q379,JOINS,0.693,0,0.802,5.685,30.544,0.0
S040,15,Q496,NORMALIZATION,0.716,0,0.234,30.779,30.779,0.0
S040,16,Q041,SELECT,0.301,0,10.376,41.155,41.155,0.0
S040,17,Q214,INDEXING,0.488,0,0.036,41.19,41.19,0.0
S040,18,Q447,AGGREGATE FUNCTIONS,0.58,1,0.159,35.145,41.349,0.06
S040,19,Q467,TRIGGERS,0.624,0,0.701,42.05,42.05,0.0
S040,20,Q044,RIGHT JOIN,0.637,0,1.22,32.301,43.27,0.0
S040,21,Q206,SUBQUERIES,0.557,0,0.768,14.295,44.038,0.0
S040,22,Q060,TRIGGERS,0.598,0,1.11,3.098,45.148,0.0
S040,23,Q467,TRIGGERS,0.624,0,0.91,0.91,46.058,0.0
S040,24,Q048,ORDER BY,0.318,1,1.174,37.571,47.232,0.06
S040,25,Q391,ORDER BY,0.213,0,3.232,3.232,50.464,0.0
S040,26,Q304,ORDER BY,0.33,1,1.016,1.016,51.48,0.06
S040,27,Q007,WHERE,0.38,0,3.142,40.599,54.622,0.0
S040,28,Q063,UNION,0.406,0,0.621,43.853,55.243,0.0
S040,29,Q199,UNION,0.466,0,1.469,1.469,56.712,0.0
S040,30,Q146,RIGHT JOIN,0.661,1,0.61,14.052,57.322,0.06
S040,31,Q309,HAVING,0.586,0,2.279,46.166,59.601,0.0
S040,32,Q344,SELECT,0.171,0,2.264,20.711,61.866,0.0
S040,33,Q299,GROUP BY,0.419,1,1.137,63.002,63.002,0.06
S040,34,Q411,SUBQUERIES,0.668,1,1.871,20.835,64.873,0.06
S040,35,Q097,STORED PROCEDURES,0.801,1,0.282,65.155,65.155,0.06
S040,36,Q299,GROUP BY,0.419,1,0.856,3.009,66.011,0.0749
S040,37,Q076,WHERE,0.378,0,1.47,12.859,67.481,0.0
S040,38,Q336,RIGHT JOIN,0.557,1,2.111,12.269,69.592,0.06
S040,39,Q217,PRIMARY KEY,0.385,1,2.375,61.981,71.967,0.06
S040,40,Q273,GROUP BY,0.489,0,0.132,6.087,72.098,0.0
S040,41,Q287,VIEWS,0.513,0,2.086,57.55,74.184,0.0
S040,42,Q081,SELECT,0.21,0,1.618,13.936,75.802,0.0
S040,43,Q311,INNER JOIN,0.391,0,1.883,64.509,77.685,0.0
S040,44,Q123,TRIGGERS,0.741,0,0.17,31.797,77.855,0.0
S040,45,Q380,JOINS,0.601,0,0.754,48.065,78.609,0.0
S040,46,Q021,NORMALIZATION,0.705,0,3.261,51.092,81.871,0.0
S040,47,Q463,AGGREGATE FUNCTIONS,0.577,1,0.238,40.759,82.108,0.06
S040,48,Q295,SUBQUERIES,0.805,0,1.36,18.596,83.469,0.0
S040,49,Q121,VIEWS,0.492,1,1.308,10.593,84.777,0.06
S040,50,Q180,INDEXING,0.498,1,1.207,44.794,85.984,0.06
S040,51,Q138,TRANSACTIONS,0.588,1,0.772,70.652,86.756,0.06
S040,52,Q346,NORMALIZATION,0.661,0,1.039,5.925,87.795,0.0
S040,53,Q147,INDEXING,0.616,1,1.139,2.951,88.935,0.0757
S040,54,Q221,PRIMARY KEY,0.424,0,3.071,20.039,92.005,0.0
S040,55,Q334,SUBQUERIES,0.603,0,3.754,12.29,95.759,0.0
S040,56,Q044,RIGHT JOIN,0.637,0,0.666,26.833,96.425,0.0
S040,57,Q340,NORMALIZATION,0.688,0,0.201,8.83,96.625,0.0
S040,58,Q145,VIEWS,0.655,1,0.902,12.751,97.528,0.06
S040,59,Q223,RIGHT JOIN,0.704,0,1.209,2.312,98.737,0.0
S040,60,Q412,LEFT JOIN,0.536,0,1.897,100.634,100.634,0.0
S040,61,Q438,GROUP BY,0.565,0,0.101,28.637,100.735,0.0
S040,62,Q486,INNER JOIN,0.576,1,0.498,23.548,101.233,0.06
S040,63,Q377,JOINS,0.519,0,1.717,24.341,102.95,0.0
S040,64,Q236,NORMALIZATION,0.543,0,0.557,6.881,103.507,0.0
S040,65,Q124,FOREIGN KEY,0.397,0,1.284,97.482,104.79,0.0
S040,66,Q205,VIEWS,0.597,1,0.882,8.144,105.672,0.06
S040,67,Q021,NORMALIZATION,0.705,0,0.561,2.726,106.233,0.0
S040,68,Q135,HAVING,0.678,1,1.84,48.471,108.072,0.06
S040,69,Q298,TRIGGERS,0.632,0,1.265,31.482,109.337,0.0
S040,70,Q335,JOINS,0.436,0,0.005,6.393,109.343,0.0
S040,71,Q096,LEFT JOIN,0.516,0,0.299,9.007,109.642,0.0
S040,72,Q002,NORMALIZATION,0.72,0,0.406,3.815,110.048,0.0
S040,73,Q003,INNER JOIN,0.484,1,5.311,14.125,115.359,0.06
S040,74,Q177,INDEXING,0.605,1,1.05,27.473,116.408,0.06
S040,75,Q398,AGGREGATE FUNCTIONS,0.442,0,0.207,34.507,116.615,0.0
S040,76,Q224,RIGHT JOIN,0.546,0,1.85,19.728,118.465,0.0
S040,77,Q249,TRIGGERS,0.783,0,0.081,9.208,118.546,0.0
S040,78,Q287,VIEWS,0.513,0,0.305,13.179,118.85,0.0
S040,79,Q310,WHERE,0.401,1,0.88,52.249,119.73,0.06
S040,80,Q271,UNION,0.382,1,3.581,66.599,123.311,0.06
S040,81,Q441,JOINS,0.52,0,0.189,14.157,123.5,0.0
S040,82,Q163,INNER JOIN,0.376,0,3.59,11.732,127.09,0.0
S040,83,Q014,UNION,0.504,0,0.175,3.954,127.265,0.0
S040,84,Q034,PRIMARY KEY,0.268,0,0.253,35.513,127.519,0.0
S040,85,Q164,PRIMARY KEY,0.249,0,0.685,0.685,128.203,0.0
S040,86,Q359,UNION,0.42,1,1.435,2.373,129.638,0.06
S040,87,Q404,SELECT,0.335,0,0.69,54.526,130.328,0.0
S040,88,Q442,NORMALIZATION,0.586,1,3.141,23.422,133.47,0.06
S040,89,Q473,RIGHT JOIN,0.495,0,0.263,15.268,133.733,0.0
S040,90,Q143,WHERE,0.264,1,0.365,14.368,134.098,0.06
S040,91,Q286,STORED PROCEDURES,0.846,1,0.3,69.242,134.397,0.06
S040,92,Q121,VIEWS,0.492,1,2.163,17.71,136.56,0.06
S040,93,Q086,HAVING,0.59,1,0.802,29.29,137.363,0.06
S040,94,Q031,INDEXING,0.548,1,3.025,23.979,140.387,0.06
S040,95,Q110,GROUP BY,0.62,0,1.497,41.15,141.884,0.0
S040,96,Q044,RIGHT JOIN,0.637,1,0.442,8.594,142.327,0.06
S040,97,Q343,VIEWS,0.483,0,0.441,6.207,142.768,0.0
S040,98,Q129,SELECT,0.199,0,0.968,13.407,143.736,0.0
S040,99,Q137,ORDER BY,0.445,1,0.065,92.321,143.801,0.06
S040,100,Q112,INDEXING,0.48,1,0.683,4.096,144.484,0.06
S041,1,Q447,AGGREGATE FUNCTIONS,0.58,1,2.638,2.638,2.638,0.5117
S041,2,Q436,PRIMARY KEY,0.38,0,5.585,8.223,8.223,0.2868
S041,3,Q232,PRIMARY KEY,0.433,1,0.833,0.833,9.056,0.3343
S041,4,Q271,UNION,0.382,0,2.697,11.753,11.753,0.2814
S041,5,Q128,SELECT,0.294,1,1.096,12.849,12.849,0.0787
S041,6,Q488,FOREIGN KEY,0.382,0,10.145,22.994,22.994,0.0
S041,7,Q026,JOINS,0.462,1,0.696,23.69,23.69,0.06
S041,8,Q060,TRIGGERS,0.598,1,0.05,23.739,23.739,0.06
S041,9,Q425,INNER JOIN,0.522,0,0.811,24.551,24.551,0.0
S041,10,Q461,RIGHT JOIN,0.484,1,0.324,24.875,24.875,0.06
S041,11,Q474,LEFT JOIN,0.551,1,0.398,25.273,25.273,0.06
S041,12,Q134,ORDER BY,0.387,1,1.233,26.506,26.506,0.0601
S041,13,Q413,LEFT JOIN,0.513,0,0.469,1.703,26.976,0.0095
S041,14,Q241,STORED PROCEDURES,0.818,0,0.3,27.275,27.275,0.0
S041,15,Q228,HAVING,0.488,1,0.476,27.751,27.751,0.06
S041,16,Q002,NORMALIZATION,0.72,1,1.59,29.341,29.341,0.06
S041,17,Q308,NORMALIZATION,0.626,0,0.661,0.661,30.002,0.0251
S041,18,Q346,NORMALIZATION,0.661,0,0.992,0.992,30.995,0.0
S041,19,Q176,PRIMARY KEY,0.27,0,2.602,24.541,33.597,0.0
S041,20,Q050,ORDER BY,0.39,1,5.204,12.295,38.801,0.06
S041,21,Q433,TRANSACTIONS,0.619,0,0.481,39.282,39.282,0.0
S041,22,Q020,WHERE,0.371,0,0.279,39.561,39.561,0.0
S041,23,Q173,SELECT,0.193,1,0.205,26.918,39.767,0.06
S041,24,Q429,WHERE,0.391,0,0.084,0.29,39.851,0.0
S041,25,Q451,VIEWS,0.573,0,0.651,40.502,40.502,0.0
S041,26,Q084,GROUP BY,0.374,1,0.336,40.838,40.838,0.06
S041,27,Q032,FOREIGN KEY,0.299,1,1.251,19.095,42.089,0.06
S041,28,Q102,TRANSACTIONS,0.659,1,3.596,6.403,45.685,0.06
S041,29,Q077,HAVING,0.485,0,0.049,17.983,45.734,0.0
S041,30,Q131,ORDER BY,0.392,0,0.138,7.071,45.872,0.0
S041,31,Q138,TRANSACTIONS,0.588,0,1.107,1.294,46.979,0.0156
S041,32,Q100,SUBQUERIES,0.627,0,1.595,48.574,48.574,0.0
S041,33,Q311,INNER JOIN,0.391,0,1.596,25.619,50.17,0.0
S041,34,Q066,SELECT,0.207,0,3.636,14.039,53.806,0.0
S041,35,Q382,LEFT JOIN,0.543,0,0.034,26.864,53.84,0.0
S041,36,Q146,RIGHT JOIN,0.661,1,0.752,29.717,54.592,0.06
S041,37,Q021,NORMALIZATION,0.705,0,1.655,25.252,56.247,0.0
S041,38,Q478,VIEWS,0.411,0,0.041,15.786,56.288,0.0
S041,39,Q225,FOREIGN KEY,0.419,1,7.963,22.163,64.252,0.06
S041,40,Q493,LEFT JOIN,0.431,0,2.48,12.892,66.732,0.0
S041,41,Q328,INDEXING,0.642,0,4.588,71.32,71.32,0.0
S041,42,Q199,UNION,0.466,1,4.641,64.207,75.96,0.06
S041,43,Q436,PRIMARY KEY,0.38,1,1.946,44.309,77.906,0.06
S041,44,Q377,JOINS,0.519,0,0.698,54.915,78.604,0.0
S041,45,Q088,INDEXING,0.69,0,0.457,7.742,79.062,0.0
S041,46,Q357,INNER JOIN,0.447,0,0.854,29.745,79.915,0.0
S041,47,Q310,WHERE,0.401,0,0.097,40.161,80.012,0.0
S041,48,Q248,JOINS,0.612,0,0.46,1.867,80.472,0.0
S041,49,Q441,JOINS,0.52,0,1.157,1.157,81.629,0.0
S041,50,Q007,WHERE,0.38,0,0.345,1.962,81.974,0.0
S041,51,Q448,GROUP BY,0.626,0,0.079,41.215,82.053,0.0
S041,52,Q287,VIEWS,0.513,0,0.09,25.855,82.144,0.0
S041,53,Q146,RIGHT JOIN,0.661,0,1.139,28.691,83.283,0.0
S041,54,Q115,STORED PROCEDURES,0.696,1,1.941,57.949,85.224,0.06
S041,55,Q157,TRIGGERS,0.69,1,1.988,63.472,87.212,0.06
S041,56,Q275,HAVING,0.692,1,1.209,42.687,88.421,0.06
S041,57,Q206,SUBQUERIES,0.557,0,0.147,39.993,88.568,0.0
S041,58,Q241,STORED PROCEDURES,0.818,1,3.037,6.381,91.605,0.06
S041,59,Q005,GROUP BY,0.393,0,2.837,12.389,94.442,0.0
S041,60,Q259,JOINS,0.641,1,0.752,13.565,95.194,0.06
S041,61,Q398,AGGREGATE FUNCTIONS,0.442,0,2.726,95.283,97.92,0.0
S041,62,Q448,GROUP BY,0.626,1,0.759,4.237,98.679,0.06
S041,63,Q065,INNER JOIN,0.622,1,2.845,21.609,101.524,0.06
S041,64,Q226,TRANSACTIONS,0.672,1,0.249,54.795,101.774,0.06
S041,65,Q209,STORED PROCEDURES,0.739,0,0.007,10.176,101.781,0.0
S041,66,Q166,LEFT JOIN,0.618,0,0.549,35.598,102.33,0.0
S041,67,Q495,TRIGGERS,0.746,0,3.724,18.842,106.053,0.0
S041,68,Q158,VIEWS,0.411,1,1.575,25.485,107.629,0.06
S041,69,Q340,NORMALIZATION,0.688,0,1.687,53.068,109.315,0.0
S041,70,Q041,SELECT,0.301,0,1.498,57.007,110.813,0.0
S041,71,Q242,WHERE,0.22,0,0.931,29.77,111.744,0.0
S041,72,Q467,TRIGGERS,0.624,1,4.236,9.927,115.98,0.06
S041,73,Q272,LEFT JOIN,0.451,1,0.835,14.486,116.815,0.06
S041,74,Q138,TRANSACTIONS,0.588,0,3.07,18.112,119.885,0.0
S041,75,Q408,HAVING,0.471,0,0.4,31.864,120.285,0.0
S041,76,Q195,TRANSACTIONS,0.673,0,0.433,0.833,120.718,0.0
S041,77,Q084,GROUP BY,0.374,0,0.072,22.111,120.79,0.0
S041,78,Q450,LEFT JOIN,0.595,0,1.945,5.919,122.734,0.0
S041,79,Q290,SELECT,0.153,0,4.043,15.965,126.778,0.0
S041,80,Q413,LEFT JOIN,0.513,1,0.727,4.77,127.505,0.06
S041,81,Q177,INDEXING,0.605,0,0.402,48.844,127.906,0.0
S041,82,Q046,HAVING,0.619,0,0.62,8.241,128.526,0.0
S041,83,Q261,NORMALIZATION,0.767,0,1.682,20.893,130.208,0.0
S041,84,Q112,INDEXING,0.48,0,0.194,2.496,130.402,0.0
S041,85,Q391,ORDER BY,0.213,0,1.958,86.488,132.36,0.0
S041,86,Q352,AGGREGATE FUNCTIONS,0.46,1,0.847,35.286,133.207,0.06
S041,87,Q310,WHERE,0.401,0,0.463,21.926,133.67,0.0
S041,88,Q230,GROUP BY,0.634,0,4.427,17.308,138.097,0.0
S041,89,Q265,NORMALIZATION,0.689,0,2.06,9.949,140.158,0.0
S041,90,Q200,SELECT,0.313,0,0.305,13.685,140.463,0.0
S041,91,Q102,TRANSACTIONS,0.659,0,4.78,24.525,145.243,0.0
S041,92,Q285,SELECT,0.344,1,1.175,5.955,146.418,0.06
S041,93,Q350,TRIGGERS,0.764,0,0.276,30.713,146.694,0.0
S041,94,Q457,SELECT,0.367,0,0.222,0.498,146.916,0.0275
S041,95,Q387,UNION,0.384,0,0.572,71.528,147.488,0.0
S041,96,Q420,INNER JOIN,0.385,1,0.232,46.196,147.72,0.06
S041,97,Q422,TRIGGERS,0.65,0,2.215,3.241,149.935,0.0
S041,98,Q346,NORMALIZATION,0.661,1,0.889,10.667,150.824,0.06
S041,99,Q365,LEFT JOIN,0.529,1,4.716,28.036,155.54,0.06
S041,100,Q280,JOINS,0.685,1,1.248,61.594,156.788,0.06
S042,1,Q418,WHERE,0.336,1,1.141,1.141,1.141,0.5126
S042,2,Q384,JOINS,0.69,0,1.525,2.665,2.665,0.3352
S042,3,Q489,SELECT,0.156,0,0.373,3.038,3.038,0.2838
S042,4,Q375,TRIGGERS,0.555,0,2.731,5.769,5.769,0.3645
S042,5,Q010,UNION,0.357,0,1.091,6.86,6.86,0.2156
S042,6,Q086,HAVING,0.59,0,3.213,10.073,10.073,0.3167
S042,7,Q310,WHERE,0.401,0,1.507,10.439,11.58,0.331
S042,8,Q450,LEFT JOIN,0.595,0,0.936,12.516,12.516,0.0639
S042,9,Q213,ORDER BY,0.448,0,0.547,13.063,13.063,0.2138
S042,10,Q112,INDEXING,0.48,0,0.184,13.247,13.247,0.1186
S042,11,Q346,NORMALIZATION,0.661,0,0.164,13.411,13.411,0.0114
S042,12,Q247,PRIMARY KEY,0.388,1,0.863,14.273,14.273,0.3146
S042,13,Q176,PRIMARY KEY,0.27,1,1.716,1.716,15.99,0.3489
S042,14,Q089,RIGHT JOIN,0.546,0,3.941,19.93,19.93,0.0
S042,15,Q298,TRIGGERS,0.632,0,0.078,14.239,20.008,0.126
S042,16,Q041,SELECT,0.301,1,1.582,18.552,21.59,0.0656
S042,17,Q456,FOREIGN KEY,0.297,0,0.303,21.892,21.892,0.0
S042,18,Q488,FOREIGN KEY,0.382,0,0.059,0.059,21.951,0.0
S042,19,Q477,TRIGGERS,0.655,1,2.043,3.986,23.994,0.1262
S042,20,Q349,PRIMARY KEY,0.216,0,3.812,11.817,27.807,0.1466
S042,21,Q098,AGGREGATE FUNCTIONS,0.402,0,2.683,30.49,30.49,0.0056
S042,22,Q297,RIGHT JOIN,0.489,1,2.49,13.05,32.98,0.06
S042,23,Q360,PRIMARY KEY,0.348,0,0.86,6.033,33.84,0.0311
S042,24,Q352,AGGREGATE FUNCTIONS,0.46,0,0.33,3.68,34.17,0.0
S042,25,Q462,TRANSACTIONS,0.661,0,3.472,37.642,37.642,0.0
S042,26,Q059,PRIMARY KEY,0.219,0,2.888,6.691,40.531,0.0
S042,27,Q271,UNION,0.382,0,1.934,35.605,42.465,0.0
S042,28,Q135,HAVING,0.678,0,2.348,34.74,44.813,0.0
S042,29,Q114,STORED PROCEDURES,0.598,0,0.446,45.26,45.26,0.0
S042,30,Q028,STORED PROCEDURES,0.783,0,3.097,3.097,48.357,0.0
S042,31,Q128,SELECT,0.294,0,1.456,28.223,49.813,0.0
S042,32,Q230,GROUP BY,0.634,0,0.004,49.817,49.817,0.0
S042,33,Q375,TRIGGERS,0.555,0,2.873,28.696,52.69,0.0
S042,34,Q383,PRIMARY KEY,0.392,1,1.217,13.377,53.908,0.06
S042,35,Q186,GROUP BY,0.402,1,1.256,5.347,55.164,0.06
S042,36,Q194,VIEWS,0.66,1,2.516,57.68,57.68,0.06
S042,37,Q305,UNION,0.595,0,0.131,15.346,57.811,0.0
S042,38,Q362,RIGHT JOIN,0.6,0,0.124,24.955,57.935,0.0
S042,39,Q017,INNER JOIN,0.354,0,0.554,58.489,58.489,0.0
S042,40,Q496,NORMALIZATION,0.716,0,1.81,46.888,60.299,0.0
S042,41,Q450,LEFT JOIN,0.595,0,0.099,47.881,60.397,0.0
S042,42,Q358,INNER JOIN,0.377,1,1.21,3.119,61.608,0.06
S042,43,Q076,WHERE,0.378,0,0.291,50.319,61.899,0.0
S042,44,Q050,ORDER BY,0.39,1,0.695,49.531,62.594,0.06
S042,45,Q012,INDEXING,0.52,0,6.643,55.99,69.237,0.0
S042,46,Q388,FOREIGN KEY,0.322,0,1.742,49.027,70.979,0.0
S042,47,Q492,ORDER BY,0.258,1,0.634,9.019,71.613,0.06
S042,48,Q039,AGGREGATE FUNCTIONS,0.36,0,3.389,40.832,75.002,0.0
S042,49,Q380,JOINS,0.601,0,0.194,72.531,75.196,0.0
S042,50,Q453,FOREIGN KEY,0.484,0,1.805,6.022,77.001,0.0
S042,51,Q293,JOINS,0.674,0,0.923,2.728,77.924,0.0
S042,52,Q123,TRIGGERS,0.741,0,1.817,27.051,79.741,0.0
S042,53,Q175,INDEXING,0.505,1,0.503,11.007,80.244,0.06
S042,54,Q315,WHERE,0.287,1,1.757,20.102,82.001,0.06
S042,55,Q373,AGGREGATE FUNCTIONS,0.326,0,2.21,9.209,84.211,0.0
S042,56,Q218,ORDER BY,0.226,0,0.457,13.055,84.668,0.0
S042,57,Q406,HAVING,0.46,1,0.342,40.197,85.01,0.06
S042,58,Q136,VIEWS,0.566,0,1.103,28.433,86.113,0.0
S042,59,Q353,PRIMARY KEY,0.417,0,0.737,32.942,86.85,0.0
S042,60,Q406,HAVING,0.46,0,2.901,4.74,89.75,0.0
S042,61,Q035,PRIMARY KEY,0.235,0,1.961,4.862,91.712,0.0
S042,62,Q198,TRIGGERS,0.796,1,0.012,11.983,91.724,0.06
S042,63,Q359,UNION,0.42,0,0.736,34.648,92.459,0.0
S042,64,Q234,HAVING,0.621,0,2.412,5.121,94.872,0.0
S042,65,Q231,INDEXING,0.687,1,1.36,15.987,96.232,0.06
S042,66,Q160,AGGREGATE FUNCTIONS,0.338,0,1.446,13.466,97.678,0.0
S042,67,Q070,HAVING,0.608,0,0.029,2.835,97.707,0.0
S042,68,Q148,SUBQUERIES,0.793,0,0.518,98.225,98.225,0.0
S042,69,Q035,PRIMARY KEY,0.235,0,0.302,6.816,98.527,0.0
S042,70,Q334,SUBQUERIES,0.603,0,0.583,0.885,99.11,0.0
S042,71,Q402,AGGREGATE FUNCTIONS,0.582,1,1.132,2.564,100.242,0.06
S042,72,Q217,PRIMARY KEY,0.385,0,0.536,2.251,100.778,0.0
S042,73,Q331,STORED PROCEDURES,0.731,0,1.359,53.78,102.137,0.0
S042,74,Q103,WHERE,0.449,0,0.734,20.87,102.871,0.0
S042,75,Q117,RIGHT JOIN,0.503,1,0.145,45.081,103.016,0.06
S042,76,Q006,ORDER BY,0.205,1,0.32,18.668,103.336,0.06
S042,77,Q095,TRANSACTIONS,0.782,0,0.012,65.706,103.348,0.0
S042,78,Q078,VIEWS,0.48,0,1.3,18.535,104.648,0.0
S042,79,Q478,VIEWS,0.411,1,1.136,1.136,105.785,0.06
S042,80,Q246,VIEWS,0.684,1,1.032,1.032,106.817,0.1045
S042,81,Q366,TRIGGERS,0.664,0,0.275,15.368,107.092,0.0
S042,82,Q245,SELECT,0.37,0,3.079,60.358,110.17,0.0
S042,83,Q177,INDEXING,0.605,0,3.941,17.88,114.112,0.0
S042,84,Q021,NORMALIZATION,0.705,0,3.933,57.746,118.044,0.0
S042,85,Q184,HAVING,0.542,0,1.602,21.94,119.647,0.0
S042,86,Q324,WHERE,0.282,0,1.562,18.337,121.208,0.0
S042,87,Q066,SELECT,0.207,1,1.204,12.242,122.412,0.06
S042,88,Q118,GROUP BY,0.421,0,0.579,67.828,122.992,0.0
S042,89,Q036,NORMALIZATION,0.55,1,4.371,9.318,127.362,0.06
S042,90,Q405,LEFT JOIN,0.648,0,0.347,67.312,127.71,0.0
S042,91,Q411,SUBQUERIES,0.668,1,0.944,29.543,128.653,0.06
S042,92,Q026,JOINS,0.462,0,5.463,56.192,134.117,0.0
S042,93,Q080,HAVING,0.504,0,0.418,14.888,134.535,0.0
S042,94,Q010,UNION,0.357,1,1.667,43.743,136.202,0.06
S042,95,Q499,FOREIGN KEY,0.458,0,2.668,61.869,138.87,0.0
S042,96,Q380,JOINS,0.601,1,0.573,5.327,139.444,0.06
S042,97,Q025,LEFT JOIN,0.627,0,0.777,12.511,140.221,0.0
S042,98,Q042,SUBQUERIES,0.658,0,6.216,17.783,146.436,0.0
S042,99,Q081,SELECT,0.21,1,0.705,24.729,147.141,0.06
S042,100,Q214,INDEXING,0.488,0,0.457,33.487,147.598,0.0
S043,1,Q134,ORDER BY,0.387,0,3.105,3.105,3.105,0.1415
S043,2,Q257,VIEWS,0.425,0,1.626,4.731,4.731,0.3055
S043,3,Q180,INDEXING,0.498,0,1.31,6.041,6.041,0.3821
S043,4,Q019,RIGHT JOIN,0.455,0,3.452,9.494,9.494,0.1492
S043,5,Q229,TRANSACTIONS,0.702,1,1.159,10.653,10.653,0.1777
S043,6,Q079,WHERE,0.326,0,3.407,14.06,14.06,0.0111
S043,7,Q485,GROUP BY,0.405,1,0.314,14.374,14.374,0.0776
S043,8,Q156,WHERE,0.223,0,0.051,0.365,14.425,0.0
S043,9,Q409,FOREIGN KEY,0.381,1,0.661,15.086,15.086,0.1825
S043,10,Q154,INDEXING,0.465,1,0.992,10.037,16.078,0.2915
S043,11,Q401,UNION,0.473,0,0.386,16.464,16.464,0.2065
S043,12,Q148,SUBQUERIES,0.793,0,4.216,20.68,20.68,0.0
S043,13,Q272,LEFT JOIN,0.451,1,0.045,20.725,20.725,0.1142
S043,14,Q075,UNION,0.426,1,1.59,5.851,22.315,0.1788
S043,15,Q332,TRIGGERS,0.562,0,0.567,22.882,22.882,0.0956
S043,16,Q252,ORDER BY,0.263,1,0.767,20.544,23.649,0.06
S043,17,Q349,PRIMARY KEY,0.216,0,0.214,23.864,23.864,0.0198
S043,18,Q338,FOREIGN KEY,0.333,0,5.354,14.131,29.218,0.0
S043,19,Q276,VIEWS,0.484,0,4.328,28.815,33.546,0.0
S043,20,Q459,NORMALIZATION,0.516,1,0.044,33.589,33.589,0.06
S043,21,Q323,WHERE,0.355,1,0.822,19.987,34.412,0.06
S043,22,Q343,VIEWS,0.483,0,0.255,1.121,34.666,0.0
S043,23,Q006,ORDER BY,0.205,0,1.215,12.232,35.881,0.0
S043,24,Q251,TRIGGERS,0.583,0,0.089,13.088,35.97,0.0
S043,25,Q129,SELECT,0.199,0,0.332,36.301,36.301,0.0
S043,26,Q337,FOREIGN KEY,0.341,1,0.333,7.417,36.634,0.06
S043,27,Q237,SUBQUERIES,0.801,0,0.713,16.667,37.347,0.0
S043,28,Q450,LEFT JOIN,0.595,1,0.555,17.177,37.902,0.06
S043,29,Q184,HAVING,0.542,0,3.292,41.194,41.194,0.0
S043,30,Q469,SELECT,0.241,0,12.907,17.799,54.1,0.0
S043,31,Q289,WHERE,0.209,0,0.175,19.863,54.275,0.0
S043,32,Q316,JOINS,0.535,0,0.436,54.711,54.711,0.0
S043,33,Q433,TRANSACTIONS,0.619,1,0.531,44.59,55.242,0.06
S043,34,Q214,INDEXING,0.488,1,3.104,42.268,58.346,0.06
S043,35,Q318,SUBQUERIES,0.809,0,1.031,22.031,59.378,0.0
S043,36,Q240,LEFT JOIN,0.422,0,3.087,24.563,62.464,0.0
S043,37,Q265,NORMALIZATION,0.689,0,0.192,29.067,62.657,0.0
S043,38,Q432,NORMALIZATION,0.754,0,3.496,3.496,66.152,0.0
S043,39,Q447,AGGREGATE FUNCTIONS,0.58,0,1.831,67.984,67.984,0.0
S043,40,Q093,ORDER BY,0.402,0,1.748,33.851,69.732,0.0
S043,41,Q335,JOINS,0.436,0,0.908,15.929,70.64,0.0
S043,42,Q212,RIGHT JOIN,0.621,0,1.549,62.695,72.189,0.0
S043,43,Q002,NORMALIZATION,0.72,0,0.618,6.654,72.807,0.0
S043,44,Q049,HAVING,0.692,0,1.718,33.331,74.524,0.0
S043,45,Q096,LEFT JOIN,0.516,0,3.096,15.155,77.62,0.0
S043,46,Q176,PRIMARY KEY,0.27,1,1.34,55.096,78.96,0.06
S043,47,Q029,WHERE,0.299,0,1.928,26.612,80.887,0.0
S043,48,Q279,FOREIGN KEY,0.269,1,0.11,44.363,80.997,0.06
S043,49,Q305,UNION,0.595,0,0.298,58.98,81.295,0.0
S043,50,Q234,HAVING,0.621,1,0.956,7.727,82.251,0.06
S043,51,Q482,WHERE,0.334,0,0.44,1.804,82.691,0.0
S043,52,Q357,INNER JOIN,0.447,0,2.966,85.657,85.657,0.0
S043,53,Q391,ORDER BY,0.213,1,3.454,19.379,89.112,0.06
S043,54,Q498,FOREIGN KEY,0.401,0,5.377,13.492,94.489,0.0
S043,55,Q186,GROUP BY,0.402,0,1.461,81.576,95.949,0.0
S043,56,Q115,STORED PROCEDURES,0.696,1,0.568,96.517,96.517,0.06
S043,57,Q384,JOINS,0.69,0,0.08,25.958,96.598,0.0
S043,58,Q269,AGGREGATE FUNCTIONS,0.384,0,2.337,30.951,98.935,0.0
S043,59,Q376,HAVING,0.695,0,0.001,16.685,98.936,0.0
S043,60,Q072,NORMALIZATION,0.55,0,2.372,28.502,101.308,0.0
S043,61,Q156,WHERE,0.223,1,0.678,19.295,101.986,0.06
S043,62,Q334,SUBQUERIES,0.603,0,1.497,44.106,103.483,0.0
S043,63,Q198,TRIGGERS,0.796,0,2.485,69.998,105.968,0.0
S043,64,Q293,JOINS,0.674,1,0.207,9.578,106.175,0.06
S043,65,Q197,SELECT,0.265,0,3.006,55.081,109.181,0.0
S043,66,Q454,AGGREGATE FUNCTIONS,0.435,0,0.966,11.212,110.147,0.0
S043,67,Q255,RIGHT JOIN,0.673,1,3.315,41.273,113.462,0.06
S043,68,Q431,JOINS,0.561,0,2.389,9.675,115.851,0.0
S043,69,Q238,VIEWS,0.43,0,3.37,84.554,119.221,0.0
S043,70,Q009,SELECT,0.226,0,0.315,10.354,119.535,0.0
S043,71,Q136,VIEWS,0.566,1,0.36,0.675,119.896,0.06
S043,72,Q347,FOREIGN KEY,0.405,0,0.133,25.539,120.028,0.0
S043,73,Q288,VIEWS,0.651,0,2.971,3.104,122.999,0.0
S043,74,Q356,HAVING,0.455,1,4.413,28.476,127.412,0.06
S043,75,Q415,SELECT,0.337,1,0.371,8.248,127.783,0.06
S043,76,Q302,LEFT JOIN,0.407,0,0.357,50.521,128.14,0.0
S043,77,Q061,WHERE,0.356,0,1.226,27.381,129.367,0.0
S043,78,Q081,SELECT,0.21,0,1.931,3.515,131.298,0.0
S043,79,Q196,STORED PROCEDURES,0.722,0,0.218,34.999,131.516,0.0
S043,80,Q408,HAVING,0.471,0,3.074,7.178,134.59,0.0
S043,81,Q317,NORMALIZATION,0.619,0,1.196,34.478,135.786,0.0
S043,82,Q199,UNION,0.466,0,0.15,54.641,135.936,0.0
S043,83,Q180,INDEXING,0.498,1,0.895,78.485,136.831,0.06
S043,84,Q284,HAVING,0.408,0,0.359,2.6,137.19,0.0
S043,85,Q368,WHERE,0.261,1,1.692,9.516,138.883,0.06
S043,86,Q043,RIGHT JOIN,0.724,0,0.321,25.742,139.204,0.0
S043,87,Q254,TRANSACTIONS,0.536,0,0.119,84.081,139.323,0.0
S043,88,Q167,PRIMARY KEY,0.442,1,2.566,62.93,141.889,0.06
S043,89,Q309,HAVING,0.586,1,0.086,4.785,141.975,0.06
S043,90,Q248,JOINS,0.612,1,0.497,26.622,142.473,0.06
S043,91,Q232,PRIMARY KEY,0.433,1,1.346,1.93,143.819,0.0911
S043,92,Q135,HAVING,0.678,0,0.738,2.582,144.557,0.0
S043,93,Q178,HAVING,0.584,1,2.193,2.193,146.75,0.06
S043,94,Q283,STORED PROCEDURES,0.715,0,0.458,15.692,147.209,0.0
S043,95,Q200,SELECT,0.313,1,1.262,17.172,148.47,0.06
S043,96,Q290,SELECT,0.153,0,3.908,3.908,152.379,0.0
S043,97,Q408,HAVING,0.471,0,0.658,6.286,153.037,0.0
S043,98,Q432,NORMALIZATION,0.754,1,0.837,18.087,153.874,0.06
S043,99,Q089,RIGHT JOIN,0.546,1,0.133,14.803,154.007,0.06
S043,100,Q315,WHERE,0.287,1,0.08,15.204,154.086,0.06
S044,1,Q153,LEFT JOIN,0.611,1,1.487,1.487,1.487,0.2539
S044,2,Q112,INDEXING,0.48,0,1.425,2.912,2.912,0.1589
S044,3,Q252,ORDER BY,0.263,1,1.306,4.218,4.218,0.263
S044,4,Q450,LEFT JOIN,0.595,1,1.355,4.087,5.573,0.2526
S044,5,Q368,WHERE,0.261,0,5.068,10.641,10.641,0.2062
S044,6,Q126,LEFT JOIN,0.589,1,0.739,5.807,11.38,0.2255
S044,7,Q477,TRIGGERS,0.655,0,0.475,11.855,11.855,0.0424
S044,8,Q042,SUBQUERIES,0.658,1,0.478,12.333,12.333,0.301
S044,9,Q066,SELECT,0.207,0,0.562,12.896,12.896,0.1448
S044,10,Q400,VIEWS,0.655,1,0.561,13.456,13.456,0.3477
S044,11,Q004,AGGREGATE FUNCTIONS,0.438,0,1.005,14.462,14.462,0.0389
S044,12,Q303,WHERE,0.319,0,2.772,6.592,17.234,0.0823
S044,13,Q420,INNER JOIN,0.385,0,5.46,22.694,22.694,0.0
S044,14,Q064,AGGREGATE FUNCTIONS,0.397,0,0.091,8.323,22.785,0.0
S044,15,Q187,HAVING,0.52,0,0.116,22.9,22.9,0.056
S044,16,Q439,HAVING,0.648,1,0.011,0.011,22.911,0.1158
S044,17,Q215,VIEWS,0.633,1,1.745,11.2,24.657,0.2397
S044,18,Q049,HAVING,0.692,0,0.847,2.592,25.504,0.0519
S044,19,Q283,STORED PROCEDURES,0.715,0,2.672,28.175,28.175,0.0
S044,20,Q121,VIEWS,0.492,1,0.043,3.561,28.218,0.2463
S044,21,Q079,WHERE,0.326,0,0.491,11.475,28.709,0.0
S044,22,Q211,GROUP BY,0.403,1,1.949,30.658,30.658,0.0937
S044,23,Q424,SELECT,0.283,0,0.914,18.676,31.572,0.0
S044,24,Q185,INDEXING,0.692,1,3.825,32.484,35.396,0.06
S044,25,Q331,STORED PROCEDURES,0.731,0,6.301,13.522,41.697,0.0
S044,26,Q041,SELECT,0.301,0,3.054,13.179,44.751,0.0
S044,27,Q483,VIEWS,0.52,0,1.069,17.602,45.819,0.0
S044,28,Q275,HAVING,0.692,0,0.556,20.872,46.375,0.0
S044,29,Q010,UNION,0.357,1,3.242,49.617,49.617,0.06
S044,30,Q397,RIGHT JOIN,0.678,0,1.041,50.658,50.658,0.0
S044,31,Q315,WHERE,0.287,0,1.444,23.393,52.102,0.0
S044,32,Q086,HAVING,0.59,0,1.263,6.989,53.365,0.0
S044,33,Q246,VIEWS,0.684,0,3.208,10.754,56.573,0.0
S044,34,Q309,HAVING,0.586,1,0.337,3.545,56.91,0.06
S044,35,Q235,AGGREGATE FUNCTIONS,0.512,1,1.673,35.798,58.583,0.06
S044,36,Q444,PRIMARY KEY,0.235,0,0.225,58.808,58.808,0.0
S044,37,Q415,SELECT,0.337,0,0.164,14.221,58.972,0.0
S044,38,Q182,NORMALIZATION,0.512,0,0.24,59.212,59.212,0.0
S044,39,Q265,NORMALIZATION,0.689,0,0.343,0.343,59.555,0.0
S044,40,Q154,INDEXING,0.465,0,0.437,24.596,59.993,0.0
S044,41,Q025,LEFT JOIN,0.627,0,4.011,52.624,64.004,0.0
S044,42,Q417,VIEWS,0.67,0,0.074,7.505,64.078,0.0
S044,43,Q442,NORMALIZATION,0.586,0,4.95,9.473,69.028,0.0
S044,44,Q428,SELECT,0.158,0,0.154,10.21,69.182,0.0
S044,45,Q216,HAVING,0.472,0,2.732,15.004,71.914,0.0
S044,46,Q232,PRIMARY KEY,0.433,0,1.108,14.213,73.022,0.0
S044,47,Q403,UNION,0.464,0,2.908,26.313,75.93,0.0
S044,48,Q190,SUBQUERIES,0.738,0,1.309,64.906,77.239,0.0
S044,49,Q256,ORDER BY,0.346,0,3.285,76.306,80.524,0.0
S044,50,Q069,LEFT JOIN,0.56,0,2.131,18.652,82.655,0.0
S044,51,Q437,TRIGGERS,0.758,0,3.892,74.692,86.547,0.0
S044,52,Q240,LEFT JOIN,0.422,0,0.164,4.056,86.712,0.0
S044,53,Q143,WHERE,0.264,0,0.232,34.842,86.943,0.0
S044,54,Q480,STORED PROCEDURES,0.638,0,5.018,50.265,91.961,0.0
S044,55,Q108,SELECT,0.311,0,2.672,25.451,94.633,0.0
S044,56,Q122,INDEXING,0.478,0,1.576,36.217,96.209,0.0
S044,57,Q322,TRANSACTIONS,0.638,0,5.892,102.102,102.102,0.0
S044,58,Q371,JOINS,0.51,0,0.616,102.718,102.718,0.0
S044,59,Q100,SUBQUERIES,0.627,1,0.841,26.32,103.559,0.06
S044,60,Q059,PRIMARY KEY,0.219,1,0.418,30.956,103.978,0.06
S044,61,Q001,INNER JOIN,0.589,0,0.355,81.639,104.333,0.0
S044,62,Q078,VIEWS,0.48,1,0.035,40.29,104.368,0.06
S044,63,Q050,ORDER BY,0.39,1,1.14,24.983,105.508,0.06
S044,64,Q235,AGGREGATE FUNCTIONS,0.512,0,1.821,48.745,107.328,0.0
S044,65,Q033,LEFT JOIN,0.653,1,2.32,22.937,109.649,0.06
S044,66,Q417,VIEWS,0.67,0,3.737,9.018,113.385,0.0
S044,67,Q297,RIGHT JOIN,0.489,0,1.56,64.288,114.946,0.0
S044,68,Q279,FOREIGN KEY,0.269,1,0.672,115.617,115.617,0.06
S044,69,Q090,JOINS,0.609,1,0.053,12.953,115.671,0.06
S044,70,Q417,VIEWS,0.67,0,0.378,2.663,116.049,0.0
S044,71,Q262,AGGREGATE FUNCTIONS,0.576,0,2.155,10.875,118.203,0.0
S044,72,Q220,TRANSACTIONS,0.748,0,3.441,19.542,121.644,0.0
S044,73,Q447,AGGREGATE FUNCTIONS,0.58,1,3.39,6.831,125.034,0.06
S044,74,Q410,GROUP BY,0.445,0,0.753,95.13,125.788,0.0
S044,75,Q061,WHERE,0.356,0,0.014,38.858,125.802,0.0
S044,76,Q330,ORDER BY,0.419,0,0.758,21.052,126.56,0.0
S044,77,Q200,SELECT,0.313,1,0.503,32.429,127.062,0.06
S044,78,Q473,RIGHT JOIN,0.495,1,1.721,13.838,128.784,0.06
S044,79,Q392,STORED PROCEDURES,0.686,0,0.191,37.013,128.974,0.0
S044,80,Q259,JOINS,0.641,0,0.047,13.351,129.021,0.0
S044,81,Q399,JOINS,0.524,1,0.672,0.672,129.694,0.06
S044,82,Q192,PRIMARY KEY,0.241,0,0.041,25.758,129.735,0.0
S044,83,Q345,ORDER BY,0.246,1,0.763,3.939,130.498,0.06
S044,84,Q118,GROUP BY,0.421,0,1.048,5.759,131.547,0.0
S044,85,Q050,ORDER BY,0.39,1,1.001,2.049,132.548,0.0893
S044,86,Q462,TRANSACTIONS,0.661,1,0.032,10.935,132.579,0.06
S044,87,Q077,HAVING,0.485,1,1.042,61.708,133.621,0.06
S044,88,Q149,ORDER BY,0.264,1,4.024,5.098,137.645,0.0728
S044,89,Q253,STORED PROCEDURES,0.691,0,2.221,10.892,139.867,0.0
S044,90,Q137,ORDER BY,0.445,0,1.279,3.5,141.146,0.0
S044,91,Q159,JOINS,0.491,0,5.045,16.497,146.191,0.0
S044,92,Q430,SUBQUERIES,0.653,0,1.283,43.915,147.474,0.0
S044,93,Q211,GROUP BY,0.403,0,0.366,16.294,147.841,0.0
S044,94,Q061,WHERE,0.356,0,1.081,23.119,148.921,0.0
S044,95,Q030,GROUP BY,0.529,0,0.1,1.18,149.021,0.0
S044,96,Q387,UNION,0.384,0,1.006,74.097,150.027,0.0
S044,97,Q318,SUBQUERIES,0.809,0,0.421,2.974,150.448,0.0
S044,98,Q358,INNER JOIN,0.377,1,1.352,47.467,151.8,0.06
S044,99,Q302,LEFT JOIN,0.407,0,1.113,43.265,152.914,0.0
S044,100,Q153,LEFT JOIN,0.611,0,0.849,0.849,153.762,0.0
S045,1,Q438,GROUP BY,0.565,0,0.115,0.115,0.115,0.3569
S045,2,Q399,JOINS,0.524,0,4.077,4.192,4.192,0.1576
S045,3,Q113,ORDER BY,0.443,0,3.633,7.825,7.825,0.2807
S045,4,Q136,VIEWS,0.566,0,0.463,8.288,8.288,0.1089
S045,5,Q097,STORED PROCEDURES,0.801,0,1.333,9.62,9.62,0.2946
S045,6,Q133,FOREIGN KEY,0.479,0,1.239,10.859,10.859,0.2346
S045,7,Q345,ORDER BY,0.246,0,0.781,3.815,11.64,0.1984
S045,8,Q118,GROUP BY,0.421,1,0.237,11.763,11.877,0.2404
S045,9,Q467,TRIGGERS,0.624,1,0.963,12.84,12.84,0.2647
S045,10,Q187,HAVING,0.52,0,0.535,13.375,13.375,0.0062
S045,11,Q311,INNER JOIN,0.391,0,2.404,15.78,15.78,0.0
S045,12,Q168,SUBQUERIES,0.647,1,0.483,16.262,16.262,0.1462
S045,13,Q463,AGGREGATE FUNCTIONS,0.577,0,4.018,20.281,20.281,0.0
S045,14,Q111,TRANSACTIONS,0.674,0,0.601,20.882,20.882,0.0
S045,15,Q404,SELECT,0.335,0,0.592,21.474,21.474,0.0
S045,16,Q488,FOREIGN KEY,0.382,0,1.486,12.101,22.959,0.0281
S045,17,Q211,GROUP BY,0.403,0,0.363,11.445,23.322,0.0437
S045,18,Q230,GROUP BY,0.634,0,2.066,2.066,25.388,0.0
S045,19,Q401,UNION,0.473,0,0.294,25.683,25.683,0.0
S045,20,Q088,INDEXING,0.69,0,1.203,26.886,26.886,0.0
S045,21,Q424,SELECT,0.283,1,1.779,7.192,28.665,0.06
S045,22,Q268,ORDER BY,0.425,1,1.816,18.841,30.481,0.06
S045,23,Q265,NORMALIZATION,0.689,0,3.381,33.862,33.862,0.0
S045,24,Q240,LEFT JOIN,0.422,0,2.631,36.493,36.493,0.0
S045,25,Q330,ORDER BY,0.419,0,2.292,8.304,38.785,0.0
S045,26,Q261,NORMALIZATION,0.767,0,0.512,5.435,39.297,0.0
S045,27,Q147,INDEXING,0.616,1,0.176,12.587,39.473,0.06
S045,28,Q028,STORED PROCEDURES,0.783,0,0.822,30.675,40.295,0.0
S045,29,Q166,LEFT JOIN,0.618,0,0.498,4.3,40.793,0.0
S045,30,Q330,ORDER BY,0.419,1,0.098,2.106,40.891,0.06
S045,31,Q322,TRANSACTIONS,0.638,0,0.228,20.238,41.12,0.0
S045,32,Q291,JOINS,0.608,0,1.558,38.486,42.677,0.0
S045,33,Q023,NORMALIZATION,0.552,0,5.823,9.203,48.501,0.0
S045,34,Q089,RIGHT JOIN,0.546,0,0.181,48.682,48.682,0.0
S045,35,Q388,FOREIGN KEY,0.322,0,2.116,27.839,50.798,0.0
S045,36,Q206,SUBQUERIES,0.557,0,0.853,35.388,51.651,0.0
S045,37,Q346,NORMALIZATION,0.661,0,0.189,3.339,51.839,0.0
S045,38,Q094,TRANSACTIONS,0.694,0,0.094,10.814,51.933,0.0
S045,39,Q228,HAVING,0.488,1,3.268,41.826,55.201,0.06
S045,40,Q390,GROUP BY,0.446,0,1.156,30.969,56.357,0.0
S045,41,Q075,UNION,0.426,0,1.104,31.778,57.46,0.0
S045,42,Q427,HAVING,0.634,0,0.512,2.771,57.972,0.0
S045,43,Q361,GROUP BY,0.457,0,3.916,5.531,61.888,0.0
S045,44,Q179,ORDER BY,0.262,0,0.79,21.787,62.678,0.0
S045,45,Q388,FOREIGN KEY,0.322,1,0.579,12.459,63.257,0.06
S045,46,Q271,UNION,0.382,1,1.4,7.197,64.658,0.06
S045,47,Q019,RIGHT JOIN,0.455,1,1.807,17.782,66.464,0.06
S045,48,Q277,TRANSACTIONS,0.681,0,1.87,16.402,68.335,0.0
S045,49,Q081,SELECT,0.21,1,0.606,40.276,68.941,0.06
S045,50,Q313,WHERE,0.359,0,3.065,72.006,72.006,0.0
S045,51,Q069,LEFT JOIN,0.56,1,0.203,31.416,72.209,0.06
S045,52,Q415,SELECT,0.337,1,1.676,4.945,73.886,0.06
S045,53,Q236,NORMALIZATION,0.543,0,0.366,22.412,74.251,0.0
S045,54,Q473,RIGHT JOIN,0.495,0,1.324,9.111,75.575,0.0
S045,55,Q185,INDEXING,0.692,0,8.128,44.23,83.703,0.0
S045,56,Q040,LEFT JOIN,0.619,0,3.121,14.615,86.824,0.0
S045,57,Q478,VIEWS,0.411,1,2.094,80.631,88.918,0.06
S045,58,Q472,INNER JOIN,0.643,0,5.239,78.377,94.157,0.0
S045,59,Q049,HAVING,0.692,0,0.028,36.212,94.184,0.0
S045,60,Q090,JOINS,0.609,1,1.008,52.515,95.192,0.06
S045,61,Q483,VIEWS,0.52,0,0.141,6.415,95.333,0.0
S045,62,Q356,HAVING,0.455,1,2.168,3.317,97.502,0.06
S045,63,Q301,WHERE,0.29,0,0.377,25.873,97.879,0.0
S045,64,Q140,STORED PROCEDURES,0.717,1,2.183,59.767,100.062,0.06
S045,65,Q346,NORMALIZATION,0.661,0,0.659,26.469,100.72,0.0
S045,66,Q366,TRIGGERS,0.664,0,0.777,88.657,101.497,0.0
S045,67,Q311,INNER JOIN,0.391,0,4.724,12.065,106.221,0.0
S045,68,Q233,INNER JOIN,0.649,0,3.1,3.1,109.321,0.0
S045,69,Q363,NORMALIZATION,0.675,0,0.221,8.822,109.542,0.0
S045,70,Q404,SELECT,0.335,0,0.431,36.088,109.973,0.0
S045,71,Q465,WHERE,0.43,1,0.793,12.888,110.767,0.06
S045,72,Q055,INNER JOIN,0.493,0,1.095,2.541,111.862,0.0
S045,73,Q185,INDEXING,0.692,0,1.37,29.529,113.232,0.0
S045,74,Q113,ORDER BY,0.443,0,0.003,50.556,113.234,0.0
S045,75,Q283,STORED PROCEDURES,0.715,0,1.286,14.458,114.52,0.0
S045,76,Q165,NORMALIZATION,0.71,1,3.377,8.355,117.897,0.06
S045,77,Q339,RIGHT JOIN,0.478,0,1.311,43.632,119.208,0.0
S045,78,Q187,HAVING,0.52,0,1.069,22.775,120.277,0.0
S045,79,Q391,ORDER BY,0.213,1,0.352,7.394,120.628,0.06
S045,80,Q262,AGGREGATE FUNCTIONS,0.576,1,0.852,101.2,121.481,0.06
S045,81,Q199,UNION,0.466,1,0.871,57.694,122.352,0.06
S045,82,Q062,JOINS,0.537,1,0.831,27.991,123.183,0.06
S045,83,Q250,INNER JOIN,0.477,0,3.318,14.64,126.501,0.0
S045,84,Q477,TRIGGERS,0.655,1,2.633,27.637,129.134,0.06
S045,85,Q424,SELECT,0.283,1,0.512,19.673,129.646,0.06
S045,86,Q394,UNION,0.411,0,0.247,7.541,129.893,0.0
S045,87,Q199,UNION,0.466,1,0.177,0.177,130.07,0.06
S045,88,Q122,INDEXING,0.478,1,2.652,19.49,132.721,0.06
S045,89,Q343,VIEWS,0.483,1,0.273,37.661,132.994,0.06
S045,90,Q077,HAVING,0.485,0,3.428,16.145,136.422,0.0
S045,91,Q121,VIEWS,0.492,1,0.731,4.16,137.154,0.06
S045,92,Q268,ORDER BY,0.425,0,0.665,17.19,137.819,0.0
S045,93,Q375,TRIGGERS,0.555,0,1.059,9.743,138.877,0.0
S045,94,Q299,GROUP BY,0.419,0,2.399,79.388,141.276,0.0
S045,95,Q452,RIGHT JOIN,0.577,0,4.491,26.56,145.768,0.0
S045,96,Q041,SELECT,0.301,0,1.652,17.774,147.42,0.0
S045,97,Q088,INDEXING,0.69,0,1.158,15.856,148.578,0.0
S045,98,Q141,ORDER BY,0.343,0,2.256,13.015,150.834,0.0
S045,99,Q099,STORED PROCEDURES,0.827,0,0.062,36.376,150.896,0.0
S045,100,Q343,VIEWS,0.483,1,0.101,13.843,150.997,0.06
S046,1,Q499,FOREIGN KEY,0.458,1,0.383,0.383,0.383,0.4578
S046,2,Q067,TRANSACTIONS,0.606,1,1.043,1.426,1.426,0.3542
S046,3,Q091,ORDER BY,0.348,0,0.838,2.264,2.264,0.3255
S046,4,Q018,FOREIGN KEY,0.452,0,0.3,2.181,2.564,0.4001
S046,5,Q429,WHERE,0.391,1,3.35,5.914,5.914,0.4158
S046,6,Q310,WHERE,0.401,0,0.343,0.343,6.257,0.3857
S046,7,Q204,TRIGGERS,0.735,0,2.563,8.82,8.82,0.0801
S046,8,Q018,FOREIGN KEY,0.452,1,0.864,7.12,9.684,0.3533
S046,9,Q267,SELECT,0.307,1,1.759,11.443,11.443,0.3111
S046,10,Q116,ORDER BY,0.363,0,3.155,12.334,14.598,0.1155
S046,11,Q125,JOINS,0.518,1,2.488,17.085,17.085,0.1653
S046,12,Q157,TRIGGERS,0.69,1,1.31,9.575,18.395,0.06
S046,13,Q126,LEFT JOIN,0.589,1,0.197,18.593,18.593,0.2355
S046,14,Q152,PRIMARY KEY,0.249,0,0.528,19.121,19.121,0.1158
S046,15,Q347,FOREIGN KEY,0.405,1,1.632,11.068,20.753,0.2472
S046,16,Q383,PRIMARY KEY,0.392,0,0.413,2.044,21.165,0.0601
S046,17,Q006,ORDER BY,0.205,0,2.309,8.876,23.474,0.0
S046,18,Q116,ORDER BY,0.363,0,0.699,0.699,24.173,0.0
S046,19,Q078,VIEWS,0.48,1,0.317,24.49,24.49,0.06
S046,20,Q467,TRIGGERS,0.624,0,1.856,7.95,26.346,0.0
S046,21,Q010,UNION,0.357,0,0.244,26.59,26.59,0.001
S046,22,Q239,INNER JOIN,0.478,0,2.799,29.389,29.389,0.0
S046,23,Q018,FOREIGN KEY,0.452,0,0.915,9.551,30.304,0.079
S046,24,Q299,GROUP BY,0.419,1,0.086,30.39,30.39,0.06
S046,25,Q419,LEFT JOIN,0.469,0,6.135,17.932,36.525,0.0
S046,26,Q341,NORMALIZATION,0.653,0,0.033,36.558,36.558,0.0
S046,27,Q201,AGGREGATE FUNCTIONS,0.359,0,2.342,38.9,38.9,0.0
S046,28,Q036,NORMALIZATION,0.55,0,4.333,6.675,43.233,0.0
S046,29,Q115,STORED PROCEDURES,0.696,1,6.8,50.033,50.033,0.06
S046,30,Q124,FOREIGN KEY,0.397,1,0.779,20.508,50.811,0.06
S046,31,Q421,JOINS,0.5,1,1.839,35.565,52.65,0.06
S046,32,Q103,WHERE,0.449,0,2.574,48.967,55.224,0.0
S046,33,Q493,LEFT JOIN,0.431,0,2.786,21.486,58.01,0.0
S046,34,Q404,SELECT,0.335,0,1.017,47.585,59.027,0.0
S046,35,Q275,HAVING,0.692,0,1.323,60.351,60.351,0.0
S046,36,Q495,TRIGGERS,0.746,0,0.624,34.629,60.975,0.0
S046,37,Q391,ORDER BY,0.213,1,2.527,39.329,63.502,0.06
S046,38,Q297,RIGHT JOIN,0.489,1,1.996,65.497,65.497,0.06
S046,39,Q468,INNER JOIN,0.4,0,2.69,38.798,68.187,0.0
S046,40,Q199,UNION,0.466,0,2.151,43.749,70.339,0.0
S046,41,Q108,SELECT,0.311,0,3.92,15.231,74.259,0.0
S046,42,Q112,INDEXING,0.48,0,0.417,74.675,74.675,0.0
S046,43,Q209,STORED PROCEDURES,0.739,0,0.843,25.485,75.518,0.0
S046,44,Q134,ORDER BY,0.387,0,0.349,12.365,75.867,0.0
S046,45,Q171,HAVING,0.455,0,0.062,15.578,75.929,0.0
S046,46,Q028,STORED PROCEDURES,0.783,0,1.709,2.12,77.638,0.0
S046,47,Q255,RIGHT JOIN,0.673,0,2.413,14.554,80.051,0.0
S046,48,Q279,FOREIGN KEY,0.269,0,0.879,30.118,80.93,0.0
S046,49,Q112,INDEXING,0.48,0,1.987,8.241,82.917,0.0
S046,50,Q150,PRIMARY KEY,0.22,0,1.499,63.251,84.416,0.0
S046,51,Q089,RIGHT JOIN,0.546,0,1.159,5.524,85.575,0.0
S046,52,Q174,SELECT,0.261,0,1.505,12.822,87.08,0.0
S046,53,Q364,WHERE,0.339,0,1.841,33.697,88.921,0.0
S046,54,Q012,INDEXING,0.52,0,0.306,6.31,89.227,0.0
S046,55,Q066,SELECT,0.207,0,3.414,5.561,92.641,0.0
S046,56,Q371,JOINS,0.51,0,1.485,41.476,94.126,0.0
S046,57,Q235,AGGREGATE FUNCTIONS,0.512,0,1.907,57.133,96.033,0.0
S046,58,Q242,WHERE,0.22,1,0.745,7.857,96.778,0.06
S046,59,Q435,NORMALIZATION,0.623,0,0.829,54.374,97.607,0.0
S046,60,Q170,TRIGGERS,0.682,0,0.643,37.275,98.25,0.0
S046,61,Q336,RIGHT JOIN,0.557,1,2.613,15.287,100.863,0.06
S046,62,Q275,HAVING,0.692,1,4.702,29.636,105.565,0.06
S046,63,Q405,LEFT JOIN,0.648,0,1.527,49.082,107.092,0.0
S046,64,Q303,WHERE,0.319,0,0.699,11.012,107.791,0.0
S046,65,Q066,SELECT,0.207,0,1.382,16.532,109.173,0.0
S046,66,Q082,WHERE,0.333,1,2.205,3.587,111.378,0.06
S046,67,Q098,AGGREGATE FUNCTIONS,0.402,1,0.095,15.44,111.473,0.06
S046,68,Q210,GROUP BY,0.475,0,6.344,87.427,117.817,0.0
S046,69,Q157,TRIGGERS,0.69,0,3.546,23.113,121.363,0.0
S046,70,Q022,UNION,0.499,0,2.183,53.208,123.546,0.0
S046,71,Q472,INNER JOIN,0.643,1,0.136,55.495,123.682,0.06
S046,72,Q058,AGGREGATE FUNCTIONS,0.361,0,1.764,13.973,125.446,0.0
S046,73,Q002,NORMALIZATION,0.72,0,5.439,33.279,130.885,0.0
S046,74,Q352,AGGREGATE FUNCTIONS,0.46,0,3.197,8.636,134.082,0.0
S046,75,Q224,RIGHT JOIN,0.546,0,0.021,33.24,134.103,0.0
S046,76,Q355,NORMALIZATION,0.531,1,6.463,9.68,140.565,0.06
S046,77,Q313,WHERE,0.359,0,2.705,31.892,143.27,0.0
S046,78,Q040,LEFT JOIN,0.619,0,0.31,36.488,143.58,0.0
S046,79,Q358,INNER JOIN,0.377,0,0.371,20.269,143.951,0.0
S046,80,Q393,HAVING,0.419,0,0.576,38.962,144.527,0.0
S046,81,Q403,UNION,0.464,0,0.884,21.865,145.411,0.0
S046,82,Q144,SUBQUERIES,0.813,0,2.089,147.5,147.5,0.0
S046,83,Q405,LEFT JOIN,0.648,0,0.077,3.996,147.576,0.0
S046,84,Q281,HAVING,0.584,1,1.755,4.804,149.331,0.06
S046,85,Q391,ORDER BY,0.213,1,0.673,74.137,150.004,0.06
S046,86,Q139,SELECT,0.229,1,0.584,41.415,150.588,0.06
S046,87,Q486,INNER JOIN,0.576,0,0.164,6.801,150.752,0.0
S046,88,Q194,VIEWS,0.66,0,2.938,129.2,153.69,0.0
S046,89,Q331,STORED PROCEDURES,0.731,1,0.956,77.007,154.646,0.06
S046,90,Q116,ORDER BY,0.363,1,0.019,4.661,154.665,0.06
S046,91,Q252,ORDER BY,0.263,0,3.143,3.143,157.808,0.0
S046,92,Q181,FOREIGN KEY,0.273,0,0.835,77.713,158.643,0.0
S046,93,Q067,TRANSACTIONS,0.606,1,0.671,157.888,159.314,0.06
S046,94,Q139,SELECT,0.229,0,1.902,10.628,161.216,0.0
S046,95,Q273,GROUP BY,0.489,0,0.093,43.492,161.309,0.0
S046,96,Q097,STORED PROCEDURES,0.801,0,1.525,8.188,162.833,0.0
S046,97,Q137,ORDER BY,0.445,1,0.411,5.436,163.244,0.06
S046,98,Q425,INNER JOIN,0.522,0,3.78,16.272,167.024,0.0
S046,99,Q135,HAVING,0.678,0,0.304,17.998,167.328,0.0
S046,100,Q134,ORDER BY,0.387,0,0.613,4.698,167.941,0.0
S047,1,Q484,JOINS,0.63,0,1.373,1.373,1.373,0.155
S047,2,Q280,JOINS,0.685,1,1.249,1.249,2.622,0.1962
S047,3,Q290,SELECT,0.153,1,2.146,4.768,4.768,0.3815
S047,4,Q266,FOREIGN KEY,0.324,0,1.269,6.036,6.036,0.2375
S047,5,Q432,NORMALIZATION,0.754,0,0.184,6.221,6.221,0.2987
S047,6,Q152,PRIMARY KEY,0.249,0,1.917,8.138,8.138,0.3152
S047,7,Q111,TRANSACTIONS,0.674,0,1.38,9.518,9.518,0.1782
S047,8,Q440,SUBQUERIES,0.653,1,0.242,9.76,9.76,0.168
S047,9,Q071,SUBQUERIES,0.651,0,0.458,0.458,10.218,0.1361
S047,10,Q449,HAVING,0.677,1,0.305,10.523,10.523,0.3011
S047,11,Q452,RIGHT JOIN,0.577,0,1.803,12.326,12.326,0.0402
S047,12,Q256,ORDER BY,0.346,1,0.613,12.938,12.938,0.1311
S047,13,Q480,STORED PROCEDURES,0.638,0,0.269,13.207,13.207,0.1878
S047,14,Q274,STORED PROCEDURES,0.63,0,0.987,0.987,14.194,0.148
S047,15,Q139,SELECT,0.229,1,1.534,10.96,15.728,0.2771
S047,16,Q484,JOINS,0.63,1,0.658,13.763,16.385,0.06
S047,17,Q490,STORED PROCEDURES,0.81,0,2.942,5.133,19.327,0.046
S047,18,Q441,JOINS,0.52,1,1.986,4.927,21.313,0.06
S047,19,Q458,TRIGGERS,0.727,0,3.132,24.444,24.444,0.0
S047,20,Q207,WHERE,0.265,1,2.703,27.147,27.147,0.0869
S047,21,Q405,LEFT JOIN,0.648,0,0.805,27.952,27.952,0.0
S047,22,Q360,PRIMARY KEY,0.348,0,0.254,20.068,28.207,0.0
S047,23,Q208,INNER JOIN,0.385,0,0.026,28.233,28.233,0.0
S047,24,Q287,VIEWS,0.513,1,2.875,31.108,31.108,0.06
S047,25,Q198,TRIGGERS,0.796,0,4.996,11.659,36.103,0.0
S047,26,Q368,WHERE,0.261,1,0.743,9.7,36.847,0.06
S047,27,Q098,AGGREGATE FUNCTIONS,0.402,0,2.727,39.574,39.574,0.0
S047,28,Q308,NORMALIZATION,0.626,0,3.247,36.6,42.821,0.0
S047,29,Q140,STORED PROCEDURES,0.717,1,0.103,23.598,42.925,0.06
S047,30,Q125,JOINS,0.518,0,3.3,24.912,46.225,0.0
S047,31,Q031,INDEXING,0.548,0,0.228,46.453,46.453,0.0
S047,32,Q258,SELECT,0.206,0,1.089,31.814,47.542,0.0
S047,33,Q377,JOINS,0.519,0,0.069,1.386,47.611,0.0
S047,34,Q489,SELECT,0.156,1,3.171,3.241,50.782,0.06
S047,35,Q215,VIEWS,0.633,0,1.282,20.956,52.064,0.0
S047,36,Q332,TRIGGERS,0.562,0,0.306,16.267,52.37,0.0
S047,37,Q242,WHERE,0.22,0,0.565,16.088,52.935,0.0
S047,38,Q145,VIEWS,0.655,0,1.14,2.011,54.075,0.0
S047,39,Q290,SELECT,0.153,1,0.706,3.998,54.781,0.06
S047,40,Q374,RIGHT JOIN,0.474,1,0.61,43.065,55.391,0.06
S047,41,Q346,NORMALIZATION,0.661,0,1.535,14.105,56.926,0.0
S047,42,Q389,HAVING,0.552,0,0.37,46.773,57.296,0.0
S047,43,Q150,PRIMARY KEY,0.22,1,0.638,29.727,57.934,0.06
S047,44,Q493,LEFT JOIN,0.431,0,2.713,32.694,60.647,0.0
S047,45,Q468,INNER JOIN,0.4,0,1.09,33.504,61.737,0.0
S047,46,Q172,RIGHT JOIN,0.657,0,2.765,9.11,64.501,0.0
S047,47,Q044,RIGHT JOIN,0.637,0,0.476,0.476,64.977,0.0
S047,48,Q234,HAVING,0.621,0,1.16,8.841,66.137,0.0
S047,49,Q336,RIGHT JOIN,0.557,1,3.757,4.917,69.894,0.06
S047,50,Q322,TRANSACTIONS,0.638,1,1.035,61.412,70.93,0.06
S047,51,Q324,WHERE,0.282,0,1.477,19.472,72.407,0.0
S047,52,Q370,SELECT,0.152,0,0.056,17.683,72.463,0.0
S047,53,Q194,VIEWS,0.66,0,2.269,20.658,74.733,0.0
S047,54,Q215,VIEWS,0.633,0,1.116,1.116,75.848,0.0
S047,55,Q257,VIEWS,0.425,0,0.551,0.551,76.399,0.0
S047,56,Q206,SUBQUERIES,0.557,0,0.276,66.457,76.675,0.0
S047,57,Q316,JOINS,0.535,1,1.689,30.753,78.364,0.06
S047,58,Q423,TRANSACTIONS,0.738,0,2.653,10.087,81.017,0.0
S047,59,Q327,INDEXING,0.496,1,2.788,37.352,83.805,0.06
S047,60,Q133,FOREIGN KEY,0.479,0,0.54,78.309,84.345,0.0
S047,61,Q071,SUBQUERIES,0.651,1,0.199,7.869,84.544,0.06
S047,62,Q328,INDEXING,0.642,0,7.806,8.545,92.35,0.0
S047,63,Q142,STORED PROCEDURES,0.735,0,0.692,50.117,93.042,0.0
S047,64,Q065,INNER JOIN,0.622,0,1.058,32.363,94.1,0.0
S047,65,Q241,STORED PROCEDURES,0.818,0,0.764,1.822,94.864,0.0
S047,66,Q454,AGGREGATE FUNCTIONS,0.435,0,0.788,56.078,95.652,0.0
S047,67,Q267,SELECT,0.307,0,1.142,24.33,96.794,0.0
S047,68,Q344,SELECT,0.171,1,0.216,0.216,97.01,0.06
S047,69,Q032,FOREIGN KEY,0.299,1,4.72,17.385,101.73,0.06
S047,70,Q261,NORMALIZATION,0.767,0,1.426,46.23,103.156,0.0
S047,71,Q250,INNER JOIN,0.477,0,0.698,9.754,103.854,0.0
S047,72,Q328,INDEXING,0.642,0,2.871,14.375,106.725,0.0
S047,73,Q234,HAVING,0.621,0,0.171,40.759,106.896,0.0
S047,74,Q370,SELECT,0.152,0,5.227,15.113,112.123,0.0
S047,75,Q285,SELECT,0.344,0,1.277,1.277,113.401,0.0
S047,76,Q135,HAVING,0.678,0,0.028,6.532,113.429,0.0
S047,77,Q119,INDEXING,0.674,0,0.313,7.016,113.741,0.0
S047,78,Q338,FOREIGN KEY,0.333,0,3.325,15.337,117.067,0.0
S047,79,Q277,TRANSACTIONS,0.681,0,3.89,39.94,120.957,0.0
S047,80,Q123,TRIGGERS,0.741,0,0.853,69.44,121.81,0.0
S047,81,Q439,HAVING,0.648,1,4.557,12.939,126.367,0.06
S047,82,Q232,PRIMARY KEY,0.433,0,0.42,68.853,126.787,0.0
S047,83,Q081,SELECT,0.21,0,3.091,16.477,129.878,0.0
S047,84,Q452,RIGHT JOIN,0.577,0,2.217,62.2,132.095,0.0
S047,85,Q080,HAVING,0.504,0,2.15,7.878,134.245,0.0
S047,86,Q333,HAVING,0.504,1,1.268,1.268,135.513,0.06
S047,87,Q182,NORMALIZATION,0.512,0,1.26,33.617,136.773,0.0
S047,88,Q083,JOINS,0.473,0,0.653,59.062,137.426,0.0
S047,89,Q496,NORMALIZATION,0.716,0,1.869,2.523,139.295,0.0
S047,90,Q052,RIGHT JOIN,0.663,1,2.943,10.144,142.238,0.06
S047,91,Q458,TRIGGERS,0.727,0,0.791,21.22,143.029,0.0
S047,92,Q217,PRIMARY KEY,0.385,0,2.012,18.255,145.042,0.0
S047,93,Q383,PRIMARY KEY,0.392,1,1.998,1.998,147.039,0.06
S047,94,Q077,HAVING,0.485,1,3.393,14.919,150.432,0.06
S047,95,Q097,STORED PROCEDURES,0.801,0,0.728,56.297,151.161,0.0
S047,96,Q002,NORMALIZATION,0.72,0,2.236,14.102,153.397,0.0
S047,97,Q138,TRANSACTIONS,0.588,0,1.112,33.553,154.51,0.0
S047,98,Q377,JOINS,0.519,0,0.912,17.996,155.422,0.0
S047,99,Q063,UNION,0.406,0,0.772,156.194,156.194,0.0
S047,100,Q452,RIGHT JOIN,0.577,1,0.383,14.339,156.577,0.06
S048,1,Q272,LEFT JOIN,0.451,1,0.782,0.782,0.782,0.472
S048,2,Q121,VIEWS,0.492,1,0.315,1.097,1.097,0.355
S048,3,Q315,WHERE,0.287,0,0.227,1.324,1.324,0.3358
S048,4,Q333,HAVING,0.504,1,0.058,1.382,1.382,0.4302
S048,5,Q480,STORED PROCEDURES,0.638,1,1.672,3.054,3.054,0.2329
S048,6,Q116,ORDER BY,0.363,0,0.155,3.209,3.209,0.1337
S048,7,Q343,VIEWS,0.483,1,0.41,2.522,3.619,0.3771
S048,8,Q167,PRIMARY KEY,0.442,0,3.543,7.162,7.162,0.1796
S048,9,Q050,ORDER BY,0.39,0,0.026,3.979,7.188,0.0491
S048,10,Q348,FOREIGN KEY,0.366,1,2.611,9.799,9.799,0.1497
S048,11,Q309,HAVING,0.586,0,0.49,8.907,10.289,0.2716
S048,12,Q340,NORMALIZATION,0.688,0,0.987,11.276,11.276,0.2265
S048,13,Q150,PRIMARY KEY,0.22,1,1.492,5.606,12.769,0.1555
S048,14,Q177,INDEXING,0.605,0,0.899,13.667,13.667,0.0407
S048,15,Q007,WHERE,0.38,1,0.837,13.18,14.505,0.1981
S048,16,Q478,VIEWS,0.411,1,1.078,11.964,15.583,0.2577
S048,17,Q195,TRANSACTIONS,0.673,0,0.288,15.871,15.871,0.1669
S048,18,Q184,HAVING,0.542,0,1.643,7.225,17.514,0.1382
S048,19,Q263,GROUP BY,0.516,1,1.299,18.813,18.813,0.0744
S048,20,Q310,WHERE,0.401,0,3.336,7.644,22.149,0.0584
S048,21,Q195,TRANSACTIONS,0.673,0,1.352,7.629,23.501,0.0275
S048,22,Q235,AGGREGATE FUNCTIONS,0.512,1,1.88,25.381,25.381,0.1268
S048,23,Q469,SELECT,0.241,0,0.327,25.708,25.708,0.0
S048,24,Q182,NORMALIZATION,0.512,0,1.557,15.989,27.265,0.0
S048,25,Q231,INDEXING,0.687,1,1.33,14.928,28.595,0.06
S048,26,Q163,INNER JOIN,0.376,0,0.743,29.338,29.338,0.0
S048,27,Q053,SUBQUERIES,0.682,0,1.758,31.096,31.096,0.0
S048,28,Q236,NORMALIZATION,0.543,1,3.858,7.688,34.953,0.06
S048,29,Q158,VIEWS,0.411,0,0.199,19.569,35.152,0.0
S048,30,Q456,FOREIGN KEY,0.297,0,1.121,26.474,36.273,0.0
S048,31,Q028,STORED PROCEDURES,0.783,0,2.011,35.231,38.285,0.0
S048,32,Q211,GROUP BY,0.403,0,2.592,22.064,40.877,0.0
S048,33,Q330,ORDER BY,0.419,0,1.739,35.428,42.616,0.0
S048,34,Q120,LEFT JOIN,0.655,0,0.633,42.466,43.249,0.0
S048,35,Q004,AGGREGATE FUNCTIONS,0.438,0,0.943,18.81,44.191,0.0
S048,36,Q335,JOINS,0.436,1,0.134,44.325,44.325,0.06
S048,37,Q076,WHERE,0.378,1,4.396,26.573,48.721,0.06
S048,38,Q265,NORMALIZATION,0.689,0,1.247,15.015,49.969,0.0
S048,39,Q428,SELECT,0.158,0,2.346,26.606,52.315,0.0
S048,40,Q400,VIEWS,0.655,0,0.603,17.766,52.918,0.0
S048,41,Q397,RIGHT JOIN,0.678,0,0.012,52.93,52.93,0.0
S048,42,Q316,JOINS,0.535,0,0.107,8.712,53.037,0.0
S048,43,Q001,INNER JOIN,0.589,0,0.344,24.044,53.382,0.0
S048,44,Q034,PRIMARY KEY,0.268,0,0.518,41.131,53.9,0.0
S048,45,Q486,INNER JOIN,0.576,0,0.05,0.568,53.949,0.0
S048,46,Q340,NORMALIZATION,0.688,0,4.292,8.273,58.241,0.0
S048,47,Q114,STORED PROCEDURES,0.598,0,1.393,21.35,59.635,0.0
S048,48,Q143,WHERE,0.264,1,0.424,11.337,60.059,0.06
S048,49,Q212,RIGHT JOIN,0.621,0,1.998,9.127,62.057,0.0
S048,50,Q216,HAVING,0.472,0,1.333,45.876,63.39,0.0
S048,51,Q391,ORDER BY,0.213,0,1.149,21.923,64.539,0.0
S048,52,Q277,TRANSACTIONS,0.681,0,0.028,41.066,64.567,0.0
S048,53,Q094,TRANSACTIONS,0.694,0,0.205,0.205,64.771,0.0
S048,54,Q470,AGGREGATE FUNCTIONS,0.49,1,1.308,21.888,66.08,0.06
S048,55,Q078,VIEWS,0.48,0,0.618,13.779,66.698,0.0
S048,56,Q158,VIEWS,0.411,1,3.657,3.657,70.355,0.06
S048,57,Q309,HAVING,0.586,1,0.686,7.65,71.04,0.06
S048,58,Q499,FOREIGN KEY,0.458,1,0.377,35.144,71.418,0.06
S048,59,Q112,INDEXING,0.48,0,0.635,43.457,72.052,0.0
S048,60,Q064,AGGREGATE FUNCTIONS,0.397,0,3.77,9.743,75.822,0.0
S048,61,Q069,LEFT JOIN,0.56,0,0.902,33.476,76.725,0.0
S048,62,Q164,PRIMARY KEY,0.249,0,0.059,22.884,76.783,0.0
S048,63,Q021,NORMALIZATION,0.705,0,0.606,19.148,77.39,0.0
S048,64,Q024,VIEWS,0.478,0,0.606,7.642,77.996,0.0
S048,65,Q358,INNER JOIN,0.377,0,1.406,25.453,79.402,0.0
S048,66,Q380,JOINS,0.601,0,1.153,27.518,80.555,0.0
S048,67,Q339,RIGHT JOIN,0.478,0,0.164,18.663,80.72,0.0
S048,68,Q453,FOREIGN KEY,0.484,1,1.046,10.348,81.766,0.06
S048,69,Q161,SELECT,0.357,0,0.795,30.246,82.561,0.0
S048,70,Q193,INDEXING,0.643,0,3.289,13.797,85.849,0.0
S048,71,Q392,STORED PROCEDURES,0.686,0,0.267,26.481,86.116,0.0
S048,72,Q354,JOINS,0.56,1,1.524,7.085,87.64,0.06
S048,73,Q013,NORMALIZATION,0.686,0,1.783,12.033,89.423,0.0
S048,74,Q151,INNER JOIN,0.5,0,0.911,10.932,90.334,0.0
S048,75,Q158,VIEWS,0.411,1,0.703,13.041,91.037,0.06
S048,76,Q076,WHERE,0.378,0,0.28,31.258,91.317,0.0
S048,77,Q152,PRIMARY KEY,0.249,1,1.653,16.186,92.97,0.06
S048,78,Q385,GROUP BY,0.478,0,0.975,53.068,93.945,0.0
S048,79,Q097,STORED PROCEDURES,0.801,0,0.763,8.592,94.708,0.0
S048,80,Q219,VIEWS,0.56,0,1.252,4.923,95.96,0.0
S048,81,Q202,PRIMARY KEY,0.254,0,1.723,4.713,97.683,0.0
S048,82,Q412,LEFT JOIN,0.536,0,2.976,23.935,100.66,0.0
S048,83,Q356,HAVING,0.455,0,0.13,29.75,100.79,0.0
S048,84,Q078,VIEWS,0.48,0,1.188,6.018,101.978,0.0
S048,85,Q214,INDEXING,0.488,0,1.052,17.18,103.029,0.0
S048,86,Q033,LEFT JOIN,0.653,1,1.39,3.759,104.419,0.06
S048,87,Q198,TRIGGERS,0.796,1,0.948,105.367,105.367,0.06
S048,88,Q353,PRIMARY KEY,0.417,1,1.86,9.544,107.228,0.06
S048,89,Q241,STORED PROCEDURES,0.818,0,0.321,12.841,107.549,0.0
S048,90,Q239,INNER JOIN,0.478,0,0.695,17.91,108.244,0.0
S048,91,Q098,AGGREGATE FUNCTIONS,0.402,0,2.225,34.647,110.469,0.0
S048,92,Q040,LEFT JOIN,0.619,0,0.565,6.616,111.035,0.0
S048,93,Q196,STORED PROCEDURES,0.722,0,1.003,4.488,112.037,0.0
S048,94,Q265,NORMALIZATION,0.689,0,0.781,23.396,112.819,0.0
S048,95,Q219,VIEWS,0.56,0,3.767,14.608,116.586,0.0
S048,96,Q123,TRIGGERS,0.741,0,0.394,11.613,116.98,0.0
S048,97,Q487,SUBQUERIES,0.631,0,3.047,88.932,120.027,0.0
S048,98,Q258,SELECT,0.206,1,0.54,38.007,120.568,0.06
S048,99,Q426,JOINS,0.626,0,1.54,34.467,122.107,0.0
S048,100,Q469,SELECT,0.241,0,0.102,1.642,122.21,0.0104
S049,1,Q135,HAVING,0.678,0,0.658,0.658,0.658,0.314
S049,2,Q055,INNER JOIN,0.493,0,1.493,2.151,2.151,0.3485
S049,3,Q307,VIEWS,0.44,0,3.315,5.466,5.466,0.2688
S049,4,Q498,FOREIGN KEY,0.401,0,0.048,5.514,5.514,0.3862
S049,5,Q199,UNION,0.466,0,0.404,5.919,5.919,0.1471
S049,6,Q001,INNER JOIN,0.589,0,0.175,3.943,6.093,0.2644
S049,7,Q197,SELECT,0.265,0,0.411,6.504,6.504,0.2975
S049,8,Q160,AGGREGATE FUNCTIONS,0.338,0,0.044,6.549,6.549,0.3619
S049,9,Q433,TRANSACTIONS,0.619,0,0.682,7.23,7.23,0.3454
S049,10,Q284,HAVING,0.408,1,0.383,6.956,7.614,0.2696
S049,11,Q336,RIGHT JOIN,0.557,0,0.65,8.263,8.263,0.2752
S049,12,Q359,UNION,0.42,0,0.066,2.411,8.33,0.0859
S049,13,Q016,INNER JOIN,0.401,1,0.278,2.514,8.607,0.2867
S049,14,Q281,HAVING,0.584,0,0.952,1.946,9.559,0.2155
S049,15,Q368,WHERE,0.261,0,3.939,13.498,13.498,0.0624
S049,16,Q324,WHERE,0.282,0,2.471,2.471,15.97,0.0003
S049,17,Q402,AGGREGATE FUNCTIONS,0.582,0,1.266,10.687,17.236,0.1766
S049,18,Q407,ORDER BY,0.241,0,1.53,18.766,18.766,0.0
S049,19,Q254,TRANSACTIONS,0.536,0,1.005,12.541,19.771,0.1323
S049,20,Q347,FOREIGN KEY,0.405,0,0.542,14.8,20.314,0.1392
S049,21,Q064,AGGREGATE FUNCTIONS,0.397,0,2.786,5.864,23.099,0.0636
S049,22,Q463,AGGREGATE FUNCTIONS,0.577,0,0.089,0.089,23.188,0.0373
S049,23,Q026,JOINS,0.462,0,2.508,25.696,25.696,0.0
S049,24,Q285,SELECT,0.344,0,0.109,19.3,25.805,0.0
S049,25,Q420,INNER JOIN,0.385,0,1.225,18.423,27.03,0.0
S049,26,Q374,RIGHT JOIN,0.474,1,2.045,20.812,29.075,0.06
S049,27,Q430,SUBQUERIES,0.653,1,0.455,29.53,29.53,0.06
S049,28,Q054,TRIGGERS,0.559,1,1.666,31.196,31.196,0.06
S049,29,Q373,AGGREGATE FUNCTIONS,0.326,0,0.576,8.584,31.772,0.0
S049,30,Q010,UNION,0.357,0,0.054,23.497,31.826,0.0
S049,31,Q494,NORMALIZATION,0.671,0,0.655,32.482,32.482,0.0
S049,32,Q180,INDEXING,0.498,0,1.534,34.015,34.015,0.0
S049,33,Q103,WHERE,0.449,1,1.866,19.912,35.882,0.06
S049,34,Q353,PRIMARY KEY,0.417,1,6.286,42.168,42.168,0.06
S049,35,Q392,STORED PROCEDURES,0.686,0,0.675,42.842,42.842,0.0
S049,36,Q054,TRIGGERS,0.559,0,0.042,11.688,42.884,0.0
S049,37,Q014,UNION,0.504,0,2.567,13.624,45.451,0.0
S049,38,Q364,WHERE,0.339,1,0.192,9.761,45.642,0.06
S049,39,Q304,ORDER BY,0.33,1,1.801,28.677,47.443,0.06
S049,40,Q453,FOREIGN KEY,0.484,0,0.054,27.183,47.497,0.0
S049,41,Q282,WHERE,0.221,1,0.181,2.035,47.678,0.0895
S049,42,Q335,JOINS,0.436,0,1.563,23.545,49.241,0.0
S049,43,Q499,FOREIGN KEY,0.458,0,1.052,2.796,50.292,0.0
S049,44,Q385,GROUP BY,0.478,0,0.784,51.076,51.076,0.0
S049,45,Q053,SUBQUERIES,0.682,0,0.608,22.154,51.685,0.0
S049,46,Q136,VIEWS,0.566,0,1.986,48.204,53.67,0.0
S049,47,Q045,WHERE,0.224,0,0.532,6.524,54.202,0.0
S049,48,Q205,VIEWS,0.597,1,0.711,1.243,54.914,0.06
S049,49,Q281,HAVING,0.584,0,2.313,47.668,57.227,0.0
S049,50,Q164,PRIMARY KEY,0.249,1,0.988,16.047,58.215,0.06
S049,51,Q128,SELECT,0.294,1,4.539,36.949,62.754,0.06
S049,52,Q208,INNER JOIN,0.385,1,0.475,36.199,63.229,0.06
S049,53,Q215,VIEWS,0.633,0,0.124,8.439,63.353,0.0
S049,54,Q429,WHERE,0.391,0,0.495,9.646,63.848,0.0
S049,55,Q442,NORMALIZATION,0.586,0,0.016,31.382,63.864,0.0
S049,56,Q423,TRANSACTIONS,0.738,0,0.254,44.346,64.118,0.0
S049,57,Q385,GROUP BY,0.478,1,1.204,14.245,65.321,0.06
S049,58,Q382,LEFT JOIN,0.543,0,1.233,66.554,66.554,0.0
S049,59,Q111,TRANSACTIONS,0.674,0,0.429,2.865,66.983,0.0
S049,60,Q158,VIEWS,0.411,0,1.241,4.872,68.224,0.0
S049,61,Q087,JOINS,0.52,0,1.174,20.158,69.399,0.0
S049,62,Q068,ORDER BY,0.202,0,0.026,21.982,69.425,0.0
S049,63,Q285,SELECT,0.344,0,1.005,7.675,70.43,0.0
S049,64,Q073,RIGHT JOIN,0.571,0,7.976,49.33,78.406,0.0
S049,65,Q089,RIGHT JOIN,0.546,1,0.139,0.139,78.545,0.06
S049,66,Q372,INDEXING,0.498,0,2.926,47.455,81.471,0.0
S049,67,Q053,SUBQUERIES,0.682,0,2.46,32.246,83.931,0.0
S049,68,Q394,UNION,0.411,0,0.154,38.634,84.085,0.0
S049,69,Q282,WHERE,0.221,0,2.701,22.939,86.786,0.0
S049,70,Q201,AGGREGATE FUNCTIONS,0.359,1,7.385,62.399,94.171,0.06
S049,71,Q024,VIEWS,0.478,0,5.248,31.195,99.419,0.0
S049,72,Q078,VIEWS,0.48,1,0.644,0.644,100.063,0.06
S049,73,Q467,TRIGGERS,0.624,0,0.825,58.003,100.888,0.0
S049,74,Q375,TRIGGERS,0.555,0,3.74,3.74,104.628,0.0
S049,75,Q212,RIGHT JOIN,0.621,1,5.627,31.709,110.254,0.06
S049,76,Q333,HAVING,0.504,0,1.293,54.32,111.547,0.0
S049,77,Q069,LEFT JOIN,0.56,0,3.343,48.336,114.891,0.0
S049,78,Q262,AGGREGATE FUNCTIONS,0.576,1,0.963,21.682,115.853,0.06
S049,79,Q270,INDEXING,0.717,0,0.824,35.207,116.678,0.0
S049,80,Q121,VIEWS,0.492,1,0.453,17.068,117.131,0.06
S049,81,Q495,TRIGGERS,0.746,0,0.247,12.75,117.378,0.0
S049,82,Q309,HAVING,0.586,1,0.329,6.159,117.707,0.06
S049,83,Q181,FOREIGN KEY,0.273,1,5.11,72.524,122.817,0.06
S049,84,Q143,WHERE,0.264,1,0.299,36.329,123.116,0.06
S049,85,Q259,JOINS,0.641,0,0.206,53.923,123.322,0.0
S049,86,Q468,INNER JOIN,0.4,0,1.279,61.372,124.601,0.0
S049,87,Q063,UNION,0.406,0,0.573,41.089,125.174,0.0
S049,88,Q270,INDEXING,0.717,0,1.438,9.934,126.612,0.0
S049,89,Q275,HAVING,0.692,0,0.79,9.695,127.402,0.0
S049,90,Q214,INDEXING,0.488,1,0.674,1.464,128.076,0.06
S049,91,Q377,JOINS,0.519,0,2.277,7.031,130.353,0.0
S049,92,Q050,ORDER BY,0.39,0,1.577,62.506,131.93,0.0
S049,93,Q010,UNION,0.357,0,0.525,7.281,132.455,0.0
S049,94,Q477,TRIGGERS,0.655,0,3.794,18.871,136.249,0.0
S049,95,Q186,GROUP BY,0.402,1,0.137,71.065,136.386,0.06
S049,96,Q405,LEFT JOIN,0.648,0,3.32,24.816,139.706,0.0
S049,97,Q329,LEFT JOIN,0.609,0,0.633,0.633,140.34,0.0
S049,98,Q438,GROUP BY,0.565,0,1.794,5.748,142.134,0.0
S049,99,Q063,UNION,0.406,1,0.415,10.094,142.549,0.06
S049,100,Q180,INDEXING,0.498,0,0.37,14.842,142.918,0.0
S050,1,Q175,INDEXING,0.505,0,2.674,2.674,2.674,0.137
S050,2,Q356,HAVING,0.455,0,0.389,3.063,3.063,0.2421
S050,3,Q489,SELECT,0.156,1,0.262,3.325,3.325,0.4449
S050,4,Q240,LEFT JOIN,0.422,1,4.015,7.341,7.341,0.2804
S050,5,Q386,SELECT,0.334,0,0.614,4.629,7.955,0.3505
S050,6,Q419,LEFT JOIN,0.469,0,0.266,0.88,8.22,0.2422
S050,7,Q465,WHERE,0.43,1,0.512,8.732,8.732,0.1459
S050,8,Q089,RIGHT JOIN,0.546,1,0.398,9.13,9.13,0.4043
S050,9,Q281,HAVING,0.584,1,0.996,7.063,10.126,0.1962
S050,10,Q266,FOREIGN KEY,0.324,0,0.078,10.204,10.204,0.2948
S050,11,Q018,FOREIGN KEY,0.452,0,5.948,5.948,16.152,0.1805
S050,12,Q102,TRANSACTIONS,0.659,1,0.277,16.429,16.429,0.1332
S050,13,Q191,SELECT,0.285,1,0.089,8.563,16.518,0.282
S050,14,Q033,LEFT JOIN,0.653,0,3.66,11.958,20.178,0.0379
S050,15,Q194,VIEWS,0.66,0,2.7,22.879,22.879,0.0
S050,16,Q473,RIGHT JOIN,0.495,0,0.848,14.596,23.727,0.1603
S050,17,Q183,FOREIGN KEY,0.495,0,1.836,9.411,25.562,0.0144
S050,18,Q471,STORED PROCEDURES,0.749,0,0.248,25.81,25.81,0.0
S050,19,Q248,JOINS,0.612,0,0.034,25.844,25.844,0.0
S050,20,Q042,SUBQUERIES,0.658,0,0.388,26.231,26.231,0.0
S050,21,Q193,INDEXING,0.643,0,0.123,23.68,26.354,0.0
S050,22,Q106,TRIGGERS,0.768,0,3.755,30.109,30.109,0.0
S050,23,Q326,AGGREGATE FUNCTIONS,0.323,0,1.139,31.248,31.248,0.0
S050,24,Q151,INNER JOIN,0.5,0,0.762,32.01,32.01,0.0
S050,25,Q252,ORDER BY,0.263,1,0.975,32.986,32.986,0.06
S050,26,Q255,RIGHT JOIN,0.673,1,0.129,9.388,33.115,0.0795
S050,27,Q270,INDEXING,0.717,0,0.461,7.222,33.576,0.0
S050,28,Q325,AGGREGATE FUNCTIONS,0.474,0,0.006,2.334,33.582,0.0
S050,29,Q029,WHERE,0.299,1,0.962,25.812,34.544,0.06
S050,30,Q350,TRIGGERS,0.764,0,1.003,5.438,35.547,0.0
S050,31,Q185,INDEXING,0.692,0,0.76,2.731,36.307,0.0
S050,32,Q498,FOREIGN KEY,0.401,0,2.658,13.402,38.965,0.0
S050,33,Q233,INNER JOIN,0.649,1,1.843,8.797,40.808,0.06
S050,34,Q255,RIGHT JOIN,0.673,1,2.781,10.474,43.589,0.06
S050,35,Q379,JOINS,0.693,0,2.65,20.395,46.239,0.0
S050,36,Q150,PRIMARY KEY,0.22,1,0.943,47.182,47.182,0.06
S050,37,Q033,LEFT JOIN,0.653,0,1.108,28.111,48.29,0.0
S050,38,Q296,VIEWS,0.472,1,2.48,27.891,50.77,0.06
S050,39,Q269,AGGREGATE FUNCTIONS,0.384,0,0.398,17.586,51.167,0.0
S050,40,Q361,GROUP BY,0.457,1,1.131,52.298,52.298,0.06
S050,41,Q183,FOREIGN KEY,0.495,0,0.186,13.52,52.485,0.0
S050,42,Q174,SELECT,0.261,1,0.327,36.294,52.812,0.06
S050,43,Q161,SELECT,0.357,1,0.861,0.861,53.673,0.1071
S050,44,Q395,LEFT JOIN,0.643,0,0.574,5.957,54.246,0.0
S050,45,Q487,SUBQUERIES,0.631,0,0.199,28.214,54.445,0.0
S050,46,Q079,WHERE,0.326,1,0.551,20.452,54.996,0.06
S050,47,Q339,RIGHT JOIN,0.478,0,0.641,12.048,55.637,0.0
S050,48,Q006,ORDER BY,0.205,0,0.989,23.64,56.626,0.0
S050,49,Q146,RIGHT JOIN,0.661,0,2.349,3.338,58.975,0.0
S050,50,Q030,GROUP BY,0.529,1,1.854,8.53,60.829,0.06
S050,51,Q226,TRANSACTIONS,0.672,0,0.268,44.668,61.097,0.0
S050,52,Q132,VIEWS,0.698,0,2.998,13.325,64.095,0.0
S050,53,Q081,SELECT,0.21,1,0.063,10.485,64.157,0.06
S050,54,Q333,HAVING,0.504,0,1.935,55.966,66.092,0.0
S050,55,Q209,STORED PROCEDURES,0.739,0,0.682,40.965,66.774,0.0
S050,56,Q179,ORDER BY,0.262,0,1.809,11.958,68.584,0.0
S050,57,Q308,NORMALIZATION,0.626,0,1.785,70.369,70.369,0.0
S050,58,Q166,LEFT JOIN,0.618,0,1.364,17.486,71.733,0.0
S050,59,Q169,VIEWS,0.52,1,0.591,8.229,72.324,0.06
S050,60,Q067,TRANSACTIONS,0.606,0,0.865,12.092,73.189,0.0
S050,61,Q160,AGGREGATE FUNCTIONS,0.338,0,7.618,29.639,80.806,0.0
S050,62,Q186,GROUP BY,0.402,0,1.042,21.02,81.849,0.0
S050,63,Q495,TRIGGERS,0.746,0,0.395,46.696,82.243,0.0
S050,64,Q223,RIGHT JOIN,0.704,0,1.707,24.975,83.95,0.0
S050,65,Q284,HAVING,0.408,0,2.195,20.053,86.146,0.0
S050,66,Q300,VIEWS,0.627,1,0.522,14.343,86.667,0.06
S050,67,Q144,SUBQUERIES,0.813,0,5.308,37.53,91.975,0.0
S050,68,Q193,INDEXING,0.643,1,2.025,57.693,94.0,0.06
S050,69,Q180,INDEXING,0.498,0,1.243,1.243,95.243,0.0164
S050,70,Q044,RIGHT JOIN,0.637,0,0.108,11.401,95.351,0.0
S050,71,Q226,TRANSACTIONS,0.672,0,3.209,25.372,98.56,0.0
S050,72,Q476,TRIGGERS,0.613,0,4.605,20.922,103.165,0.0
S050,73,Q050,ORDER BY,0.39,0,0.14,34.722,103.305,0.0
S050,74,Q119,INDEXING,0.674,1,1.924,9.986,105.229,0.06
S050,75,Q106,TRIGGERS,0.768,0,0.3,2.364,105.529,0.0
S050,76,Q242,WHERE,0.22,1,0.631,51.164,106.16,0.06
S050,77,Q457,SELECT,0.367,0,1.834,43.837,107.994,0.0
S050,78,Q052,RIGHT JOIN,0.663,0,0.785,13.428,108.779,0.0
S050,79,Q264,TRANSACTIONS,0.523,0,0.323,10.542,109.102,0.0
S050,80,Q173,SELECT,0.193,1,0.09,1.198,109.192,0.06
S050,81,Q337,FOREIGN KEY,0.341,0,0.402,57.108,109.593,0.0
S050,82,Q067,TRANSACTIONS,0.606,0,4.186,4.677,113.779,0.0
S050,83,Q093,ORDER BY,0.402,0,1.565,12.038,115.344,0.0
S050,84,Q023,NORMALIZATION,0.552,0,0.977,45.952,116.321,0.0
S050,85,Q440,SUBQUERIES,0.653,0,0.167,24.513,116.488,0.0
S050,86,Q239,INNER JOIN,0.478,0,1.934,77.613,118.421,0.0
S050,87,Q166,LEFT JOIN,0.618,0,1.126,47.815,119.547,0.0
S050,88,Q431,JOINS,0.561,0,0.935,74.243,120.482,0.0
S050,89,Q009,SELECT,0.226,1,2.542,13.833,123.025,0.06
S050,90,Q309,HAVING,0.586,0,2.827,39.706,125.851,0.0
S050,91,Q228,HAVING,0.488,0,0.39,0.39,126.241,0.0
S050,92,Q399,JOINS,0.524,0,1.124,6.884,127.366,0.0
S050,93,Q047,LEFT JOIN,0.482,1,3.994,11.812,131.36,0.06
S050,94,Q276,VIEWS,0.484,0,0.147,44.839,131.506,0.0
S050,95,Q470,AGGREGATE FUNCTIONS,0.49,0,0.247,50.947,131.753,0.0
S050,96,Q263,GROUP BY,0.516,0,1.148,51.053,132.901,0.0
S050,97,Q046,HAVING,0.619,0,1.793,8.452,134.694,0.0
S050,98,Q212,RIGHT JOIN,0.621,1,2.046,27.96,136.739,0.06
S050,99,Q157,TRIGGERS,0.69,0,4.337,35.547,141.076,0.0
S050,100,Q191,SELECT,0.285,1,0.034,18.085,141.11,0.06
S051,1,Q326,AGGREGATE FUNCTIONS,0.323,1,0.752,0.752,0.752,0.3601
S051,2,Q463,AGGREGATE FUNCTIONS,0.577,0,0.097,0.097,0.849,0.3336
S051,3,Q396,SELECT,0.185,1,0.953,1.803,1.803,0.5097
S051,4,Q285,SELECT,0.344,1,3.789,3.789,5.591,0.5129
S051,5,Q389,HAVING,0.552,0,0.546,6.138,6.138,0.0963
S051,6,Q263,GROUP BY,0.516,0,0.361,6.498,6.498,0.1624
S051,7,Q046,HAVING,0.619,0,0.194,0.554,6.692,0.063
S051,8,Q471,STORED PROCEDURES,0.749,0,0.251,6.943,6.943,0.2568
S051,9,Q160,AGGREGATE FUNCTIONS,0.338,1,0.113,6.207,7.056,0.3005
S051,10,Q003,INNER JOIN,0.484,0,0.327,7.383,7.383,0.147
S051,11,Q449,HAVING,0.677,0,0.158,0.849,7.541,0.0253
S051,12,Q412,LEFT JOIN,0.536,1,2.374,9.915,9.915,0.194
S051,13,Q298,TRIGGERS,0.632,0,3.63,13.545,13.545,0.1404
S051,14,Q234,HAVING,0.621,0,1.201,7.205,14.746,0.0
S051,15,Q420,INNER JOIN,0.385,0,1.051,8.414,15.797,0.0
S051,16,Q100,SUBQUERIES,0.627,0,0.177,15.974,15.974,0.2278
S051,17,Q251,TRIGGERS,0.583,0,0.102,2.53,16.076,0.0775
S051,18,Q495,TRIGGERS,0.746,0,1.62,1.62,17.696,0.0282
S051,19,Q336,RIGHT JOIN,0.557,0,0.204,17.899,17.899,0.1426
S051,20,Q130,INDEXING,0.534,0,2.061,19.96,19.96,0.1315
S051,21,Q222,VIEWS,0.416,0,2.444,22.404,22.404,0.0
S051,22,Q464,INNER JOIN,0.454,0,2.423,9.03,24.827,0.0
S051,23,Q312,WHERE,0.288,0,1.837,26.665,26.665,0.0
S051,24,Q173,SELECT,0.193,0,1.714,22.787,28.379,0.1461
S051,25,Q405,LEFT JOIN,0.648,0,1.896,20.359,30.274,0.0
S051,26,Q102,TRANSACTIONS,0.659,1,0.653,30.927,30.927,0.06
S051,27,Q049,HAVING,0.692,0,1.159,17.34,32.086,0.0
S051,28,Q455,FOREIGN KEY,0.309,0,14.244,46.329,46.329,0.0
S051,29,Q186,GROUP BY,0.402,1,0.479,40.311,46.809,0.06
S051,30,Q483,VIEWS,0.52,0,1.97,26.374,48.779,0.0
S051,31,Q148,SUBQUERIES,0.793,0,1.9,34.705,50.679,0.0
S051,32,Q403,UNION,0.464,0,3.228,53.907,53.907,0.0
S051,33,Q316,JOINS,0.535,0,3.2,57.107,57.107,0.0
S051,34,Q211,GROUP BY,0.403,0,1.7,11.998,58.807,0.0
S051,35,Q220,TRANSACTIONS,0.748,0,0.438,28.319,59.246,0.0
S051,36,Q211,GROUP BY,0.403,1,2.698,3.136,61.943,0.06
S051,37,Q448,GROUP BY,0.626,0,0.272,0.272,62.216,0.0309
S051,38,Q188,SUBQUERIES,0.835,0,0.51,12.047,62.726,0.0
S051,39,Q047,LEFT JOIN,0.482,0,1.292,33.743,64.018,0.0
S051,40,Q262,AGGREGATE FUNCTIONS,0.576,0,0.326,57.288,64.344,0.0
S051,41,Q355,NORMALIZATION,0.531,0,0.057,64.401,64.401,0.0
S051,42,Q295,SUBQUERIES,0.805,0,0.412,2.086,64.812,0.0
S051,43,Q379,JOINS,0.693,1,0.064,7.769,64.877,0.06
S051,44,Q364,WHERE,0.339,0,0.421,38.633,65.298,0.0
S051,45,Q173,SELECT,0.193,0,0.518,37.437,65.816,0.0
S051,46,Q056,GROUP BY,0.622,0,0.714,4.314,66.53,0.0
S051,47,Q084,GROUP BY,0.374,0,1.092,1.092,67.622,0.0
S051,48,Q209,STORED PROCEDURES,0.739,0,1.447,62.126,69.069,0.0
S051,49,Q307,VIEWS,0.44,0,0.746,21.036,69.815,0.0
S051,50,Q446,NORMALIZATION,0.718,1,2.567,7.981,72.382,0.06
S051,51,Q408,HAVING,0.471,0,6.874,47.17,79.256,0.0
S051,52,Q110,GROUP BY,0.62,0,3.694,15.329,82.95,0.0
S051,53,Q496,NORMALIZATION,0.716,0,0.337,10.906,83.287,0.0
S051,54,Q395,LEFT JOIN,0.643,0,2.139,21.408,85.426,0.0
S051,55,Q176,PRIMARY KEY,0.27,0,1.365,86.791,86.791,0.0
S051,56,Q248,JOINS,0.612,1,0.396,22.31,87.187,0.06
S051,57,Q337,FOREIGN KEY,0.341,0,1.72,42.577,88.906,0.0
S051,58,Q070,HAVING,0.608,0,0.516,10.166,89.422,0.0
S051,59,Q304,ORDER BY,0.33,0,2.869,92.291,92.291,0.0
S051,60,Q055,INNER JOIN,0.493,0,0.018,67.482,92.309,0.0
S051,61,Q371,JOINS,0.51,0,0.19,5.313,92.5,0.0
S051,62,Q255,RIGHT JOIN,0.673,1,0.921,75.521,93.421,0.06
S051,63,Q152,PRIMARY KEY,0.249,0,0.813,7.444,94.234,0.0
S051,64,Q371,JOINS,0.51,1,0.928,2.663,95.163,0.06
S051,65,Q436,PRIMARY KEY,0.38,0,4.301,5.23,99.464,0.0
S051,66,Q302,LEFT JOIN,0.407,0,1.359,15.397,100.823,0.0
S051,67,Q116,ORDER BY,0.363,1,0.03,8.562,100.853,0.06
S051,68,Q208,INNER JOIN,0.385,0,4.015,12.558,104.868,0.0
S051,69,Q094,TRANSACTIONS,0.694,0,0.11,45.732,104.978,0.0
S051,70,Q441,JOINS,0.52,1,1.157,10.973,106.136,0.06
S051,71,Q071,SUBQUERIES,0.651,0,0.979,42.302,107.114,0.0
S051,72,Q239,INNER JOIN,0.478,0,0.074,2.321,107.189,0.0
S051,73,Q394,UNION,0.411,1,2.301,55.582,109.49,0.06
S051,74,Q347,FOREIGN KEY,0.405,0,0.966,21.55,110.456,0.0
S051,75,Q357,INNER JOIN,0.447,0,0.446,3.713,110.902,0.0
S051,76,Q095,TRANSACTIONS,0.782,0,4.469,10.393,115.371,0.0
S051,77,Q142,STORED PROCEDURES,0.735,1,1.871,48.173,117.242,0.06
S051,78,Q104,UNION,0.517,0,1.704,9.456,118.946,0.0
S051,79,Q027,GROUP BY,0.405,0,1.537,37.532,120.482,0.0
S051,80,Q186,GROUP BY,0.402,0,0.376,0.376,120.858,0.0
S051,81,Q144,SUBQUERIES,0.813,0,2.622,16.365,123.48,0.0
S051,82,Q067,TRANSACTIONS,0.606,0,4.935,13.043,128.414,0.0
S051,83,Q420,INNER JOIN,0.385,0,1.641,19.153,130.055,0.0
S051,84,Q051,FOREIGN KEY,0.373,0,3.286,22.885,133.341,0.0
S051,85,Q017,INNER JOIN,0.354,0,0.519,3.806,133.861,0.0
S051,86,Q304,ORDER BY,0.33,1,1.8,34.808,135.661,0.06
S051,87,Q398,AGGREGATE FUNCTIONS,0.442,0,1.499,72.816,137.16,0.0
S051,88,Q389,HAVING,0.552,0,0.908,48.646,138.068,0.0
S051,89,Q442,NORMALIZATION,0.586,0,0.153,54.933,138.22,0.0
S051,90,Q127,WHERE,0.288,0,3.627,76.549,141.847,0.0
S051,91,Q131,ORDER BY,0.392,0,3.73,9.916,145.577,0.0
S051,92,Q150,PRIMARY KEY,0.22,0,4.288,50.401,149.865,0.0
S051,93,Q464,INNER JOIN,0.454,0,1.722,17.726,151.587,0.0
S051,94,Q473,RIGHT JOIN,0.495,0,0.75,58.915,152.336,0.0
S051,95,Q137,ORDER BY,0.445,0,0.433,7.192,152.769,0.0
S051,96,Q154,INDEXING,0.465,1,0.444,133.252,153.213,0.06
S051,97,Q258,SELECT,0.206,0,0.92,88.317,154.133,0.0
S051,98,Q123,TRIGGERS,0.741,0,1.761,138.198,155.894,0.0
S051,99,Q392,STORED PROCEDURES,0.686,1,0.684,39.336,156.577,0.06
S051,100,Q371,JOINS,0.51,0,0.421,50.863,156.998,0.0
S052,1,Q145,VIEWS,0.655,0,0.485,0.485,0.485,0.2251
S052,2,Q062,JOINS,0.537,0,1.804,2.289,2.289,0.3052
S052,3,Q375,TRIGGERS,0.555,1,0.228,2.517,2.517,0.3148
S052,4,Q025,LEFT JOIN,0.627,0,0.559,3.077,3.077,0.3935
S052,5,Q274,STORED PROCEDURES,0.63,0,0.633,3.71,3.71,0.2208
S052,6,Q140,STORED PROCEDURES,0.717,0,0.7,0.7,4.41,0.1853
S052,7,Q018,FOREIGN KEY,0.452,1,0.722,5.132,5.132,0.4769
S052,8,Q234,HAVING,0.621,0,0.32,5.452,5.452,0.313
S052,9,Q418,WHERE,0.336,1,1.575,7.027,7.027,0.3861
S052,10,Q087,JOINS,0.52,0,0.131,4.869,7.159,0.2071
S052,11,Q054,TRIGGERS,0.559,1,1.326,5.967,8.485,0.2853
S052,12,Q454,AGGREGATE FUNCTIONS,0.435,1,0.114,8.598,8.598,0.3673
S052,13,Q330,ORDER BY,0.419,0,1.034,9.633,9.633,0.0564
S052,14,Q487,SUBQUERIES,0.631,0,2.433,12.066,12.066,0.2424
S052,15,Q219,VIEWS,0.56,0,0.64,12.221,12.706,0.0168
S052,16,Q303,WHERE,0.319,0,3.337,9.015,16.043,0.2259
S052,17,Q013,NORMALIZATION,0.686,0,0.585,16.628,16.628,0.0
S052,18,Q375,TRIGGERS,0.555,0,0.532,8.675,17.159,0.1302
S052,19,Q235,AGGREGATE FUNCTIONS,0.512,0,2.228,10.789,19.387,0.1805
S052,20,Q186,GROUP BY,0.402,0,1.219,20.606,20.606,0.0
S052,21,Q194,VIEWS,0.66,1,0.258,8.158,20.864,0.06
S052,22,Q324,WHERE,0.282,0,0.224,5.046,21.088,0.1252
S052,23,Q201,AGGREGATE FUNCTIONS,0.359,0,0.92,2.621,22.008,0.1162
S052,24,Q083,JOINS,0.473,0,4.134,18.984,26.142,0.0
S052,25,Q364,WHERE,0.339,0,1.331,6.385,27.473,0.0045
S052,26,Q340,NORMALIZATION,0.688,1,0.302,11.147,27.775,0.06
S052,27,Q114,STORED PROCEDURES,0.598,1,3.892,27.257,31.667,0.06
S052,28,Q262,AGGREGATE FUNCTIONS,0.576,1,3.567,13.225,35.233,0.06
S052,29,Q206,SUBQUERIES,0.557,0,1.581,24.748,36.814,0.0
S052,30,Q346,NORMALIZATION,0.661,0,0.589,9.628,37.403,0.0
S052,31,Q436,PRIMARY KEY,0.38,0,0.015,37.417,37.417,0.0
S052,32,Q221,PRIMARY KEY,0.424,1,3.248,3.248,40.665,0.06
S052,33,Q359,UNION,0.42,0,0.566,41.231,41.231,0.0
S052,34,Q157,TRIGGERS,0.69,0,0.643,24.714,41.874,0.0
S052,35,Q482,WHERE,0.334,0,0.644,15.045,42.518,0.0
S052,36,Q285,SELECT,0.344,0,0.63,43.148,43.148,0.0
S052,37,Q280,JOINS,0.685,0,2.891,19.896,46.039,0.0
S052,38,Q125,JOINS,0.518,0,2.005,2.005,48.043,0.0
S052,39,Q095,TRANSACTIONS,0.782,0,3.322,51.366,51.366,0.0
S052,40,Q073,RIGHT JOIN,0.571,1,0.223,51.588,51.588,0.06
S052,41,Q018,FOREIGN KEY,0.452,0,0.462,46.918,52.05,0.0
S052,42,Q314,NORMALIZATION,0.631,0,0.231,14.878,52.281,0.0
S052,43,Q176,PRIMARY KEY,0.27,0,0.234,11.849,52.515,0.0
S052,44,Q289,WHERE,0.209,0,4.719,14.715,57.234,0.0
S052,45,Q373,AGGREGATE FUNCTIONS,0.326,0,2.339,24.339,59.572,0.0
S052,46,Q358,INNER JOIN,0.377,0,0.598,60.17,60.17,0.0
S052,47,Q023,NORMALIZATION,0.552,1,1.286,9.175,61.456,0.06
S052,48,Q321,SUBQUERIES,0.781,0,1.45,26.092,62.906,0.0
S052,49,Q179,ORDER BY,0.262,0,0.408,53.681,63.314,0.0
S052,50,Q063,UNION,0.406,0,0.527,22.61,63.84,0.0
S052,51,Q409,FOREIGN KEY,0.381,0,2.965,14.756,66.805,0.0
S052,52,Q219,VIEWS,0.56,0,0.073,46.015,66.879,0.0
S052,53,Q004,AGGREGATE FUNCTIONS,0.438,0,3.289,10.595,70.168,0.0
S052,54,Q457,SELECT,0.367,1,0.444,27.464,70.612,0.06
S052,55,Q181,FOREIGN KEY,0.273,0,0.284,4.091,70.896,0.0
S052,56,Q371,JOINS,0.51,0,2.033,24.886,72.93,0.0
S052,57,Q277,TRANSACTIONS,0.681,0,1.335,22.899,74.264,0.0
S052,58,Q288,VIEWS,0.651,0,0.354,7.74,74.619,0.0
S052,59,Q230,GROUP BY,0.634,0,1.705,55.717,76.324,0.0
S052,60,Q366,TRIGGERS,0.664,0,0.078,34.528,76.401,0.0
S052,61,Q396,SELECT,0.185,0,0.611,6.401,77.012,0.0
S052,62,Q121,VIEWS,0.492,0,4.374,6.768,81.387,0.0
S052,63,Q296,VIEWS,0.472,0,0.994,0.994,82.38,0.0
S052,64,Q220,TRANSACTIONS,0.748,0,3.759,11.875,86.139,0.0
S052,65,Q386,SELECT,0.334,0,1.279,10.406,87.419,0.0
S052,66,Q405,LEFT JOIN,0.648,0,0.878,85.22,88.297,0.0
S052,67,Q481,TRIGGERS,0.686,0,1.003,12.898,89.3,0.0
S052,68,Q315,WHERE,0.287,0,0.407,32.473,89.707,0.0
S052,69,Q154,INDEXING,0.465,0,4.068,93.775,93.775,0.0
S052,70,Q023,NORMALIZATION,0.552,0,3.78,36.099,97.555,0.0
S052,71,Q165,NORMALIZATION,0.71,0,2.702,2.702,100.257,0.0
S052,72,Q032,FOREIGN KEY,0.299,0,2.838,32.2,103.096,0.0
S052,73,Q407,ORDER BY,0.241,0,3.344,43.126,106.44,0.0
S052,74,Q077,HAVING,0.485,0,1.256,102.244,107.696,0.0
S052,75,Q007,WHERE,0.38,1,0.578,18.567,108.274,0.06
S052,76,Q398,AGGREGATE FUNCTIONS,0.442,0,1.103,39.209,109.377,0.0
S052,77,Q341,NORMALIZATION,0.653,0,5.021,14.14,114.398,0.0
S052,78,Q426,JOINS,0.626,0,0.169,41.637,114.567,0.0
S052,79,Q129,SELECT,0.199,1,1.894,29.043,116.461,0.06
S052,80,Q131,ORDER BY,0.392,1,5.04,15.061,121.501,0.06
S052,81,Q388,FOREIGN KEY,0.322,0,0.959,19.364,122.46,0.0
S052,82,Q320,SUBQUERIES,0.828,0,0.362,59.917,122.822,0.0
S052,83,Q415,SELECT,0.337,0,0.095,6.456,122.917,0.0
S052,84,Q500,GROUP BY,0.633,0,2.917,49.51,125.834,0.0
S052,85,Q089,RIGHT JOIN,0.546,1,0.745,74.991,126.579,0.06
S052,86,Q046,HAVING,0.619,0,0.797,19.68,127.376,0.0
S052,87,Q105,RIGHT JOIN,0.534,1,2.355,3.153,129.732,0.0727
S052,88,Q230,GROUP BY,0.634,0,1.009,4.906,130.74,0.0
S052,89,Q058,AGGREGATE FUNCTIONS,0.361,0,1.27,22.634,132.011,0.0
S052,90,Q067,TRANSACTIONS,0.606,0,1.056,46.927,133.067,0.0
S052,91,Q294,HAVING,0.618,0,0.268,5.958,133.334,0.0
S052,92,Q408,HAVING,0.471,0,0.924,0.924,134.258,0.0
S052,93,Q295,SUBQUERIES,0.805,1,0.84,12.276,135.098,0.06
S052,94,Q304,ORDER BY,0.33,0,1.191,14.788,136.289,0.0
S052,95,Q391,ORDER BY,0.213,0,0.735,0.735,137.024,0.0
S052,96,Q231,INDEXING,0.687,1,0.174,43.423,137.198,0.06
S052,97,Q255,RIGHT JOIN,0.673,0,0.257,7.724,137.455,0.0
S052,98,Q359,UNION,0.42,1,1.53,75.145,138.985,0.06
S052,99,Q187,HAVING,0.52,0,0.443,5.17,139.428,0.0
S052,100,Q338,FOREIGN KEY,0.333,0,2.126,19.093,141.553,0.0
S053,1,Q208,INNER JOIN,0.385,0,3.463,3.463,3.463,0.3282
S053,2,Q001,INNER JOIN,0.589,0,2.152,2.152,5.615,0.2709
S053,3,Q025,LEFT JOIN,0.627,0,6.583,12.198,12.198,0.1556
S053,4,Q348,FOREIGN KEY,0.366,0,0.676,12.874,12.874,0.1465
S053,5,Q234,HAVING,0.621,0,5.048,17.921,17.921,0.0316
S053,6,Q041,SELECT,0.301,0,1.75,19.671,19.671,0.1701
S053,7,Q198,TRIGGERS,0.796,0,0.445,20.116,20.116,0.0
S053,8,Q371,JOINS,0.51,0,0.467,20.583,20.583,0.0
S053,9,Q498,FOREIGN KEY,0.401,1,1.454,9.164,22.038,0.0691
S053,10,Q101,INDEXING,0.695,0,0.29,22.328,22.328,0.0
S053,11,Q294,HAVING,0.618,1,0.803,5.21,23.131,0.06
S053,12,Q420,INNER JOIN,0.385,0,1.22,18.737,24.352,0.0
S053,13,Q494,NORMALIZATION,0.671,1,3.323,27.674,27.674,0.06
S053,14,Q191,SELECT,0.285,0,2.72,10.724,30.395,0.0
S053,15,Q221,PRIMARY KEY,0.424,0,1.854,32.249,32.249,0.0
S053,16,Q380,JOINS,0.601,0,0.496,12.161,32.745,0.0
S053,17,Q184,HAVING,0.542,0,1.17,10.784,33.915,0.0
S053,18,Q155,TRIGGERS,0.651,0,5.853,19.652,39.768,0.0
S053,19,Q187,HAVING,0.52,0,0.248,6.101,40.016,0.0
S053,20,Q103,WHERE,0.449,0,1.555,41.572,41.572,0.0
S053,21,Q424,SELECT,0.283,0,1.266,12.443,42.837,0.0
S053,22,Q030,GROUP BY,0.529,1,0.958,43.795,43.795,0.06
S053,23,Q475,SELECT,0.227,1,1.933,2.891,45.729,0.06
S053,24,Q234,HAVING,0.621,0,0.392,6.104,46.12,0.0
S053,25,Q312,WHERE,0.288,0,0.944,5.493,47.064,0.0
S053,26,Q318,SUBQUERIES,0.809,0,4.148,51.212,51.212,0.0
S053,27,Q087,JOINS,0.52,1,0.571,19.039,51.783,0.06
S053,28,Q057,INNER JOIN,0.473,0,1.707,29.139,53.49,0.0
S053,29,Q256,ORDER BY,0.346,0,0.386,53.876,53.876,0.0
S053,30,Q232,PRIMARY KEY,0.433,0,3.294,24.92,57.17,0.0
S053,31,Q493,LEFT JOIN,0.431,0,0.348,45.32,57.518,0.0
S053,32,Q151,INNER JOIN,0.5,1,3.994,8.022,61.512,0.06
S053,33,Q157,TRIGGERS,0.69,0,0.901,22.645,62.413,0.0
S053,34,Q299,GROUP BY,0.419,0,0.847,19.465,63.26,0.0
S053,35,Q472,INNER JOIN,0.643,1,0.824,2.573,64.085,0.0814
S053,36,Q418,WHERE,0.336,1,0.321,17.341,64.405,0.06
S053,37,Q058,AGGREGATE FUNCTIONS,0.361,0,0.018,64.424,64.424,0.0
S053,38,Q154,INDEXING,0.465,0,2.308,44.403,66.731,0.0
S053,39,Q288,VIEWS,0.651,1,1.15,67.882,67.882,0.06
S053,40,Q402,AGGREGATE FUNCTIONS,0.582,0,1.224,4.682,69.106,0.0
S053,41,Q082,WHERE,0.333,0,1.835,6.535,70.94,0.0
S053,42,Q411,SUBQUERIES,0.668,0,0.54,20.268,71.48,0.0
S053,43,Q087,JOINS,0.52,0,2.257,21.954,73.737,0.0
S053,44,Q068,ORDER BY,0.202,0,1.381,21.242,75.118,0.0
S053,45,Q143,WHERE,0.264,1,0.02,4.197,75.138,0.06
S053,46,Q267,SELECT,0.307,1,0.97,30.379,76.108,0.06
S053,47,Q314,NORMALIZATION,0.631,0,2.425,50.858,78.533,0.0
S053,48,Q277,TRANSACTIONS,0.681,1,1.589,80.122,80.122,0.06
S053,49,Q186,GROUP BY,0.402,0,2.604,19.465,82.725,0.0
S053,50,Q239,INNER JOIN,0.478,0,1.285,19.925,84.01,0.0
S053,51,Q442,NORMALIZATION,0.586,0,0.43,5.908,84.441,0.0
S053,52,Q499,FOREIGN KEY,0.458,0,3.605,66.008,88.045,0.0
S053,53,Q070,HAVING,0.608,0,3.228,45.153,91.274,0.0
S053,54,Q117,RIGHT JOIN,0.503,1,0.561,91.835,91.835,0.06
S053,55,Q303,WHERE,0.319,0,2.688,19.385,94.523,0.0
S053,56,Q125,JOINS,0.518,1,0.07,20.856,94.593,0.06
S053,57,Q233,INNER JOIN,0.649,1,1.694,12.276,96.287,0.06
S053,58,Q481,TRIGGERS,0.686,0,1.857,35.731,98.144,0.0
S053,59,Q065,INNER JOIN,0.622,0,0.643,2.5,98.787,0.0
S053,60,Q256,ORDER BY,0.346,0,2.205,25.875,100.992,0.0
S053,61,Q246,VIEWS,0.684,0,1.227,34.338,102.22,0.0
S053,62,Q296,VIEWS,0.472,0,4.134,4.134,106.354,0.0
S053,63,Q500,GROUP BY,0.633,0,0.764,24.392,107.118,0.0
S053,64,Q124,FOREIGN KEY,0.397,0,0.161,19.233,107.278,0.0
S053,65,Q096,LEFT JOIN,0.516,0,0.175,49.935,107.453,0.0
S053,66,Q343,VIEWS,0.483,0,0.211,1.31,107.664,0.0
S053,67,Q478,VIEWS,0.411,0,4.548,4.548,112.211,0.0
S053,68,Q120,LEFT JOIN,0.655,0,0.669,5.427,112.88,0.0
S053,69,Q024,VIEWS,0.478,1,0.07,0.739,112.95,0.06
S053,70,Q226,TRANSACTIONS,0.672,0,0.416,33.245,113.366,0.0
S053,71,Q003,INNER JOIN,0.484,0,2.594,17.174,115.961,0.0
S053,72,Q071,SUBQUERIES,0.651,0,1.406,45.887,117.367,0.0
S053,73,Q468,INNER JOIN,0.4,0,1.88,3.286,119.247,0.0
S053,74,Q287,VIEWS,0.513,0,1.838,8.134,121.085,0.0
S053,75,Q412,LEFT JOIN,0.536,0,1.989,10.194,123.074,0.0
S053,76,Q271,UNION,0.382,0,0.093,123.166,123.166,0.0
S053,77,Q293,JOINS,0.674,0,1.173,29.747,124.34,0.0
S053,78,Q436,PRIMARY KEY,0.38,1,0.279,67.449,124.619,0.06
S053,79,Q045,WHERE,0.224,0,0.071,30.167,124.689,0.0
S053,80,Q214,INDEXING,0.488,0,0.772,58.73,125.461,0.0
S053,81,Q082,WHERE,0.333,1,0.08,0.852,125.541,0.06
S053,82,Q345,ORDER BY,0.246,0,0.589,25.138,126.13,0.0
S053,83,Q329,LEFT JOIN,0.609,0,1.906,4.962,128.035,0.0
S053,84,Q095,TRANSACTIONS,0.782,0,1.75,16.419,129.785,0.0
S053,85,Q112,INDEXING,0.48,1,0.311,4.634,130.096,0.06
S053,86,Q030,GROUP BY,0.529,0,1.247,24.225,131.343,0.0
S053,87,Q165,NORMALIZATION,0.71,0,0.618,47.52,131.961,0.0
S053,88,Q312,WHERE,0.288,1,1.255,7.674,133.215,0.06
S053,89,Q319,HAVING,0.639,0,2.34,44.282,135.555,0.0
S053,90,Q376,HAVING,0.695,1,1.112,1.112,136.667,0.06
S053,91,Q462,TRANSACTIONS,0.661,0,1.512,8.394,138.179,0.0
S053,92,Q428,SELECT,0.158,1,1.885,63.956,140.063,0.06
S053,93,Q358,INNER JOIN,0.377,0,0.299,21.116,140.363,0.0
S053,94,Q049,HAVING,0.692,1,5.812,9.507,146.174,0.06
S053,95,Q075,UNION,0.426,0,0.026,23.034,146.2,0.0
S053,96,Q314,NORMALIZATION,0.631,0,1.998,16.237,148.198,0.0
S053,97,Q396,SELECT,0.185,0,0.449,8.583,148.647,0.0
S053,98,Q106,TRIGGERS,0.768,0,0.439,50.942,149.086,0.0
S053,99,Q265,NORMALIZATION,0.689,0,1.601,2.489,150.687,0.0
S053,100,Q370,SELECT,0.152,0,0.736,2.776,151.423,0.0
S054,1,Q041,SELECT,0.301,1,1.51,1.51,1.51,0.3022
S054,2,Q314,NORMALIZATION,0.631,0,0.243,1.752,1.752,0.3122
S054,3,Q101,INDEXING,0.695,1,2.389,4.141,4.141,0.4254
S054,4,Q064,AGGREGATE FUNCTIONS,0.397,0,0.055,4.196,4.196,0.3503
S054,5,Q062,JOINS,0.537,0,1.575,5.772,5.772,0.1756
S054,6,Q026,JOINS,0.462,0,1.959,1.959,7.73,0.1212
S054,7,Q371,JOINS,0.51,1,4.513,4.513,12.243,0.1135
S054,8,Q379,JOINS,0.693,0,4.783,4.783,17.027,0.0168
S054,9,Q194,VIEWS,0.66,1,0.702,17.728,17.728,0.2203
S054,10,Q427,HAVING,0.634,0,0.01,17.738,17.738,0.1337
S054,11,Q406,HAVING,0.46,0,0.035,0.035,17.773,0.1082
S054,12,Q410,GROUP BY,0.445,1,2.058,19.831,19.831,0.1006
S054,13,Q425,INNER JOIN,0.522,0,1.379,21.21,21.21,0.0929
S054,14,Q066,SELECT,0.207,0,0.646,20.346,21.856,0.0
S054,15,Q470,AGGREGATE FUNCTIONS,0.49,0,0.017,17.677,21.873,0.0601
S054,16,Q216,HAVING,0.472,0,2.061,6.162,23.935,0.0
S054,17,Q337,FOREIGN KEY,0.341,1,0.941,24.876,24.876,0.1485
S054,18,Q116,ORDER BY,0.363,0,1.24,26.116,26.116,0.0419
S054,19,Q130,INDEXING,0.534,0,1.643,23.618,27.76,0.0461
S054,20,Q163,INNER JOIN,0.376,0,4.792,11.341,32.551,0.0
S054,21,Q236,NORMALIZATION,0.543,0,3.716,34.515,36.267,0.0
S054,22,Q106,TRIGGERS,0.768,1,0.645,36.912,36.912,0.06
S054,23,Q455,FOREIGN KEY,0.309,0,2.615,14.651,39.527,0.0
S054,24,Q177,INDEXING,0.605,0,0.704,12.472,40.231,0.0
S054,25,Q130,INDEXING,0.534,1,0.712,0.712,40.943,0.06
S054,26,Q080,HAVING,0.504,0,0.848,17.857,41.792,0.0
S054,27,Q469,SELECT,0.241,0,0.601,20.537,42.393,0.0
S054,28,Q225,FOREIGN KEY,0.419,0,0.818,3.683,43.21,0.0
S054,29,Q414,TRIGGERS,0.737,0,0.038,6.337,43.249,0.0
S054,30,Q041,SELECT,0.301,1,1.13,1.986,44.379,0.06
S054,31,Q210,GROUP BY,0.475,0,0.195,24.743,44.574,0.0
S054,32,Q325,AGGREGATE FUNCTIONS,0.474,1,1.089,23.79,45.663,0.06
S054,33,Q322,TRANSACTIONS,0.638,0,1.209,46.872,46.872,0.0
S054,34,Q427,HAVING,0.634,0,0.635,5.716,47.507,0.0
S054,35,Q015,ORDER BY,0.415,1,0.221,21.612,47.728,0.06
S054,36,Q262,AGGREGATE FUNCTIONS,0.576,0,0.284,2.349,48.012,0.0
S054,37,Q182,NORMALIZATION,0.512,0,5.052,16.797,53.065,0.0
S054,38,Q256,ORDER BY,0.346,1,0.07,5.406,53.134,0.06
S054,39,Q086,HAVING,0.59,0,1.811,7.438,54.945,0.0
S054,40,Q244,LEFT JOIN,0.512,1,0.907,55.852,55.852,0.06
S054,41,Q159,JOINS,0.491,0,1.13,39.955,56.982,0.0
S054,42,Q022,UNION,0.499,1,1.028,58.011,58.011,0.06
S054,43,Q288,VIEWS,0.651,0,0.424,40.706,58.435,0.0
S054,44,Q434,LEFT JOIN,0.445,0,2.262,4.844,60.697,0.0
S054,45,Q357,INNER JOIN,0.447,1,1.577,29.722,62.273,0.06
S054,46,Q036,NORMALIZATION,0.55,0,1.956,11.165,64.229,0.0
S054,47,Q031,INDEXING,0.548,0,4.484,27.771,68.714,0.0
S054,48,Q436,PRIMARY KEY,0.38,0,1.881,70.595,70.595,0.0
S054,49,Q329,LEFT JOIN,0.609,0,0.424,10.323,71.02,0.0
S054,50,Q253,STORED PROCEDURES,0.691,0,0.88,71.9,71.9,0.0
S054,51,Q009,SELECT,0.226,1,2.292,29.813,74.192,0.06
S054,52,Q173,SELECT,0.193,0,0.451,0.451,74.644,0.0282
S054,53,Q458,TRIGGERS,0.727,0,1.784,33.179,76.428,0.0
S054,54,Q086,HAVING,0.59,0,0.373,21.855,76.8,0.0
S054,55,Q167,PRIMARY KEY,0.442,0,0.441,6.646,77.242,0.0
S054,56,Q089,RIGHT JOIN,0.546,0,0.594,77.835,77.835,0.0
S054,57,Q399,JOINS,0.524,1,2.629,23.482,80.464,0.06
S054,58,Q140,STORED PROCEDURES,0.717,1,0.637,9.202,81.102,0.06
S054,59,Q481,TRIGGERS,0.686,0,0.258,4.932,81.36,0.0
S054,60,Q100,SUBQUERIES,0.627,0,1.902,83.261,83.261,0.0
S054,61,Q017,INNER JOIN,0.354,1,1.685,22.673,84.946,0.06
S054,62,Q116,ORDER BY,0.363,0,0.197,32.009,85.143,0.0
S054,63,Q229,TRANSACTIONS,0.702,0,2.729,41.0,87.872,0.0
S054,64,Q254,TRANSACTIONS,0.536,1,0.607,0.607,88.479,0.06
S054,65,Q456,FOREIGN KEY,0.297,0,0.985,46.254,89.465,0.0
S054,66,Q339,RIGHT JOIN,0.478,1,2.543,14.172,92.007,0.06
S054,67,Q007,WHERE,0.38,0,1.257,93.264,93.264,0.0
S054,68,Q088,INDEXING,0.69,0,0.277,24.828,93.542,0.0
S054,69,Q311,INNER JOIN,0.391,0,0.129,8.724,93.67,0.0
S054,70,Q187,HAVING,0.52,1,0.994,17.864,94.664,0.06
S054,71,Q108,SELECT,0.311,0,2.34,22.361,97.005,0.0
S054,72,Q349,PRIMARY KEY,0.216,0,0.002,19.765,97.007,0.0
S054,73,Q347,FOREIGN KEY,0.405,0,5.084,12.626,102.091,0.0
S054,74,Q012,INDEXING,0.52,0,0.358,8.907,102.449,0.0
S054,75,Q328,INDEXING,0.642,0,0.272,0.272,102.721,0.0
S054,76,Q095,TRANSACTIONS,0.782,1,1.304,15.545,104.024,0.06
S054,77,Q444,PRIMARY KEY,0.235,0,0.619,7.637,104.643,0.0
S054,78,Q270,INDEXING,0.717,0,1.018,2.94,105.661,0.0
S054,79,Q223,RIGHT JOIN,0.704,0,1.877,15.531,107.538,0.0
S054,80,Q174,SELECT,0.261,1,0.097,10.631,107.636,0.06
S054,81,Q479,INDEXING,0.619,0,1.345,3.32,108.981,0.0
S054,82,Q492,ORDER BY,0.258,0,0.108,23.946,109.089,0.0
S054,83,Q118,GROUP BY,0.421,0,0.871,65.385,109.96,0.0
S054,84,Q159,JOINS,0.491,0,0.923,30.418,110.882,0.0
S054,85,Q463,AGGREGATE FUNCTIONS,0.577,1,0.983,63.853,111.865,0.06
S054,86,Q470,AGGREGATE FUNCTIONS,0.49,0,0.887,0.887,112.753,0.0217
S054,87,Q344,SELECT,0.171,1,2.321,7.437,115.073,0.06
S054,88,Q071,SUBQUERIES,0.651,1,0.784,32.596,115.857,0.06
S054,89,Q438,GROUP BY,0.565,0,0.867,6.765,116.724,0.0
S054,90,Q371,JOINS,0.51,1,3.81,9.652,120.534,0.06
S054,91,Q228,HAVING,0.488,0,1.496,27.366,122.031,0.0
S054,92,Q246,VIEWS,0.684,0,2.708,66.304,124.738,0.0
S054,93,Q158,VIEWS,0.411,0,1.506,1.506,126.245,0.0
S054,94,Q083,JOINS,0.473,0,0.75,6.461,126.995,0.0
S054,95,Q253,STORED PROCEDURES,0.691,0,0.898,46.792,127.894,0.0
S054,96,Q438,GROUP BY,0.565,0,6.336,17.505,134.229,0.0
S054,97,Q352,AGGREGATE FUNCTIONS,0.46,0,7.219,28.696,141.449,0.0
S054,98,Q261,NORMALIZATION,0.767,0,0.588,77.808,142.037,0.0
S054,99,Q167,PRIMARY KEY,0.442,0,0.724,38.118,142.761,0.0
S054,100,Q421,JOINS,0.5,0,3.742,19.508,146.503,0.0
S055,1,Q106,TRIGGERS,0.768,0,1.531,1.531,1.531,0.208
S055,2,Q254,TRANSACTIONS,0.536,0,1.074,2.605,2.605,0.1641
S055,3,Q461,RIGHT JOIN,0.484,1,2.161,4.766,4.766,0.2916
S055,4,Q143,WHERE,0.264,1,3.498,8.264,8.264,0.2127
S055,5,Q344,SELECT,0.171,0,3.787,12.051,12.051,0.0427
S055,6,Q142,STORED PROCEDURES,0.735,0,0.532,12.584,12.584,0.0449
S055,7,Q294,HAVING,0.618,0,4.592,17.176,17.176,0.1426
S055,8,Q041,SELECT,0.301,1,0.167,5.292,17.344,0.06
S055,9,Q110,GROUP BY,0.62,0,1.933,19.277,19.277,0.0539
S055,10,Q430,SUBQUERIES,0.653,0,1.055,20.332,20.332,0.0
S055,11,Q063,UNION,0.406,0,0.01,20.342,20.342,0.1094
S055,12,Q241,STORED PROCEDURES,0.818,1,0.703,8.461,21.045,0.06
S055,13,Q164,PRIMARY KEY,0.249,1,0.86,21.905,21.905,0.06
S055,14,Q479,INDEXING,0.619,0,0.68,22.584,22.584,0.0
S055,15,Q189,GROUP BY,0.364,1,6.056,9.364,28.641,0.06
S055,16,Q284,HAVING,0.408,0,1.584,13.048,30.225,0.0
S055,17,Q099,STORED PROCEDURES,0.827,0,6.568,15.748,36.793,0.0
S055,18,Q469,SELECT,0.241,0,2.232,21.68,39.024,0.0
S055,19,Q063,UNION,0.406,0,0.344,19.027,39.368,0.0
S055,20,Q483,VIEWS,0.52,0,0.363,39.732,39.732,0.0
S055,21,Q017,INNER JOIN,0.354,0,0.356,40.088,40.088,0.0
S055,22,Q202,PRIMARY KEY,0.254,0,1.111,19.294,41.199,0.0
S055,23,Q481,TRIGGERS,0.686,0,0.801,40.468,42.0,0.0
S055,24,Q355,NORMALIZATION,0.531,0,1.275,43.275,43.275,0.0
S055,25,Q045,WHERE,0.224,1,1.272,36.283,44.547,0.06
S055,26,Q395,LEFT JOIN,0.643,0,4.507,49.054,49.054,0.0
S055,27,Q045,WHERE,0.224,0,0.443,4.95,49.497,0.0
S055,28,Q243,HAVING,0.47,0,0.99,20.263,50.488,0.0
S055,29,Q473,RIGHT JOIN,0.495,1,1.567,47.289,52.054,0.06
S055,30,Q420,INNER JOIN,0.385,0,0.475,12.442,52.53,0.0
S055,31,Q465,WHERE,0.43,0,0.672,3.705,53.202,0.0
S055,32,Q317,NORMALIZATION,0.619,0,0.755,10.683,53.958,0.0
S055,33,Q097,STORED PROCEDURES,0.801,1,0.231,17.396,54.188,0.06
S055,34,Q310,WHERE,0.401,0,2.594,3.581,56.783,0.0
S055,35,Q375,TRIGGERS,0.555,0,0.274,15.058,57.057,0.0
S055,36,Q409,FOREIGN KEY,0.381,1,1.035,58.092,58.092,0.06
S055,37,Q044,RIGHT JOIN,0.637,0,0.364,6.402,58.457,0.0
S055,38,Q381,WHERE,0.339,0,0.591,2.265,59.048,0.0
S055,39,Q351,NORMALIZATION,0.753,0,1.265,6.355,60.312,0.0
S055,40,Q277,TRANSACTIONS,0.681,0,3.076,60.783,63.388,0.0
S055,41,Q266,FOREIGN KEY,0.324,0,1.74,7.036,65.128,0.0
S055,42,Q228,HAVING,0.488,1,0.038,14.678,65.165,0.06
S055,43,Q250,INNER JOIN,0.477,0,2.707,15.342,67.872,0.0
S055,44,Q056,GROUP BY,0.622,0,0.391,39.622,68.263,0.0
S055,45,Q315,WHERE,0.287,1,0.753,9.968,69.016,0.06
S055,46,Q143,WHERE,0.264,0,0.643,0.643,69.659,0.0254
S055,47,Q017,INNER JOIN,0.354,1,1.818,3.604,71.476,0.06
S055,48,Q204,TRIGGERS,0.735,0,1.429,15.848,72.905,0.0
S055,49,Q102,TRANSACTIONS,0.659,1,4.707,14.224,77.613,0.06
S055,50,Q104,UNION,0.517,1,0.754,38.998,78.367,0.06
S055,51,Q171,HAVING,0.455,1,6.247,19.448,84.613,0.06
S055,52,Q452,RIGHT JOIN,0.577,0,0.47,26.626,85.083,0.0
S055,53,Q331,STORED PROCEDURES,0.731,0,2.74,33.634,87.823,0.0
S055,54,Q430,SUBQUERIES,0.653,1,1.014,68.505,88.837,0.06
S055,55,Q496,NORMALIZATION,0.716,0,0.202,28.727,89.039,0.0
S055,56,Q163,INNER JOIN,0.376,1,2.289,19.852,91.328,0.06
S055,57,Q377,JOINS,0.519,1,0.09,91.418,91.418,0.06
S055,58,Q064,AGGREGATE FUNCTIONS,0.397,1,0.125,91.543,91.543,0.06
S055,59,Q484,JOINS,0.63,0,0.968,1.092,92.51,0.0186
S055,60,Q321,SUBQUERIES,0.781,0,2.017,5.691,94.528,0.0
S055,61,Q054,TRIGGERS,0.559,0,0.702,22.324,95.23,0.0
S055,62,Q400,VIEWS,0.655,1,0.984,56.483,96.214,0.06
S055,63,Q048,ORDER BY,0.318,1,2.425,98.639,98.639,0.06
S055,64,Q414,TRIGGERS,0.737,1,4.674,8.083,103.313,0.06
S055,65,Q487,SUBQUERIES,0.631,0,0.464,9.249,103.777,0.0
S055,66,Q352,AGGREGATE FUNCTIONS,0.46,0,0.873,13.107,104.65,0.0
S055,67,Q242,WHERE,0.22,1,0.397,35.389,105.047,0.06
S055,68,Q188,SUBQUERIES,0.835,1,1.995,3.266,107.042,0.06
S055,69,Q166,LEFT JOIN,0.618,1,0.971,58.96,108.013,0.06
S055,70,Q268,ORDER BY,0.425,0,1.142,10.516,109.156,0.0
S055,71,Q285,SELECT,0.344,0,3.463,73.595,112.619,0.0
S055,72,Q246,VIEWS,0.684,1,2.94,19.345,115.56,0.06
S055,73,Q493,LEFT JOIN,0.431,0,2.257,9.803,117.816,0.0
S055,74,Q079,WHERE,0.326,0,1.157,13.926,118.974,0.0
S055,75,Q107,ORDER BY,0.414,0,0.33,10.147,119.303,0.0
S055,76,Q246,VIEWS,0.684,0,0.369,4.113,119.673,0.0
S055,77,Q240,LEFT JOIN,0.422,1,0.005,1.861,119.677,0.06
S055,78,Q315,WHERE,0.287,1,0.303,1.007,119.98,0.06
S055,79,Q491,LEFT JOIN,0.408,1,0.7,1.003,120.68,0.105
S055,80,Q279,FOREIGN KEY,0.269,1,1.718,57.27,122.398,0.06
S055,81,Q101,INDEXING,0.695,0,5.395,105.209,127.793,0.0
S055,82,Q435,NORMALIZATION,0.623,0,1.057,39.812,128.851,0.0
S055,83,Q232,PRIMARY KEY,0.433,0,1.623,89.275,130.474,0.0
S055,84,Q086,HAVING,0.59,0,2.441,48.302,132.915,0.0
S055,85,Q412,LEFT JOIN,0.536,0,2.325,14.56,135.24,0.0
S055,86,Q117,RIGHT JOIN,0.503,1,1.246,51.404,136.487,0.06
S055,87,Q196,STORED PROCEDURES,0.722,0,1.859,50.523,138.346,0.0
S055,88,Q284,HAVING,0.408,0,1.195,6.626,139.541,0.0
S055,89,Q126,LEFT JOIN,0.589,0,0.165,4.465,139.705,0.0
S055,90,Q110,GROUP BY,0.62,0,0.566,72.009,140.272,0.0
S055,91,Q023,NORMALIZATION,0.552,0,1.824,13.245,142.096,0.0
S055,92,Q146,RIGHT JOIN,0.661,0,1.023,6.632,143.118,0.0
S055,93,Q031,INDEXING,0.548,0,0.266,15.591,143.385,0.0
S055,94,Q081,SELECT,0.21,0,4.667,35.433,148.052,0.0
S055,95,Q436,PRIMARY KEY,0.38,0,0.117,17.696,148.17,0.0
S055,96,Q314,NORMALIZATION,0.631,0,0.614,6.688,148.784,0.0
S055,97,Q266,FOREIGN KEY,0.324,0,0.508,26.893,149.292,0.0
S055,98,Q402,AGGREGATE FUNCTIONS,0.582,0,3.487,48.128,152.778,0.0
S055,99,Q075,UNION,0.426,0,0.103,74.515,152.882,0.0
S055,100,Q046,HAVING,0.619,1,3.213,16.554,156.095,0.06
S056,1,Q156,WHERE,0.223,1,0.628,0.628,0.628,0.4778
S056,2,Q136,VIEWS,0.566,1,0.11,0.738,0.738,0.4284
S056,3,Q445,STORED PROCEDURES,0.733,1,2.675,3.413,3.413,0.2188
S056,4,Q396,SELECT,0.185,0,1.319,4.732,4.732,0.211
S056,5,Q017,INNER JOIN,0.354,0,1.135,5.867,5.867,0.3561
S056,6,Q419,LEFT JOIN,0.469,0,2.551,8.418,8.418,0.2048
S056,7,Q085,VIEWS,0.618,1,2.332,10.011,10.749,0.3382
S056,8,Q098,AGGREGATE FUNCTIONS,0.402,0,1.073,11.823,11.823,0.0475
S056,9,Q392,STORED PROCEDURES,0.686,1,0.195,8.604,12.017,0.1498
S056,10,Q143,WHERE,0.264,1,1.198,12.586,13.215,0.349
S056,11,Q484,JOINS,0.63,0,3.437,16.652,16.652,0.0
S056,12,Q486,INNER JOIN,0.576,0,1.922,12.707,18.574,0.1405
S056,13,Q311,INNER JOIN,0.391,0,0.147,0.147,18.721,0.1133
S056,14,Q137,ORDER BY,0.445,1,2.9,21.621,21.621,0.06
S056,15,Q364,WHERE,0.339,0,3.501,11.908,25.123,0.1454
S056,16,Q335,JOINS,0.436,0,1.505,9.976,26.628,0.0
S056,17,Q016,INNER JOIN,0.401,1,0.229,8.135,26.857,0.06
S056,18,Q209,STORED PROCEDURES,0.739,1,0.707,15.547,27.564,0.06
S056,19,Q241,STORED PROCEDURES,0.818,0,0.909,0.909,28.473,0.0214
S056,20,Q345,ORDER BY,0.246,1,1.837,8.689,30.31,0.06
S056,21,Q377,JOINS,0.519,0,0.188,3.87,30.498,0.0
S056,22,Q415,SELECT,0.337,0,0.502,26.269,31.001,0.0
S056,23,Q358,INNER JOIN,0.377,1,3.183,7.327,34.184,0.06
S056,24,Q018,FOREIGN KEY,0.452,0,0.714,34.898,34.898,0.0
S056,25,Q347,FOREIGN KEY,0.405,0,1.894,1.894,36.791,0.0
S056,26,Q341,NORMALIZATION,0.653,0,1.649,38.44,38.44,0.0
S056,27,Q368,WHERE,0.261,1,1.255,14.572,39.695,0.06
S056,28,Q450,LEFT JOIN,0.595,0,1.104,32.382,40.799,0.0
S056,29,Q128,SELECT,0.294,0,0.255,10.053,41.054,0.0
S056,30,Q097,STORED PROCEDURES,0.801,0,0.44,13.022,41.494,0.0
S056,31,Q231,INDEXING,0.687,0,2.161,43.655,43.655,0.0
S056,32,Q049,HAVING,0.692,0,1.163,44.818,44.818,0.0
S056,33,Q322,TRANSACTIONS,0.638,1,1.593,46.411,46.411,0.06
S056,34,Q327,INDEXING,0.496,0,0.392,3.149,46.804,0.0
S056,35,Q076,WHERE,0.378,0,2.861,9.969,49.665,0.0
S056,36,Q017,INNER JOIN,0.354,0,1.827,17.307,51.491,0.0
S056,37,Q495,TRIGGERS,0.746,0,1.399,52.89,52.89,0.0
S056,38,Q053,SUBQUERIES,0.682,0,2.977,55.868,55.868,0.0
S056,39,Q200,SELECT,0.313,0,1.323,16.136,57.19,0.0
S056,40,Q050,ORDER BY,0.39,1,1.72,28.6,58.91,0.06
S056,41,Q445,STORED PROCEDURES,0.733,0,3.148,20.564,62.058,0.0
S056,42,Q199,UNION,0.466,0,1.269,63.327,63.327,0.0
S056,43,Q160,AGGREGATE FUNCTIONS,0.338,0,4.263,55.768,67.59,0.0
S056,44,Q352,AGGREGATE FUNCTIONS,0.46,0,0.075,0.075,67.666,0.0
S056,45,Q128,SELECT,0.294,1,0.604,11.079,68.27,0.06
S056,46,Q246,VIEWS,0.684,1,1.453,58.973,69.723,0.06
S056,47,Q087,JOINS,0.52,0,1.988,41.213,71.711,0.0
S056,48,Q138,TRANSACTIONS,0.588,0,1.063,26.363,72.775,0.0
S056,49,Q282,WHERE,0.221,0,0.467,23.577,73.241,0.0
S056,50,Q131,ORDER BY,0.392,0,0.628,14.959,73.869,0.0
S056,51,Q201,AGGREGATE FUNCTIONS,0.359,0,0.268,6.472,74.137,0.0
S056,52,Q098,AGGREGATE FUNCTIONS,0.402,0,0.705,0.705,74.843,0.0
S056,53,Q378,AGGREGATE FUNCTIONS,0.56,1,0.45,0.45,75.292,0.06
S056,54,Q027,GROUP BY,0.405,1,0.225,75.517,75.517,0.06
S056,55,Q014,UNION,0.504,0,0.682,12.871,76.199,0.0
S056,56,Q473,RIGHT JOIN,0.495,0,2.186,78.385,78.385,0.0
S056,57,Q207,WHERE,0.265,0,4.206,9.35,82.591,0.0
S056,58,Q085,VIEWS,0.618,1,1.479,14.347,84.07,0.06
S056,59,Q228,HAVING,0.488,1,1.548,40.8,85.618,0.06
S056,60,Q463,AGGREGATE FUNCTIONS,0.577,1,0.478,10.803,86.096,0.06
S056,61,Q291,JOINS,0.608,1,0.339,14.723,86.434,0.06
S056,62,Q187,HAVING,0.52,0,1.032,1.848,87.466,0.0073
S056,63,Q143,WHERE,0.264,0,2.02,6.895,89.486,0.0
S056,64,Q055,INNER JOIN,0.493,0,0.556,38.551,90.042,0.0
S056,65,Q476,TRIGGERS,0.613,0,0.406,37.557,90.448,0.0
S056,66,Q339,RIGHT JOIN,0.478,0,5.281,17.344,95.729,0.0
S056,67,Q070,HAVING,0.608,1,1.79,10.052,97.518,0.06
S056,68,Q059,PRIMARY KEY,0.219,1,0.061,97.579,97.579,0.06
S056,69,Q255,RIGHT JOIN,0.673,0,3.509,5.359,101.088,0.0
S056,70,Q078,VIEWS,0.48,0,2.964,19.982,104.052,0.0
S056,71,Q124,FOREIGN KEY,0.397,1,4.623,71.884,108.675,0.06
S056,72,Q206,SUBQUERIES,0.557,0,2.498,55.306,111.174,0.0
S056,73,Q358,INNER JOIN,0.377,1,0.495,21.627,111.669,0.06
S056,74,Q241,STORED PROCEDURES,0.818,1,0.424,50.035,112.093,0.06
S056,75,Q436,PRIMARY KEY,0.38,0,1.192,15.706,113.285,0.0
S056,76,Q156,WHERE,0.223,0,2.803,26.602,116.088,0.0
S056,77,Q138,TRANSACTIONS,0.588,0,1.623,44.937,117.711,0.0
S056,78,Q143,WHERE,0.264,0,1.238,2.862,118.95,0.0
S056,79,Q262,AGGREGATE FUNCTIONS,0.576,0,3.298,36.152,122.248,0.0
S056,80,Q423,TRANSACTIONS,0.738,0,0.053,4.59,122.301,0.0
S056,81,Q330,ORDER BY,0.419,1,0.72,49.152,123.021,0.06
S056,82,Q308,NORMALIZATION,0.626,0,2.535,87.116,125.556,0.0
S056,83,Q441,JOINS,0.52,0,1.41,40.532,126.966,0.0
S056,84,Q048,ORDER BY,0.318,0,1.489,5.434,128.455,0.0
S056,85,Q166,LEFT JOIN,0.618,0,0.147,87.803,128.602,0.0
S056,86,Q484,JOINS,0.63,0,0.735,2.371,129.337,0.0
S056,87,Q493,LEFT JOIN,0.431,0,0.949,1.684,130.286,0.0
S056,88,Q182,NORMALIZATION,0.512,0,0.173,4.902,130.459,0.0
S056,89,Q181,FOREIGN KEY,0.273,0,2.434,24.217,132.893,0.0
S056,90,Q458,TRIGGERS,0.727,1,1.186,43.631,134.078,0.06
S056,91,Q350,TRIGGERS,0.764,1,0.621,0.621,134.699,0.1107
S056,92,Q175,INDEXING,0.505,0,0.033,87.928,134.732,0.0
S056,93,Q027,GROUP BY,0.405,1,0.228,59.443,134.96,0.06
S056,94,Q122,INDEXING,0.478,0,1.537,1.765,136.497,0.0
S056,95,Q150,PRIMARY KEY,0.22,1,0.364,23.575,136.86,0.06
S056,96,Q196,STORED PROCEDURES,0.722,0,1.783,26.551,138.644,0.0
S056,97,Q001,INNER JOIN,0.589,0,3.683,30.658,142.327,0.0
S056,98,Q108,SELECT,0.311,0,1.563,75.62,143.89,0.0
S056,99,Q030,GROUP BY,0.529,0,0.342,9.272,144.232,0.0
S056,100,Q352,AGGREGATE FUNCTIONS,0.46,0,0.856,22.839,145.087,0.0
S057,1,Q397,RIGHT JOIN,0.678,1,4.053,4.053,4.053,0.4957
S057,2,Q126,LEFT JOIN,0.589,0,0.054,4.107,4.107,0.2093
S057,3,Q190,SUBQUERIES,0.738,0,3.376,7.484,7.484,0.2084
S057,4,Q059,PRIMARY KEY,0.219,1,0.016,7.499,7.499,0.2444
S057,5,Q281,HAVING,0.584,1,4.748,12.248,12.248,0.3333
S057,6,Q500,GROUP BY,0.633,0,0.001,12.249,12.249,0.2816
S057,7,Q135,HAVING,0.678,0,1.433,1.434,13.682,0.2868
S057,8,Q093,ORDER BY,0.402,0,0.405,14.087,14.087,0.2033
S057,9,Q477,TRIGGERS,0.655,0,1.164,15.251,15.251,0.0
S057,10,Q193,INDEXING,0.643,0,0.918,16.169,16.169,0.1293
S057,11,Q061,WHERE,0.356,1,1.448,17.617,17.617,0.0897
S057,12,Q340,NORMALIZATION,0.688,1,2.273,19.89,19.89,0.2556
S057,13,Q302,LEFT JOIN,0.407,1,1.118,16.901,21.008,0.06
S057,14,Q121,VIEWS,0.492,0,0.141,21.149,21.149,0.0
S057,15,Q092,GROUP BY,0.355,0,0.514,9.414,21.663,0.1154
S057,16,Q377,JOINS,0.519,1,4.069,25.732,25.732,0.06
S057,17,Q285,SELECT,0.344,1,1.039,26.771,26.771,0.1045
S057,18,Q124,FOREIGN KEY,0.397,1,2.671,29.442,29.442,0.1175
S057,19,Q415,SELECT,0.337,0,0.505,3.176,29.947,0.0319
S057,20,Q423,TRANSACTIONS,0.738,0,2.098,32.045,32.045,0.0
S057,21,Q435,NORMALIZATION,0.623,0,0.053,12.208,32.098,0.0475
S057,22,Q218,ORDER BY,0.226,1,2.055,20.067,34.154,0.06
S057,23,Q363,NORMALIZATION,0.675,0,0.671,2.726,34.825,0.0
S057,24,Q147,INDEXING,0.616,0,0.762,19.418,35.587,0.0
S057,25,Q063,UNION,0.406,0,0.489,36.076,36.076,0.0
S057,26,Q323,WHERE,0.355,0,0.375,18.834,36.451,0.0
S057,27,Q134,ORDER BY,0.387,0,7.751,10.048,44.201,0.0
S057,28,Q358,INNER JOIN,0.377,0,1.279,45.481,45.481,0.0
S057,29,Q331,STORED PROCEDURES,0.731,0,0.602,46.083,46.083,0.0
S057,30,Q080,HAVING,0.504,0,2.206,34.607,48.289,0.0
S057,31,Q414,TRIGGERS,0.737,0,0.704,33.741,48.993,0.0
S057,32,Q229,TRANSACTIONS,0.702,0,4.559,21.506,53.551,0.0
S057,33,Q361,GROUP BY,0.457,0,0.52,32.409,54.071,0.0
S057,34,Q246,VIEWS,0.684,1,1.805,34.727,55.876,0.06
S057,35,Q232,PRIMARY KEY,0.433,1,0.871,49.247,56.747,0.06
S057,36,Q476,TRIGGERS,0.613,1,1.662,9.417,58.409,0.06
S057,37,Q177,INDEXING,0.605,0,0.046,22.868,58.455,0.0
S057,38,Q286,STORED PROCEDURES,0.846,0,1.057,13.429,59.512,0.0
S057,39,Q495,TRIGGERS,0.746,0,0.714,1.817,60.226,0.0077
S057,40,Q091,ORDER BY,0.348,1,0.61,16.634,60.836,0.06
S057,41,Q335,JOINS,0.436,0,1.958,37.062,62.794,0.0
S057,42,Q017,INNER JOIN,0.354,0,1.193,18.506,63.987,0.0
S057,43,Q147,INDEXING,0.616,0,5.029,10.561,69.016,0.0
S057,44,Q344,SELECT,0.171,1,5.31,44.378,74.326,0.06
S057,45,Q352,AGGREGATE FUNCTIONS,0.46,1,0.661,74.987,74.987,0.06
S057,46,Q327,INDEXING,0.496,0,0.836,6.808,75.823,0.0
S057,47,Q183,FOREIGN KEY,0.495,0,0.743,47.124,76.567,0.0
S057,48,Q432,NORMALIZATION,0.754,0,1.909,43.651,78.475,0.0
S057,49,Q445,STORED PROCEDURES,0.733,0,1.799,20.762,80.274,0.0
S057,50,Q486,INNER JOIN,0.576,0,5.551,21.838,85.826,0.0
S057,51,Q276,VIEWS,0.484,0,0.375,30.325,86.201,0.0
S057,52,Q220,TRANSACTIONS,0.748,0,0.359,33.009,86.56,0.0
S057,53,Q434,LEFT JOIN,0.445,0,0.001,65.553,86.562,0.0
S057,54,Q472,INNER JOIN,0.643,0,0.108,0.844,86.669,0.0
S057,55,Q292,HAVING,0.7,0,0.917,39.297,87.586,0.0
S057,56,Q221,PRIMARY KEY,0.424,0,0.778,31.617,88.364,0.0
S057,57,Q436,PRIMARY KEY,0.38,1,0.155,0.155,88.519,0.06
S057,58,Q370,SELECT,0.152,0,0.352,14.545,88.871,0.0
S057,59,Q237,SUBQUERIES,0.801,0,0.721,82.108,89.592,0.0
S057,60,Q167,PRIMARY KEY,0.442,0,0.711,1.783,90.302,0.0082
S057,61,Q257,VIEWS,0.425,1,2.024,6.125,92.326,0.06
S057,62,Q141,ORDER BY,0.343,0,0.711,32.201,93.037,0.0
S057,63,Q007,WHERE,0.38,0,2.089,58.675,95.126,0.0
S057,64,Q178,HAVING,0.584,1,0.213,7.753,95.339,0.06
S057,65,Q154,INDEXING,0.465,0,0.409,19.925,95.748,0.0
S057,66,Q044,RIGHT JOIN,0.637,1,1.156,92.851,96.904,0.06
S057,67,Q322,TRANSACTIONS,0.638,0,0.28,10.624,97.184,0.0
S057,68,Q106,TRIGGERS,0.768,1,1.26,38.218,98.444,0.06
S057,69,Q079,WHERE,0.326,0,3.502,6.821,101.946,0.0
S057,70,Q040,LEFT JOIN,0.619,1,1.419,16.804,103.365,0.06
S057,71,Q015,ORDER BY,0.415,0,0.146,10.475,103.512,0.0
S057,72,Q013,NORMALIZATION,0.686,0,0.365,25.401,103.876,0.0
S057,73,Q043,RIGHT JOIN,0.724,0,1.221,8.193,105.098,0.0
S057,74,Q350,TRIGGERS,0.764,0,1.15,7.804,106.248,0.0
S057,75,Q030,GROUP BY,0.529,1,0.767,52.944,107.015,0.06
S057,76,Q094,TRANSACTIONS,0.694,1,0.015,9.845,107.03,0.06
S057,77,Q387,UNION,0.384,0,3.25,74.204,110.28,0.0
S057,78,Q214,INDEXING,0.488,0,0.152,14.684,110.432,0.0
S057,79,Q182,NORMALIZATION,0.512,1,1.251,7.807,111.683,0.06
S057,80,Q387,UNION,0.384,0,0.369,1.772,112.052,0.0
S057,81,Q203,FOREIGN KEY,0.255,1,2.086,37.572,114.138,0.06
S057,82,Q388,FOREIGN KEY,0.322,1,1.037,1.037,115.175,0.1044
S057,83,Q178,HAVING,0.584,0,3.435,23.271,118.61,0.0
S057,84,Q487,SUBQUERIES,0.631,0,0.101,29.119,118.71,0.0
S057,85,Q347,FOREIGN KEY,0.405,0,0.828,4.363,119.539,0.014
S057,86,Q259,JOINS,0.641,0,2.777,59.521,122.315,0.0
S057,87,Q130,INDEXING,0.534,0,0.427,12.31,122.742,0.0
S057,88,Q027,GROUP BY,0.405,1,0.301,16.029,123.044,0.06
S057,89,Q441,JOINS,0.52,0,0.376,1.104,123.42,0.0
S057,90,Q441,JOINS,0.52,1,0.746,0.746,124.165,0.06
S057,91,Q126,LEFT JOIN,0.589,0,1.001,21.8,125.166,0.0
S057,92,Q340,NORMALIZATION,0.688,0,0.396,13.879,125.562,0.0
S057,93,Q222,VIEWS,0.416,0,0.531,33.768,126.094,0.0
S057,94,Q306,UNION,0.518,1,0.419,14.46,126.512,0.06
S057,95,Q453,FOREIGN KEY,0.484,0,1.225,8.199,127.738,0.0
S057,96,Q407,ORDER BY,0.241,0,2.552,26.778,130.29,0.0
S057,97,Q205,VIEWS,0.597,0,0.688,4.884,130.978,0.0
S057,98,Q124,FOREIGN KEY,0.397,0,0.096,3.337,131.074,0.0
S057,99,Q298,TRIGGERS,0.632,0,0.525,25.351,131.599,0.0
S057,100,Q278,INDEXING,0.499,0,2.383,11.24,133.983,0.0
S058,1,Q097,STORED PROCEDURES,0.801,1,0.754,0.754,0.754,0.322
S058,2,Q044,RIGHT JOIN,0.637,0,1.58,2.334,2.334,0.3679
S058,3,Q001,INNER JOIN,0.589,0,1.938,4.272,4.272,0.3864
S058,4,Q108,SELECT,0.311,0,0.238,4.51,4.51,0.3542
S058,5,Q093,ORDER BY,0.402,0,0.73,5.239,5.239,0.2101
S058,6,Q235,AGGREGATE FUNCTIONS,0.512,1,0.186,5.426,5.426,0.449
S058,7,Q462,TRANSACTIONS,0.661,0,2.446,7.872,7.872,0.0831
S058,8,Q056,GROUP BY,0.622,0,0.987,8.859,8.859,0.3342
S058,9,Q088,INDEXING,0.69,0,1.981,10.84,10.84,0.2763
S058,10,Q144,SUBQUERIES,0.813,0,1.898,12.738,12.738,0.2803
S058,11,Q351,NORMALIZATION,0.753,0,6.847,19.585,19.585,0.127
S058,12,Q385,GROUP BY,0.478,0,0.423,11.15,20.009,0.1419
S058,13,Q302,LEFT JOIN,0.407,1,1.977,21.986,21.986,0.06
S058,14,Q325,AGGREGATE FUNCTIONS,0.474,1,0.362,16.922,22.348,0.2552
S058,15,Q325,AGGREGATE FUNCTIONS,0.474,0,1.614,1.614,23.962,0.206
S058,16,Q265,NORMALIZATION,0.689,0,1.259,5.635,25.221,0.0175
S058,17,Q010,UNION,0.357,1,2.278,27.499,27.499,0.06
S058,18,Q293,JOINS,0.674,0,0.898,28.397,28.397,0.0
S058,19,Q013,NORMALIZATION,0.686,0,0.749,3.925,29.146,0.0
S058,20,Q128,SELECT,0.294,1,1.49,26.126,30.635,0.06
S058,21,Q261,NORMALIZATION,0.767,0,1.25,2.74,31.886,0.0
S058,22,Q222,VIEWS,0.416,0,0.574,32.459,32.459,0.0
S058,23,Q003,INNER JOIN,0.484,1,5.102,33.29,37.561,0.06
S058,24,Q049,HAVING,0.692,0,0.046,37.607,37.607,0.0
S058,25,Q193,INDEXING,0.643,0,0.342,27.109,37.949,0.0
S058,26,Q388,FOREIGN KEY,0.322,0,1.717,39.666,39.666,0.0
S058,27,Q290,SELECT,0.153,0,0.628,9.659,40.294,0.0
S058,28,Q189,GROUP BY,0.364,0,5.058,25.344,45.353,0.0
S058,29,Q476,TRIGGERS,0.613,0,0.467,45.82,45.82,0.0
S058,30,Q217,PRIMARY KEY,0.385,0,1.043,46.863,46.863,0.0
S058,31,Q465,WHERE,0.43,1,0.369,47.232,47.232,0.06
S058,32,Q263,GROUP BY,0.516,0,2.267,4.146,49.499,0.0
S058,33,Q265,NORMALIZATION,0.689,0,1.312,18.925,50.811,0.0
S058,34,Q196,STORED PROCEDURES,0.722,0,2.296,52.354,53.108,0.0
S058,35,Q342,AGGREGATE FUNCTIONS,0.576,0,0.229,29.374,53.336,0.0
S058,36,Q360,PRIMARY KEY,0.348,1,0.263,6.737,53.6,0.06
S058,37,Q473,RIGHT JOIN,0.495,0,5.636,56.902,59.236,0.0
S058,38,Q354,JOINS,0.56,1,2.162,33.002,61.398,0.06
S058,39,Q063,UNION,0.406,0,0.1,34.0,61.499,0.0
S058,40,Q089,RIGHT JOIN,0.546,0,0.176,2.438,61.674,0.0
S058,41,Q364,WHERE,0.339,0,1.127,15.569,62.801,0.0
S058,42,Q483,VIEWS,0.52,0,0.392,30.734,63.193,0.0
S058,43,Q486,INNER JOIN,0.576,0,0.735,26.367,63.928,0.0
S058,44,Q376,HAVING,0.695,0,1.149,27.469,65.077,0.0
S058,45,Q420,INNER JOIN,0.385,0,0.222,1.37,65.298,0.0
S058,46,Q140,STORED PROCEDURES,0.717,0,5.581,17.772,70.88,0.0
S058,47,Q439,HAVING,0.648,0,1.054,6.857,71.933,0.0
S058,48,Q253,STORED PROCEDURES,0.691,0,6.896,7.95,78.83,0.0
S058,49,Q071,SUBQUERIES,0.651,0,1.187,67.279,80.017,0.0
S058,50,Q090,JOINS,0.609,0,0.051,18.669,80.067,0.0
S058,51,Q404,SELECT,0.335,1,2.462,42.235,82.529,0.06
S058,52,Q032,FOREIGN KEY,0.299,1,0.867,43.73,83.396,0.06
S058,53,Q440,SUBQUERIES,0.653,1,1.682,5.061,85.078,0.06
S058,54,Q140,STORED PROCEDURES,0.717,0,0.238,6.487,85.316,0.0
S058,55,Q082,WHERE,0.333,1,2.277,24.792,87.593,0.06
S058,56,Q407,ORDER BY,0.241,0,0.581,82.935,88.174,0.0
S058,57,Q061,WHERE,0.356,0,0.01,0.591,88.184,0.0261
S058,58,Q479,INDEXING,0.619,0,0.156,50.391,88.34,0.0
S058,59,Q074,VIEWS,0.476,0,4.14,29.287,92.48,0.0
S058,60,Q053,SUBQUERIES,0.682,0,0.101,7.503,92.581,0.0
S058,61,Q316,JOINS,0.535,0,1.045,13.559,93.626,0.0
S058,62,Q073,RIGHT JOIN,0.571,0,0.105,32.057,93.731,0.0
S058,63,Q168,SUBQUERIES,0.647,1,0.711,1.861,94.442,0.06
S058,64,Q239,INNER JOIN,0.478,0,6.352,35.496,100.794,0.0
S058,65,Q445,STORED PROCEDURES,0.733,0,0.163,15.641,100.957,0.0
S058,66,Q336,RIGHT JOIN,0.557,0,0.738,7.964,101.695,0.0
S058,67,Q328,INDEXING,0.642,0,0.339,13.694,102.034,0.0
S058,68,Q206,SUBQUERIES,0.557,0,1.759,9.351,103.793,0.0
S058,69,Q303,WHERE,0.319,1,1.437,17.046,105.23,0.06
S058,70,Q214,INDEXING,0.488,1,0.241,3.437,105.471,0.06
S058,71,Q259,JOINS,0.641,0,0.659,12.504,106.13,0.0
S058,72,Q033,LEFT JOIN,0.653,1,2.851,86.995,108.981,0.06
S058,73,Q308,NORMALIZATION,0.626,0,0.134,58.304,109.116,0.0
S058,74,Q060,TRIGGERS,0.598,0,0.084,63.38,109.199,0.0
S058,75,Q102,TRANSACTIONS,0.659,0,2.485,103.812,111.684,0.0
S058,76,Q023,NORMALIZATION,0.552,1,0.979,3.548,112.663,0.06
S058,77,Q017,INNER JOIN,0.354,1,0.48,12.349,113.144,0.06
S058,78,Q366,TRIGGERS,0.664,0,0.303,4.247,113.446,0.0
S058,79,Q442,NORMALIZATION,0.586,0,1.056,1.839,114.503,0.0074
S058,80,Q008,JOINS,0.4,0,0.14,8.512,114.643,0.0
S058,81,Q216,HAVING,0.472,0,0.768,43.478,115.411,0.0
S058,82,Q005,GROUP BY,0.393,0,0.491,66.404,115.902,0.0
S058,83,Q498,FOREIGN KEY,0.401,0,2.017,34.523,117.919,0.0
S058,84,Q305,UNION,0.595,0,0.224,56.645,118.143,0.0
S058,85,Q046,HAVING,0.619,0,1.36,4.092,119.503,0.0
S058,86,Q290,SELECT,0.153,1,1.782,38.755,121.285,0.06
S058,87,Q463,AGGREGATE FUNCTIONS,0.577,1,1.921,69.87,123.206,0.06
S058,88,Q469,SELECT,0.241,1,3.56,5.481,126.766,0.06
S058,89,Q169,VIEWS,0.52,0,0.752,35.038,127.518,0.0
S058,90,Q241,STORED PROCEDURES,0.818,0,1.546,28.107,129.064,0.0
S058,91,Q232,PRIMARY KEY,0.433,1,0.223,75.688,129.287,0.06
S058,92,Q313,WHERE,0.359,0,0.525,24.583,129.812,0.0
S058,93,Q060,TRIGGERS,0.598,0,2.265,18.631,132.077,0.0
S058,94,Q427,HAVING,0.634,0,0.14,12.714,132.217,0.0
S058,95,Q500,GROUP BY,0.633,0,2.36,18.674,134.576,0.0
S058,96,Q097,STORED PROCEDURES,0.801,0,0.613,6.125,135.189,0.0
S058,97,Q432,NORMALIZATION,0.754,0,0.171,20.858,135.36,0.0
S058,98,Q127,WHERE,0.288,0,0.899,6.447,136.259,0.0
S058,99,Q267,SELECT,0.307,0,0.658,10.152,136.917,0.0
S058,100,Q312,WHERE,0.288,0,1.168,1.826,138.085,0.0
S059,1,Q464,INNER JOIN,0.454,1,1.44,1.44,1.44,0.3691
S059,2,Q280,JOINS,0.685,0,1.176,2.616,2.616,0.3199
S059,3,Q216,HAVING,0.472,1,1.625,4.24,4.24,0.2538
S059,4,Q375,TRIGGERS,0.555,1,1.711,5.952,5.952,0.2209
S059,5,Q280,JOINS,0.685,0,6.898,10.234,12.85,0.1414
S059,6,Q116,ORDER BY,0.363,0,0.2,13.049,13.049,0.2509
S059,7,Q146,RIGHT JOIN,0.661,0,0.042,13.092,13.092,0.2
S059,8,Q152,PRIMARY KEY,0.249,0,5.208,18.299,18.299,0.0
S059,9,Q250,INNER JOIN,0.477,0,0.69,17.55,18.99,0.0808
S059,10,Q213,ORDER BY,0.448,0,1.98,7.92,20.969,0.1071
S059,11,Q374,RIGHT JOIN,0.474,0,1.585,9.462,22.554,0.0331
S059,12,Q411,SUBQUERIES,0.668,1,4.412,26.966,26.966,0.0974
S059,13,Q273,GROUP BY,0.489,0,2.376,29.342,29.342,0.0
S059,14,Q073,RIGHT JOIN,0.571,1,1.356,8.143,30.697,0.06
S059,15,Q476,TRIGGERS,0.613,0,0.303,25.048,31.0,0.0
S059,16,Q150,PRIMARY KEY,0.22,1,2.523,15.223,33.523,0.06
S059,17,Q419,LEFT JOIN,0.469,0,1.61,35.133,35.133,0.0
S059,18,Q018,FOREIGN KEY,0.452,0,2.306,37.439,37.439,0.0
S059,19,Q377,JOINS,0.519,0,0.117,24.706,37.556,0.0
S059,20,Q012,INDEXING,0.52,0,1.301,38.857,38.857,0.0
S059,21,Q217,PRIMARY KEY,0.385,1,0.673,6.007,39.53,0.06
S059,22,Q045,WHERE,0.224,0,0.027,39.557,39.557,0.0
S059,23,Q493,LEFT JOIN,0.431,0,0.825,5.25,40.383,0.0
S059,24,Q042,SUBQUERIES,0.658,1,1.408,14.825,41.791,0.06
S059,25,Q077,HAVING,0.485,1,1.405,38.955,43.196,0.06
S059,26,Q221,PRIMARY KEY,0.424,0,0.336,4.001,43.531,0.0
S059,27,Q409,FOREIGN KEY,0.381,0,1.553,7.645,45.085,0.0
S059,28,Q084,GROUP BY,0.374,0,0.883,16.626,45.967,0.0
S059,29,Q477,TRIGGERS,0.655,0,1.03,15.998,46.998,0.0
S059,30,Q165,NORMALIZATION,0.71,0,1.071,48.069,48.069,0.0
S059,31,Q403,UNION,0.464,0,0.025,48.093,48.093,0.0
S059,32,Q204,TRIGGERS,0.735,0,2.92,4.015,51.013,0.0
S059,33,Q293,JOINS,0.674,0,1.109,14.567,52.122,0.0
S059,34,Q301,WHERE,0.29,0,0.673,13.238,52.795,0.0
S059,35,Q353,PRIMARY KEY,0.417,1,0.123,9.386,52.918,0.06
S059,36,Q304,ORDER BY,0.33,1,0.095,32.043,53.013,0.06
S059,37,Q199,UNION,0.466,0,0.409,5.328,53.422,0.0
S059,38,Q018,FOREIGN KEY,0.452,0,0.406,8.743,53.828,0.0
S059,39,Q281,HAVING,0.584,1,0.095,10.728,53.923,0.06
S059,40,Q364,WHERE,0.339,0,0.066,1.194,53.989,0.0
S059,41,Q355,NORMALIZATION,0.531,1,0.892,6.812,54.881,0.06
S059,42,Q321,SUBQUERIES,0.781,1,0.294,13.383,55.174,0.06
S059,43,Q181,FOREIGN KEY,0.273,0,1.058,2.405,56.233,0.0
S059,44,Q205,VIEWS,0.597,0,2.153,58.386,58.386,0.0
S059,45,Q170,TRIGGERS,0.682,0,1.863,9.236,60.249,0.0
S059,46,Q321,SUBQUERIES,0.781,0,3.144,8.219,63.393,0.0
S059,47,Q149,ORDER BY,0.264,0,1.721,12.101,65.114,0.0
S059,48,Q326,AGGREGATE FUNCTIONS,0.323,1,0.998,66.111,66.111,0.06
S059,49,Q417,VIEWS,0.67,0,2.226,9.952,68.338,0.0
S059,50,Q416,NORMALIZATION,0.673,1,3.245,16.702,71.583,0.06
S059,51,Q308,NORMALIZATION,0.626,1,0.256,0.256,71.839,0.1162
S059,52,Q253,STORED PROCEDURES,0.691,0,0.303,72.142,72.142,0.0
S059,53,Q336,RIGHT JOIN,0.557,1,0.509,41.953,72.651,0.06
S059,54,Q447,AGGREGATE FUNCTIONS,0.58,0,2.484,9.023,75.135,0.0
S059,55,Q480,STORED PROCEDURES,0.638,1,0.2,3.193,75.335,0.06
S059,56,Q181,FOREIGN KEY,0.273,0,0.937,20.039,76.272,0.0
S059,57,Q186,GROUP BY,0.402,0,0.178,30.483,76.45,0.0
S059,58,Q135,HAVING,0.678,0,4.288,26.815,80.738,0.0
S059,59,Q259,JOINS,0.641,0,1.996,30.612,82.734,0.0
S059,60,Q001,INNER JOIN,0.589,0,0.323,64.068,83.057,0.0
S059,61,Q135,HAVING,0.678,1,1.989,4.309,85.046,0.06
S059,62,Q414,TRIGGERS,0.737,0,0.953,25.75,86.0,0.0
S059,63,Q036,NORMALIZATION,0.55,0,0.63,14.791,86.63,0.0
S059,64,Q011,SUBQUERIES,0.564,0,0.454,23.69,87.084,0.0
S059,65,Q240,LEFT JOIN,0.422,0,0.55,47.251,87.634,0.0
S059,66,Q167,PRIMARY KEY,0.442,0,0.212,34.928,87.846,0.0
S059,67,Q469,SELECT,0.241,0,0.271,88.117,88.117,0.0
S059,68,Q075,UNION,0.426,0,1.43,36.125,89.547,0.0
S059,69,Q175,INDEXING,0.505,1,0.117,50.807,89.664,0.06
S059,70,Q361,GROUP BY,0.457,0,1.61,14.824,91.274,0.0
S059,71,Q182,NORMALIZATION,0.512,0,1.851,6.496,93.125,0.0
S059,72,Q212,RIGHT JOIN,0.621,0,0.543,21.017,93.668,0.0
S059,73,Q412,LEFT JOIN,0.536,0,1.79,7.824,95.458,0.0
S059,74,Q491,LEFT JOIN,0.408,0,0.657,0.657,96.115,0.0
S059,75,Q327,INDEXING,0.496,1,1.947,8.398,98.062,0.06
S059,76,Q432,NORMALIZATION,0.754,1,1.173,6.109,99.235,0.06
S059,77,Q005,GROUP BY,0.393,0,1.282,9.243,100.517,0.0
S059,78,Q181,FOREIGN KEY,0.273,1,0.601,24.847,101.119,0.06
S059,79,Q406,HAVING,0.46,0,1.479,17.551,102.598,0.0
S059,80,Q484,JOINS,0.63,1,1.536,21.399,104.133,0.06
S059,81,Q268,ORDER BY,0.425,0,2.763,41.782,106.896,0.0
S059,82,Q248,JOINS,0.612,0,0.56,3.322,107.456,0.0
S059,83,Q414,TRIGGERS,0.737,1,0.317,21.773,107.773,0.06
S059,84,Q429,WHERE,0.391,1,1.848,55.632,109.621,0.06
S059,85,Q291,JOINS,0.608,0,1.431,3.597,111.053,0.0
S059,86,Q401,UNION,0.473,1,1.895,23.401,112.948,0.06
S059,87,Q377,JOINS,0.519,0,1.302,3.198,114.25,0.0
S059,88,Q025,LEFT JOIN,0.627,0,0.122,18.257,114.372,0.0
S059,89,Q122,INDEXING,0.478,0,7.8,24.11,122.172,0.0
S059,90,Q436,PRIMARY KEY,0.38,0,0.503,34.829,122.675,0.0
S059,91,Q303,WHERE,0.319,0,0.286,13.34,122.961,0.0
S059,92,Q144,SUBQUERIES,0.813,0,3.428,39.305,126.389,0.0
S059,93,Q149,ORDER BY,0.264,0,5.314,24.807,131.703,0.0
S059,94,Q147,INDEXING,0.616,0,0.038,9.569,131.741,0.0
S059,95,Q181,FOREIGN KEY,0.273,0,3.743,34.365,135.484,0.0
S059,96,Q170,TRIGGERS,0.682,1,5.336,33.047,140.82,0.06
S059,97,Q134,ORDER BY,0.387,0,0.197,9.314,141.017,0.0
S059,98,Q209,STORED PROCEDURES,0.739,0,0.92,66.603,141.937,0.0
S059,99,Q202,PRIMARY KEY,0.254,1,0.264,19.527,142.201,0.06
S059,100,Q268,ORDER BY,0.425,1,3.58,4.765,145.782,0.06
S060,1,Q334,SUBQUERIES,0.603,1,0.47,0.47,0.47,0.3754
S060,2,Q416,NORMALIZATION,0.673,0,0.043,0.513,0.513,0.185
S060,3,Q302,LEFT JOIN,0.407,0,2.833,3.346,3.346,0.1454
S060,4,Q465,WHERE,0.43,1,1.081,4.427,4.427,0.2154
S060,5,Q100,SUBQUERIES,0.627,0,0.845,4.802,5.272,0.2784
S060,6,Q097,STORED PROCEDURES,0.801,1,0.286,5.558,5.558,0.4389
S060,7,Q359,UNION,0.42,0,0.666,6.223,6.223,0.3527
S060,8,Q360,PRIMARY KEY,0.348,0,2.04,8.263,8.263,0.1209
S060,9,Q141,ORDER BY,0.343,0,0.957,9.22,9.22,0.0598
S060,10,Q422,TRIGGERS,0.65,0,0.341,9.561,9.561,0.0316
S060,11,Q367,HAVING,0.509,1,0.346,9.907,9.907,0.3713
S060,12,Q285,SELECT,0.344,0,0.014,9.922,9.922,0.3237
S060,13,Q258,SELECT,0.206,1,2.939,2.939,12.861,0.3396
S060,14,Q011,SUBQUERIES,0.564,0,0.957,8.545,13.817,0.1252
S060,15,Q088,INDEXING,0.69,1,3.158,16.975,16.975,0.275
S060,16,Q495,TRIGGERS,0.746,0,7.271,14.685,24.246,0.0
S060,17,Q010,UNION,0.357,0,3.843,21.865,28.089,0.0
S060,18,Q312,WHERE,0.288,1,1.203,24.864,29.292,0.06
S060,19,Q238,VIEWS,0.43,1,0.142,29.433,29.433,0.06
S060,20,Q279,FOREIGN KEY,0.269,0,0.273,29.706,29.706,0.0
S060,21,Q237,SUBQUERIES,0.801,0,0.303,16.192,30.009,0.0
S060,22,Q162,UNION,0.64,0,0.128,2.048,30.137,0.0
S060,23,Q035,PRIMARY KEY,0.235,1,0.786,22.659,30.922,0.06
S060,24,Q007,WHERE,0.38,1,4.737,6.368,35.659,0.06
S060,25,Q358,INNER JOIN,0.377,0,0.012,35.671,35.671,0.0
S060,26,Q318,SUBQUERIES,0.809,0,0.407,6.069,36.078,0.0
S060,27,Q229,TRANSACTIONS,0.702,1,0.254,36.332,36.332,0.06
S060,28,Q238,VIEWS,0.43,0,2.472,9.37,38.804,0.0
S060,29,Q369,PRIMARY KEY,0.283,0,0.19,8.072,38.994,0.0
S060,30,Q284,HAVING,0.408,0,0.574,29.66,39.568,0.0
S060,31,Q426,JOINS,0.626,0,0.588,40.155,40.155,0.0
S060,32,Q216,HAVING,0.472,1,1.778,2.365,41.933,0.06
S060,33,Q359,UNION,0.42,0,4.266,16.062,46.199,0.0
S060,34,Q406,HAVING,0.46,0,0.749,5.015,46.948,0.0
S060,35,Q303,WHERE,0.319,0,0.73,12.018,47.677,0.0
S060,36,Q252,ORDER BY,0.263,1,1.89,40.347,49.567,0.06
S060,37,Q162,UNION,0.64,0,0.616,3.984,50.183,0.0
S060,38,Q409,FOREIGN KEY,0.381,0,0.838,21.315,51.022,0.0
S060,39,Q442,NORMALIZATION,0.586,1,0.19,50.699,51.212,0.06
S060,40,Q269,AGGREGATE FUNCTIONS,0.384,1,1.412,52.624,52.624,0.06
S060,41,Q006,ORDER BY,0.205,1,0.484,3.54,53.107,0.0669
S060,42,Q178,HAVING,0.584,0,2.481,8.641,55.588,0.0
S060,43,Q331,STORED PROCEDURES,0.731,0,0.183,50.213,55.771,0.0
S060,44,Q035,PRIMARY KEY,0.235,1,1.234,18.011,57.005,0.06
S060,45,Q147,INDEXING,0.616,0,0.588,40.618,57.593,0.0
S060,46,Q050,ORDER BY,0.39,0,0.075,4.561,57.668,0.0
S060,47,Q381,WHERE,0.339,1,0.216,10.206,57.884,0.06
S060,48,Q381,WHERE,0.339,0,1.273,1.273,59.157,0.0159
S060,49,Q328,INDEXING,0.642,0,0.09,1.654,59.247,0.0
S060,50,Q280,JOINS,0.685,1,0.942,20.034,60.189,0.06
S060,51,Q325,AGGREGATE FUNCTIONS,0.474,1,0.166,7.731,60.355,0.06
S060,52,Q106,TRIGGERS,0.768,0,1.444,37.552,61.798,0.0
S060,53,Q231,INDEXING,0.687,1,3.303,5.854,65.101,0.06
S060,54,Q471,STORED PROCEDURES,0.749,0,1.28,10.61,66.381,0.0
S060,55,Q002,NORMALIZATION,0.72,0,5.035,20.204,71.416,0.0
S060,56,Q484,JOINS,0.63,0,0.105,11.332,71.521,0.0
S060,57,Q057,INNER JOIN,0.473,0,1.824,37.674,73.345,0.0
S060,58,Q244,LEFT JOIN,0.512,0,4.175,74.174,77.521,0.0
S060,59,Q087,JOINS,0.52,0,0.047,6.047,77.568,0.0
S060,60,Q484,JOINS,0.63,0,0.853,0.853,78.421,0.0
S060,61,Q164,PRIMARY KEY,0.249,0,0.948,22.365,79.37,0.0
S060,62,Q233,INNER JOIN,0.649,0,0.769,6.794,80.139,0.0
S060,63,Q469,SELECT,0.241,0,0.546,67.824,80.685,0.0
S060,64,Q207,WHERE,0.265,1,0.1,21.627,80.785,0.06
S060,65,Q453,FOREIGN KEY,0.484,0,0.902,30.665,81.687,0.0
S060,66,Q265,NORMALIZATION,0.689,0,0.303,10.574,81.99,0.0
S060,67,Q050,ORDER BY,0.39,0,0.069,24.391,82.059,0.0
S060,68,Q147,INDEXING,0.616,0,1.93,18.888,83.99,0.0
S060,69,Q223,RIGHT JOIN,0.704,0,0.248,84.238,84.238,0.0
S060,70,Q288,VIEWS,0.651,1,2.86,48.295,87.098,0.06
S060,71,Q403,UNION,0.464,0,0.751,37.666,87.849,0.0
S060,72,Q227,NORMALIZATION,0.525,0,0.028,5.887,87.877,0.0
S060,73,Q116,ORDER BY,0.363,1,1.789,7.607,89.666,0.06
S060,74,Q349,PRIMARY KEY,0.216,1,1.94,12.237,91.606,0.06
S060,75,Q418,WHERE,0.336,0,1.355,12.177,92.962,0.0
S060,76,Q127,WHERE,0.288,1,0.958,0.958,93.92,0.06
S060,77,Q407,ORDER BY,0.241,1,0.611,4.864,94.531,0.06
S060,78,Q453,FOREIGN KEY,0.484,0,4.005,16.848,98.535,0.0
S060,79,Q270,INDEXING,0.717,0,1.024,15.569,99.559,0.0
S060,80,Q067,TRANSACTIONS,0.606,0,1.154,64.381,100.713,0.0
S060,81,Q094,TRANSACTIONS,0.694,0,3.133,3.133,103.846,0.0
S060,82,Q209,STORED PROCEDURES,0.739,1,0.526,37.991,104.372,0.06
S060,83,Q281,HAVING,0.584,0,0.969,49.752,105.341,0.0
S060,84,Q083,JOINS,0.473,1,0.478,27.397,105.819,0.06
S060,85,Q055,INNER JOIN,0.493,0,3.27,28.949,109.088,0.0
S060,86,Q346,NORMALIZATION,0.661,0,1.296,22.508,110.385,0.0
S060,87,Q142,STORED PROCEDURES,0.735,0,1.063,7.076,111.448,0.0
S060,88,Q297,RIGHT JOIN,0.489,0,0.787,27.997,112.235,0.0
S060,89,Q404,SELECT,0.335,0,4.503,36.053,116.738,0.0
S060,90,Q388,FOREIGN KEY,0.322,0,1.017,19.22,117.755,0.0
S060,91,Q472,INNER JOIN,0.643,1,1.188,9.855,118.943,0.06
S060,92,Q076,WHERE,0.378,1,4.706,29.729,123.649,0.06
S060,93,Q250,INNER JOIN,0.477,1,1.681,6.387,125.33,0.06
S060,94,Q079,WHERE,0.326,1,4.354,6.036,129.684,0.06
S060,95,Q445,STORED PROCEDURES,0.733,0,1.275,19.511,130.959,0.0
S060,96,Q432,NORMALIZATION,0.754,0,1.85,22.425,132.809,0.0
S060,97,Q232,PRIMARY KEY,0.433,0,0.091,41.294,132.9,0.0
S060,98,Q008,JOINS,0.4,0,0.8,27.882,133.701,0.0
S060,99,Q331,STORED PROCEDURES,0.731,0,0.421,3.163,134.122,0.0
S060,100,Q434,LEFT JOIN,0.445,0,9.255,65.857,143.377,0.0
S061,1,Q085,VIEWS,0.618,1,2.004,2.004,2.004,0.4397
S061,2,Q255,RIGHT JOIN,0.673,1,1.574,3.578,3.578,0.2117
S061,3,Q253,STORED PROCEDURES,0.691,0,1.798,5.376,5.376,0.3462
S061,4,Q195,TRANSACTIONS,0.673,0,3.045,8.421,8.421,0.2351
S061,5,Q098,AGGREGATE FUNCTIONS,0.402,1,0.462,8.883,8.883,0.1349
S061,6,Q450,LEFT JOIN,0.595,1,0.087,8.971,8.971,0.2692
S061,7,Q434,LEFT JOIN,0.445,0,0.499,0.499,9.469,0.2367
S061,8,Q233,INNER JOIN,0.649,1,3.642,13.111,13.111,0.304
S061,9,Q323,WHERE,0.355,0,3.639,16.75,16.75,0.0376
S061,10,Q443,AGGREGATE FUNCTIONS,0.346,0,0.699,8.565,17.449,0.0
S061,11,Q208,INNER JOIN,0.385,0,5.945,10.283,23.394,0.1248
S061,12,Q172,RIGHT JOIN,0.657,0,0.653,20.469,24.047,0.0
S061,13,Q368,WHERE,0.261,0,0.853,8.15,24.9,0.0
S061,14,Q408,HAVING,0.471,0,0.483,25.383,25.383,0.0
S061,15,Q443,AGGREGATE FUNCTIONS,0.346,1,0.336,8.27,25.719,0.06
S061,16,Q036,NORMALIZATION,0.55,0,0.064,25.782,25.782,0.0801
S061,17,Q276,VIEWS,0.484,0,0.584,24.362,26.366,0.0493
S061,18,Q257,VIEWS,0.425,0,0.811,0.811,27.178,0.0121
S061,19,Q285,SELECT,0.344,0,2.869,30.047,30.047,0.0
S061,20,Q446,NORMALIZATION,0.718,0,1.1,5.365,31.147,0.0
S061,21,Q252,ORDER BY,0.263,0,2.466,33.613,33.613,0.0
S061,22,Q443,AGGREGATE FUNCTIONS,0.346,1,1.932,9.827,35.545,0.06
S061,23,Q350,TRIGGERS,0.764,0,1.311,36.856,36.856,0.0
S061,24,Q236,NORMALIZATION,0.543,0,1.406,7.115,38.262,0.0
S061,25,Q476,TRIGGERS,0.613,0,1.093,2.499,39.355,0.0
S061,26,Q253,STORED PROCEDURES,0.691,0,0.945,34.924,40.299,0.0
S061,27,Q232,PRIMARY KEY,0.433,1,2.327,42.626,42.626,0.06
S061,28,Q110,GROUP BY,0.62,0,1.054,43.68,43.68,0.0
S061,29,Q455,FOREIGN KEY,0.309,0,0.064,43.744,43.744,0.0
S061,30,Q232,PRIMARY KEY,0.433,1,0.388,1.505,44.132,0.0974
S061,31,Q194,VIEWS,0.66,0,0.612,17.567,44.744,0.0
S061,32,Q293,JOINS,0.674,0,0.545,45.289,45.289,0.0
S061,33,Q029,WHERE,0.299,1,1.165,21.554,46.454,0.06
S061,34,Q140,STORED PROCEDURES,0.717,0,1.49,7.644,47.944,0.0
S061,35,Q400,VIEWS,0.655,1,0.885,4.084,48.829,0.06
S061,36,Q190,SUBQUERIES,0.738,0,0.273,49.102,49.102,0.0
S061,37,Q376,HAVING,0.695,0,0.167,23.886,49.269,0.0
S061,38,Q195,TRANSACTIONS,0.673,1,0.569,41.417,49.838,0.06
S061,39,Q150,PRIMARY KEY,0.22,1,2.094,7.8,51.932,0.06
S061,40,Q167,PRIMARY KEY,0.442,0,2.293,2.293,54.225,0.0006
S061,41,Q097,STORED PROCEDURES,0.801,1,4.977,11.259,59.202,0.06
S061,42,Q237,SUBQUERIES,0.801,0,0.34,10.44,59.542,0.0
S061,43,Q296,VIEWS,0.472,0,0.103,10.817,59.645,0.0
S061,44,Q390,GROUP BY,0.446,1,0.129,16.094,59.774,0.06
S061,45,Q070,HAVING,0.608,1,2.557,13.062,62.331,0.06
S061,46,Q487,SUBQUERIES,0.631,0,1.619,4.408,63.95,0.0
S061,47,Q274,STORED PROCEDURES,0.63,0,3.778,8.525,67.728,0.0
S061,48,Q431,JOINS,0.561,0,0.351,22.789,68.078,0.0
S061,49,Q464,INNER JOIN,0.454,0,1.081,45.765,69.159,0.0
S061,50,Q396,SELECT,0.185,1,0.269,39.382,69.428,0.06
S061,51,Q479,INDEXING,0.619,0,0.936,70.365,70.365,0.0
S061,52,Q353,PRIMARY KEY,0.417,0,0.412,16.552,70.777,0.0
S061,53,Q366,TRIGGERS,0.664,0,1.501,32.924,72.278,0.0
S061,54,Q051,FOREIGN KEY,0.373,0,1.666,30.2,73.944,0.0
S061,55,Q036,NORMALIZATION,0.55,0,0.178,35.86,74.122,0.0
S061,56,Q486,INNER JOIN,0.576,0,2.567,7.529,76.689,0.0
S061,57,Q291,JOINS,0.608,0,2.564,11.174,79.252,0.0
S061,58,Q227,NORMALIZATION,0.525,1,1.199,6.329,80.451,0.06
S061,59,Q249,TRIGGERS,0.783,0,1.099,9.272,81.55,0.0
S061,60,Q210,GROUP BY,0.475,0,1.278,23.054,82.828,0.0
S061,61,Q077,HAVING,0.485,0,0.03,20.527,82.858,0.0
S061,62,Q327,INDEXING,0.496,0,0.157,12.65,83.015,0.0
S061,63,Q241,STORED PROCEDURES,0.818,0,1.301,16.588,84.315,0.0
S061,64,Q364,WHERE,0.339,0,2.872,40.734,87.188,0.0
S061,65,Q027,GROUP BY,0.405,0,1.71,6.07,88.898,0.0
S061,66,Q057,INNER JOIN,0.473,0,2.303,14.512,91.201,0.0
S061,67,Q064,AGGREGATE FUNCTIONS,0.397,1,2.383,58.039,93.584,0.06
S061,68,Q156,WHERE,0.223,0,0.577,6.973,94.16,0.0
S061,69,Q256,ORDER BY,0.346,0,0.103,60.651,94.263,0.0
S061,70,Q396,SELECT,0.185,0,0.24,25.075,94.503,0.0
S061,71,Q349,PRIMARY KEY,0.216,0,0.666,24.392,95.169,0.0
S061,72,Q438,GROUP BY,0.565,1,3.916,10.187,99.084,0.06
S061,73,Q146,RIGHT JOIN,0.661,0,0.156,75.194,99.24,0.0
S061,74,Q299,GROUP BY,0.419,0,0.337,0.493,99.577,0.0276
S061,75,Q476,TRIGGERS,0.613,0,0.104,18.131,99.682,0.0
S061,76,Q379,JOINS,0.693,0,0.487,20.916,100.169,0.0
S061,77,Q278,INDEXING,0.499,0,0.235,17.389,100.403,0.0
S061,78,Q265,NORMALIZATION,0.689,0,1.906,21.858,102.31,0.0
S061,79,Q477,TRIGGERS,0.655,0,0.538,3.166,102.848,0.0
S061,80,Q221,PRIMARY KEY,0.424,0,0.958,8.637,103.806,0.0
S061,81,Q160,AGGREGATE FUNCTIONS,0.338,0,1.611,11.833,105.417,0.0
S061,82,Q367,HAVING,0.509,0,2.947,25.506,108.364,0.0
S061,83,Q335,JOINS,0.436,0,0.803,8.998,109.167,0.0
S061,84,Q246,VIEWS,0.684,0,0.371,49.892,109.538,0.0
S061,85,Q099,STORED PROCEDURES,0.827,0,0.242,25.464,109.78,0.0
S061,86,Q110,GROUP BY,0.62,1,2.019,12.222,111.799,0.06
S061,87,Q404,SELECT,0.335,0,0.46,17.756,112.259,0.0
S061,88,Q066,SELECT,0.207,0,2.914,2.914,115.173,0.0
S061,89,Q077,HAVING,0.485,0,2.579,9.388,117.752,0.0
S061,90,Q491,LEFT JOIN,0.408,1,0.212,108.495,117.964,0.06
S061,91,Q213,ORDER BY,0.448,0,0.214,23.914,118.178,0.0
S061,92,Q424,SELECT,0.283,0,2.699,5.703,120.876,0.0
S061,93,Q007,WHERE,0.38,0,1.657,28.373,122.533,0.0
S061,94,Q472,INNER JOIN,0.643,0,2.053,33.385,124.586,0.0
S061,95,Q150,PRIMARY KEY,0.22,0,1.138,21.918,125.724,0.0
S061,96,Q458,TRIGGERS,0.727,0,0.816,23.692,126.54,0.0
S061,97,Q010,UNION,0.357,0,3.288,129.829,129.829,0.0
S061,98,Q068,ORDER BY,0.202,0,0.508,12.159,130.337,0.0
S061,99,Q017,INNER JOIN,0.354,0,0.589,6.339,130.926,0.0
S061,100,Q476,TRIGGERS,0.613,1,4.091,8.476,135.016,0.06
S062,1,Q244,LEFT JOIN,0.512,1,1.576,1.576,1.576,0.2569
S062,2,Q379,JOINS,0.693,0,0.262,1.838,1.838,0.213
S062,3,Q357,INNER JOIN,0.447,0,0.444,2.281,2.281,0.1769
S062,4,Q285,SELECT,0.344,1,0.446,2.727,2.727,0.3869
S062,5,Q326,AGGREGATE FUNCTIONS,0.323,1,0.393,3.12,3.12,0.3833
S062,6,Q084,GROUP BY,0.374,0,1.704,4.824,4.824,0.2932
S062,7,Q204,TRIGGERS,0.735,1,1.195,6.019,6.019,0.4329
S062,8,Q145,VIEWS,0.655,1,0.738,6.757,6.757,0.3383
S062,9,Q064,AGGREGATE FUNCTIONS,0.397,0,5.742,9.378,12.499,0.2177
S062,10,Q450,LEFT JOIN,0.595,0,1.178,12.101,13.677,0.0504
S062,11,Q088,INDEXING,0.69,0,2.5,16.177,16.177,0.1514
S062,12,Q265,NORMALIZATION,0.689,1,1.055,17.232,17.232,0.0694
S062,13,Q334,SUBQUERIES,0.603,1,0.536,17.768,17.768,0.06
S062,14,Q406,HAVING,0.46,0,0.465,18.233,18.233,0.0365
S062,15,Q026,JOINS,0.462,0,0.092,16.487,18.325,0.0
S062,16,Q282,WHERE,0.221,1,0.098,18.423,18.423,0.1721
S062,17,Q195,TRANSACTIONS,0.673,0,4.416,22.839,22.839,0.0956
S062,18,Q249,TRIGGERS,0.783,0,0.206,17.025,23.044,0.1525
S062,19,Q165,NORMALIZATION,0.71,1,1.026,6.838,24.07,0.06
S062,20,Q365,LEFT JOIN,0.529,0,0.585,10.979,24.655,0.0
S062,21,Q398,AGGREGATE FUNCTIONS,0.442,1,2.101,14.257,26.756,0.0638
S062,22,Q078,VIEWS,0.48,0,2.748,22.747,29.503,0.0
S062,23,Q100,SUBQUERIES,0.627,0,1.515,13.25,31.018,0.0
S062,24,Q428,SELECT,0.158,1,0.348,28.639,31.366,0.06
S062,25,Q346,NORMALIZATION,0.661,1,0.371,7.667,31.737,0.06
S062,26,Q139,SELECT,0.229,0,1.57,1.941,33.307,0.0059
S062,27,Q422,TRIGGERS,0.65,0,4.885,15.147,38.191,0.0
S062,28,Q053,SUBQUERIES,0.682,0,0.016,7.189,38.207,0.0
S062,29,Q356,HAVING,0.455,1,0.02,19.994,38.227,0.06
S062,30,Q059,PRIMARY KEY,0.219,1,0.561,38.788,38.788,0.06
S062,31,Q149,ORDER BY,0.264,0,0.38,39.168,39.168,0.0
S062,32,Q028,STORED PROCEDURES,0.783,0,0.062,39.23,39.23,0.0
S062,33,Q223,RIGHT JOIN,0.704,1,0.654,39.883,39.883,0.06
S062,34,Q238,VIEWS,0.43,1,0.704,11.084,40.587,0.06
S062,35,Q479,INDEXING,0.619,0,6.414,30.824,47.001,0.0
S062,36,Q435,NORMALIZATION,0.623,0,1.245,16.509,48.246,0.0
S062,37,Q397,RIGHT JOIN,0.678,0,2.76,11.123,51.006,0.0
S062,38,Q112,INDEXING,0.48,0,2.917,6.923,53.924,0.0
S062,39,Q347,FOREIGN KEY,0.405,1,4.492,58.416,58.416,0.06
S062,40,Q096,LEFT JOIN,0.516,0,2.173,35.934,60.589,0.0
S062,41,Q005,GROUP BY,0.393,1,2.667,58.432,63.256,0.06
S062,42,Q294,HAVING,0.618,1,2.166,27.194,65.421,0.06
S062,43,Q365,LEFT JOIN,0.529,1,1.365,6.197,66.786,0.06
S062,44,Q367,HAVING,0.509,1,3.521,4.886,70.308,0.06
S062,45,Q469,SELECT,0.241,0,0.703,37.704,71.01,0.0
S062,46,Q329,LEFT JOIN,0.609,1,0.616,4.841,71.627,0.06
S062,47,Q331,STORED PROCEDURES,0.731,1,0.002,32.399,71.629,0.06
S062,48,Q114,STORED PROCEDURES,0.598,0,0.159,0.159,71.787,0.0326
S062,49,Q057,INNER JOIN,0.473,0,1.4,70.906,73.187,0.0
S062,50,Q315,WHERE,0.287,1,0.472,55.237,73.66,0.06
S062,51,Q345,ORDER BY,0.246,0,5.621,40.112,79.28,0.0
S062,52,Q233,INNER JOIN,0.649,1,0.587,6.68,79.868,0.06
S062,53,Q023,NORMALIZATION,0.552,0,0.875,32.497,80.743,0.0
S062,54,Q269,AGGREGATE FUNCTIONS,0.384,0,0.049,54.036,80.792,0.0
S062,55,Q196,STORED PROCEDURES,0.722,0,1.635,10.639,82.426,0.0
S062,56,Q454,AGGREGATE FUNCTIONS,0.435,1,0.124,1.759,82.55,0.06
S062,57,Q200,SELECT,0.313,0,1.624,13.164,84.175,0.0
S062,58,Q458,TRIGGERS,0.727,1,1.776,47.759,85.951,0.06
S062,59,Q116,ORDER BY,0.363,0,1.44,8.11,87.39,0.0
S062,60,Q053,SUBQUERIES,0.682,1,0.569,49.752,87.959,0.06
S062,61,Q265,NORMALIZATION,0.689,0,0.173,7.389,88.132,0.0
S062,62,Q073,RIGHT JOIN,0.571,1,2.135,39.26,90.267,0.06
S062,63,Q141,ORDER BY,0.343,0,0.86,3.736,91.126,0.0
S062,64,Q418,WHERE,0.336,1,0.249,17.716,91.375,0.06
S062,65,Q203,FOREIGN KEY,0.255,0,0.456,33.415,91.831,0.0
S062,66,Q081,SELECT,0.21,1,0.947,8.604,92.778,0.06
S062,67,Q045,WHERE,0.224,1,3.204,4.607,95.982,0.06
S062,68,Q259,JOINS,0.641,1,0.042,77.7,96.024,0.06
S062,69,Q037,INNER JOIN,0.477,1,0.547,16.704,96.572,0.06
S062,70,Q046,HAVING,0.619,1,1.709,27.973,98.28,0.06
S062,71,Q274,STORED PROCEDURES,0.63,0,1.065,16.919,99.345,0.0
S062,72,Q054,TRIGGERS,0.559,0,1.12,14.514,100.465,0.0
S062,73,Q424,SELECT,0.283,0,0.185,7.871,100.65,0.0
S062,74,Q456,FOREIGN KEY,0.297,0,0.832,9.65,101.481,0.0
S062,75,Q413,LEFT JOIN,0.513,0,1.983,31.837,103.464,0.0
S062,76,Q393,HAVING,0.419,0,0.363,5.546,103.827,0.0
S062,77,Q212,RIGHT JOIN,0.621,0,1.163,14.723,104.99,0.0
S062,78,Q013,NORMALIZATION,0.686,0,0.406,17.264,105.396,0.0
S062,79,Q303,WHERE,0.319,1,3.466,12.879,108.862,0.06
S062,80,Q380,JOINS,0.601,1,0.834,13.671,109.695,0.06
S062,81,Q109,AGGREGATE FUNCTIONS,0.581,0,0.755,27.899,110.45,0.0
S062,82,Q425,INNER JOIN,0.522,1,2.036,15.913,112.485,0.06
S062,83,Q118,GROUP BY,0.421,1,0.926,50.156,113.412,0.06
S062,84,Q281,HAVING,0.584,0,2.519,12.104,115.931,0.0
S062,85,Q469,SELECT,0.241,0,0.318,15.599,116.249,0.0
S062,86,Q142,STORED PROCEDURES,0.735,1,0.063,16.967,116.312,0.06
S062,87,Q193,INDEXING,0.643,0,0.912,63.301,117.224,0.0
S062,88,Q468,INNER JOIN,0.4,1,0.325,5.065,117.55,0.06
S062,89,Q435,NORMALIZATION,0.623,0,3.373,15.527,120.923,0.0
S062,90,Q142,STORED PROCEDURES,0.735,1,0.568,5.179,121.491,0.06
S062,91,Q225,FOREIGN KEY,0.419,0,1.035,21.045,122.526,0.0
S062,92,Q482,WHERE,0.334,1,0.476,14.141,123.002,0.06
S062,93,Q390,GROUP BY,0.446,1,0.863,10.454,123.866,0.06
S062,94,Q399,JOINS,0.524,0,0.318,14.488,124.183,0.0
S062,95,Q010,UNION,0.357,0,1.059,125.242,125.242,0.0
S062,96,Q067,TRANSACTIONS,0.606,0,3.635,106.039,128.877,0.0
S062,97,Q318,SUBQUERIES,0.809,0,1.338,42.256,130.216,0.0
S062,98,Q088,INDEXING,0.69,1,3.532,16.524,133.748,0.06
S062,99,Q371,JOINS,0.51,0,0.186,9.751,133.934,0.0
S062,100,Q041,SELECT,0.301,1,2.528,20.213,136.462,0.06
S063,1,Q388,FOREIGN KEY,0.322,1,2.125,2.125,2.125,0.2942
S063,2,Q231,INDEXING,0.687,1,1.116,3.241,3.241,0.4327
S063,3,Q174,SELECT,0.261,1,0.221,3.462,3.462,0.3072
S063,4,Q214,INDEXING,0.488,0,0.488,0.709,3.95,0.397
S063,5,Q259,JOINS,0.641,0,0.922,4.873,4.873,0.3534
S063,6,Q361,GROUP BY,0.457,1,1.602,6.474,6.474,0.3507
S063,7,Q465,WHERE,0.43,1,0.181,6.656,6.656,0.2623
S063,8,Q438,GROUP BY,0.565,0,0.981,1.163,7.637,0.3083
S063,9,Q488,FOREIGN KEY,0.382,1,1.656,7.168,9.293,0.2467
S063,10,Q304,ORDER BY,0.33,1,0.943,10.236,10.236,0.4032
S063,11,Q207,WHERE,0.265,1,0.683,4.264,10.919,0.2583
S063,12,Q323,WHERE,0.355,0,0.59,0.59,11.509,0.2245
S063,13,Q189,GROUP BY,0.364,1,0.017,3.89,11.527,0.3099
S063,14,Q189,GROUP BY,0.364,0,0.234,0.234,11.761,0.2814
S063,15,Q194,VIEWS,0.66,0,0.162,11.923,11.923,0.1537
S063,16,Q239,INNER JOIN,0.478,0,1.034,12.957,12.957,0.0662
S063,17,Q311,INNER JOIN,0.391,1,0.282,0.282,13.238,0.122
S063,18,Q396,SELECT,0.185,1,1.266,11.042,14.504,0.2016
S063,19,Q383,PRIMARY KEY,0.392,0,1.392,15.896,15.896,0.0123
S063,20,Q256,ORDER BY,0.346,1,0.936,6.595,16.832,0.3642
S063,21,Q228,HAVING,0.488,0,3.663,20.494,20.494,0.027
S063,22,Q384,JOINS,0.69,0,0.549,16.17,21.043,0.0858
S063,23,Q176,PRIMARY KEY,0.27,0,0.867,6.014,21.91,0.0
S063,24,Q249,TRIGGERS,0.783,1,0.265,22.175,22.175,0.1879
S063,25,Q288,VIEWS,0.651,1,0.358,10.61,22.533,0.06
S063,26,Q399,JOINS,0.524,1,0.159,1.649,22.692,0.1211
S063,27,Q294,HAVING,0.618,0,2.031,4.229,24.723,0.0
S063,28,Q410,GROUP BY,0.445,1,0.557,13.519,25.28,0.1387
S063,29,Q036,NORMALIZATION,0.55,1,0.984,26.264,26.264,0.06
S063,30,Q462,TRANSACTIONS,0.661,0,1.075,27.339,27.339,0.0
S063,31,Q046,HAVING,0.619,0,1.004,3.62,28.343,0.0
S063,32,Q356,HAVING,0.455,0,3.667,3.667,32.01,0.0
S063,33,Q424,SELECT,0.283,0,1.062,18.568,33.072,0.0
S063,34,Q321,SUBQUERIES,0.781,0,2.806,35.878,35.878,0.0
S063,35,Q077,HAVING,0.485,1,4.703,8.571,40.581,0.06
S063,36,Q271,UNION,0.382,0,0.853,41.434,41.434,0.0
S063,37,Q260,PRIMARY KEY,0.442,0,2.135,21.659,43.569,0.0
S063,38,Q432,NORMALIZATION,0.754,1,1.171,18.476,44.74,0.06
S063,39,Q058,AGGREGATE FUNCTIONS,0.361,0,0.77,45.51,45.51,0.0
S063,40,Q011,SUBQUERIES,0.564,0,1.395,11.027,46.905,0.0
S063,41,Q394,UNION,0.411,1,9.113,14.585,56.018,0.06
S063,42,Q019,RIGHT JOIN,0.455,1,2.957,58.975,58.975,0.06
S063,43,Q288,VIEWS,0.651,1,0.912,37.354,59.887,0.06
S063,44,Q209,STORED PROCEDURES,0.739,0,2.158,62.045,62.045,0.0
S063,45,Q487,SUBQUERIES,0.631,0,4.407,19.547,66.452,0.0
S063,46,Q301,WHERE,0.29,0,2.014,56.957,68.467,0.0
S063,47,Q019,RIGHT JOIN,0.455,0,1.444,10.935,69.91,0.0
S063,48,Q285,SELECT,0.344,1,2.186,39.025,72.097,0.06
S063,49,Q356,HAVING,0.455,0,0.229,31.745,72.326,0.0
S063,50,Q223,RIGHT JOIN,0.704,0,3.831,6.247,76.157,0.0
S063,51,Q483,VIEWS,0.52,0,1.731,18.002,77.889,0.0
S063,52,Q110,GROUP BY,0.62,0,2.186,54.795,80.075,0.0
S063,53,Q356,HAVING,0.455,0,0.603,8.352,80.677,0.0
S063,54,Q130,INDEXING,0.534,0,2.053,78.78,82.731,0.0
S063,55,Q286,STORED PROCEDURES,0.846,0,0.596,21.282,83.327,0.0
S063,56,Q410,GROUP BY,0.445,1,0.614,3.866,83.941,0.06
S063,57,Q412,LEFT JOIN,0.536,1,2.545,86.486,86.486,0.06
S063,58,Q182,NORMALIZATION,0.512,0,2.707,44.453,89.193,0.0
S063,59,Q034,PRIMARY KEY,0.268,1,5.135,50.758,94.327,0.06
S063,60,Q064,AGGREGATE FUNCTIONS,0.397,0,6.155,54.973,100.482,0.0
S063,61,Q119,INDEXING,0.674,0,0.025,17.777,100.507,0.0
S063,62,Q199,UNION,0.466,0,2.138,46.627,102.645,0.0
S063,63,Q328,INDEXING,0.642,1,6.008,8.146,108.653,0.06
S063,64,Q459,NORMALIZATION,0.516,0,2.689,22.15,111.343,0.0
S063,65,Q425,INNER JOIN,0.522,0,0.148,98.252,111.491,0.0
S063,66,Q158,VIEWS,0.411,1,0.004,33.606,111.495,0.06
S063,67,Q411,SUBQUERIES,0.668,1,1.436,46.479,112.931,0.06
S063,68,Q446,NORMALIZATION,0.718,1,0.608,2.197,113.54,0.06
S063,69,Q374,RIGHT JOIN,0.474,1,0.487,37.869,114.027,0.06
S063,70,Q137,ORDER BY,0.445,1,0.95,98.145,114.976,0.06
S063,71,Q500,GROUP BY,0.633,1,1.631,32.666,116.607,0.06
S063,72,Q085,VIEWS,0.618,1,1.238,6.35,117.845,0.06
S063,73,Q414,TRIGGERS,0.737,0,0.679,96.349,118.524,0.0
S063,74,Q177,INDEXING,0.605,0,0.194,10.065,118.718,0.0
S063,75,Q498,FOREIGN KEY,0.401,0,0.524,109.949,119.243,0.0
S063,76,Q207,WHERE,0.265,0,2.922,53.698,122.165,0.0
S063,77,Q471,STORED PROCEDURES,0.749,0,0.483,39.32,122.647,0.0
S063,78,Q470,AGGREGATE FUNCTIONS,0.49,1,1.339,23.504,123.987,0.06
S063,79,Q461,RIGHT JOIN,0.484,0,0.846,10.806,124.832,0.0
S063,80,Q017,INNER JOIN,0.354,0,4.481,17.823,129.314,0.0
S063,81,Q390,GROUP BY,0.446,0,0.619,13.325,129.933,0.0
S063,82,Q315,WHERE,0.287,1,0.62,8.388,130.553,0.06
S063,83,Q432,NORMALIZATION,0.754,0,2.074,19.087,132.627,0.0
S063,84,Q334,SUBQUERIES,0.603,1,0.128,19.823,132.754,0.06
S063,85,Q155,TRIGGERS,0.651,1,2.268,16.498,135.022,0.06
S063,86,Q047,LEFT JOIN,0.482,0,2.595,51.132,137.617,0.0
S063,87,Q313,WHERE,0.359,1,0.158,7.222,137.775,0.06
S063,88,Q170,TRIGGERS,0.682,1,0.885,3.638,138.66,0.0654
S063,89,Q200,SELECT,0.313,1,4.098,70.661,142.758,0.06
S063,90,Q144,SUBQUERIES,0.813,1,0.74,10.743,143.497,0.06
S063,91,Q056,GROUP BY,0.622,1,2.0,15.565,145.497,0.06
S063,92,Q106,TRIGGERS,0.768,0,0.953,7.79,146.45,0.0
S063,93,Q018,FOREIGN KEY,0.452,1,3.312,30.52,149.763,0.06
S063,94,Q480,STORED PROCEDURES,0.638,0,0.485,27.6,150.248,0.0
S063,95,Q203,FOREIGN KEY,0.255,0,0.836,1.321,151.084,0.0152
S063,96,Q056,GROUP BY,0.622,0,3.084,8.671,154.168,0.0
S063,97,Q395,LEFT JOIN,0.643,0,0.444,16.995,154.612,0.0
S063,98,Q421,JOINS,0.5,0,0.058,131.979,154.67,0.0
S063,99,Q453,FOREIGN KEY,0.484,0,0.436,4.023,155.106,0.0
S063,100,Q043,RIGHT JOIN,0.724,0,0.829,31.103,155.936,0.0
S064,1,Q446,NORMALIZATION,0.718,0,0.202,0.202,0.202,0.3749
S064,2,Q474,LEFT JOIN,0.551,1,0.228,0.43,0.43,0.3558
S064,3,Q417,VIEWS,0.67,1,0.88,1.31,1.31,0.3106
S064,4,Q142,STORED PROCEDURES,0.735,0,1.625,2.935,2.935,0.367
S064,5,Q073,RIGHT JOIN,0.571,1,2.648,5.583,5.583,0.2257
S064,6,Q145,VIEWS,0.655,0,1.099,5.371,6.682,0.205
S064,7,Q366,TRIGGERS,0.664,1,0.487,7.169,7.169,0.4437
S064,8,Q140,STORED PROCEDURES,0.717,0,1.659,5.893,8.828,0.2536
S064,9,Q173,SELECT,0.193,1,0.76,9.588,9.588,0.4029
S064,10,Q399,JOINS,0.524,1,0.422,10.009,10.009,0.2492
S064,11,Q174,SELECT,0.261,1,3.207,3.629,13.217,0.4085
S064,12,Q233,INNER JOIN,0.649,1,0.014,13.231,13.231,0.1028
S064,13,Q269,AGGREGATE FUNCTIONS,0.384,1,1.492,14.722,14.722,0.3236
S064,14,Q276,VIEWS,0.484,1,0.475,8.516,15.197,0.1373
S064,15,Q423,TRANSACTIONS,0.738,0,0.224,15.422,15.422,0.0225
S064,16,Q449,HAVING,0.677,0,2.368,17.79,17.79,0.1814
S064,17,Q147,INDEXING,0.616,0,5.601,23.39,23.39,0.0
S064,18,Q444,PRIMARY KEY,0.235,0,1.159,24.549,24.549,0.0434
S064,19,Q190,SUBQUERIES,0.738,0,0.091,24.64,24.64,0.0
S064,20,Q304,ORDER BY,0.33,0,0.536,25.176,25.176,0.0057
S064,21,Q196,STORED PROCEDURES,0.722,0,2.362,18.711,27.538,0.0
S064,22,Q211,GROUP BY,0.403,0,1.204,28.742,28.742,0.0
S064,23,Q367,HAVING,0.509,0,1.801,12.753,30.543,0.0
S064,24,Q484,JOINS,0.63,0,0.557,21.09,31.1,0.0
S064,25,Q418,WHERE,0.336,0,7.022,38.121,38.121,0.0
S064,26,Q498,FOREIGN KEY,0.401,0,0.373,38.495,38.495,0.0
S064,27,Q471,STORED PROCEDURES,0.749,0,1.491,12.447,39.985,0.0
S064,28,Q490,STORED PROCEDURES,0.81,0,2.219,2.219,42.204,0.0
S064,29,Q261,NORMALIZATION,0.767,1,1.988,43.99,44.192,0.06
S064,30,Q442,NORMALIZATION,0.586,0,0.792,0.792,44.984,0.0231
S064,31,Q166,LEFT JOIN,0.618,0,1.034,45.588,46.018,0.0
S064,32,Q129,SELECT,0.199,1,0.696,33.497,46.714,0.06
S064,33,Q354,JOINS,0.56,0,1.293,16.908,48.008,0.0
S064,34,Q343,VIEWS,0.483,0,1.671,34.482,49.679,0.0
S064,35,Q466,AGGREGATE FUNCTIONS,0.31,0,3.824,38.781,53.503,0.0
S064,36,Q217,PRIMARY KEY,0.385,1,0.186,29.139,53.689,0.06
S064,37,Q191,SELECT,0.285,0,2.272,9.246,55.96,0.0
S064,38,Q173,SELECT,0.193,0,0.845,0.845,56.805,0.0
S064,39,Q193,INDEXING,0.643,0,13.439,46.854,70.244,0.0
S064,40,Q165,NORMALIZATION,0.71,0,1.175,26.435,71.419,0.0
S064,41,Q058,AGGREGATE FUNCTIONS,0.361,0,2.515,20.43,73.934,0.0
S064,42,Q307,VIEWS,0.44,1,0.552,24.806,74.485,0.06
S064,43,Q247,PRIMARY KEY,0.388,0,1.721,22.518,76.207,0.0
S064,44,Q367,HAVING,0.509,0,0.324,45.988,76.531,0.0
S064,45,Q225,FOREIGN KEY,0.419,0,1.023,39.059,77.553,0.0
S064,46,Q297,RIGHT JOIN,0.489,0,1.216,73.186,78.769,0.0
S064,47,Q493,LEFT JOIN,0.431,0,1.038,33.789,79.807,0.0
S064,48,Q491,LEFT JOIN,0.408,1,2.213,2.213,82.02,0.06
S064,49,Q390,GROUP BY,0.446,0,3.516,56.794,85.537,0.0
S064,50,Q450,LEFT JOIN,0.595,0,3.656,7.173,89.193,0.0
S064,51,Q484,JOINS,0.63,1,0.793,41.978,89.986,0.06
S064,52,Q284,HAVING,0.408,0,3.87,17.326,93.856,0.0
S064,53,Q103,WHERE,0.449,0,1.898,57.633,95.754,0.0
S064,54,Q087,JOINS,0.52,0,0.409,6.177,96.163,0.0
S064,55,Q335,JOINS,0.436,0,3.395,3.395,99.558,0.0
S064,56,Q278,INDEXING,0.499,0,1.098,30.412,100.656,0.0
S064,57,Q391,ORDER BY,0.213,0,2.525,78.005,103.181,0.0
S064,58,Q079,WHERE,0.326,1,0.631,8.058,103.812,0.06
S064,59,Q104,UNION,0.517,0,1.573,105.385,105.385,0.0
S064,60,Q230,GROUP BY,0.634,0,0.388,20.236,105.773,0.0
S064,61,Q142,STORED PROCEDURES,0.735,0,0.357,63.926,106.13,0.0
S064,62,Q084,GROUP BY,0.374,1,6.706,7.063,112.836,0.06
S064,63,Q428,SELECT,0.158,1,1.734,57.764,114.569,0.06
S064,64,Q409,FOREIGN KEY,0.381,0,0.419,37.435,114.988,0.0
S064,65,Q248,JOINS,0.612,0,1.873,17.303,116.861,0.0
S064,66,Q402,AGGREGATE FUNCTIONS,0.582,0,0.495,43.422,117.355,0.0
S064,67,Q448,GROUP BY,0.626,0,0.197,4.717,117.553,0.0
S064,68,Q124,FOREIGN KEY,0.397,0,0.789,3.353,118.342,0.0
S064,69,Q111,TRANSACTIONS,0.674,0,0.227,103.147,118.568,0.0
S064,70,Q288,VIEWS,0.651,0,0.981,45.064,119.55,0.0
S064,71,Q239,INNER JOIN,0.478,0,3.428,109.747,122.978,0.0
S064,72,Q029,WHERE,0.299,1,1.777,20.943,124.755,0.06
S064,73,Q383,PRIMARY KEY,0.392,0,0.45,48.999,125.205,0.0
S064,74,Q139,SELECT,0.229,0,0.743,11.38,125.949,0.0
S064,75,Q386,SELECT,0.334,0,0.101,0.101,126.05,0.0
S064,76,Q035,PRIMARY KEY,0.235,1,0.256,1.1,126.306,0.06
S064,77,Q196,STORED PROCEDURES,0.722,0,1.72,21.895,128.025,0.0
S064,78,Q432,NORMALIZATION,0.754,0,3.256,59.863,131.281,0.0
S064,79,Q337,FOREIGN KEY,0.341,0,0.712,13.652,131.994,0.0
S064,80,Q261,NORMALIZATION,0.767,0,6.367,7.079,138.361,0.0
S064,81,Q027,GROUP BY,0.405,0,0.392,21.2,138.753,0.0
S064,82,Q146,RIGHT JOIN,0.661,0,0.268,60.252,139.021,0.0
S064,83,Q132,VIEWS,0.698,1,1.321,20.792,140.342,0.06
S064,84,Q042,SUBQUERIES,0.658,0,6.432,122.134,146.774,0.0
S064,85,Q260,PRIMARY KEY,0.442,0,1.445,21.913,148.219,0.0
S064,86,Q324,WHERE,0.282,1,1.632,25.096,149.851,0.06
S064,87,Q080,HAVING,0.504,0,3.925,59.919,153.775,0.0
S064,88,Q424,SELECT,0.283,0,0.961,28.686,154.736,0.0
S064,89,Q165,NORMALIZATION,0.71,1,1.251,17.626,155.987,0.06
S064,90,Q381,WHERE,0.339,1,4.443,10.579,160.43,0.06
S064,91,Q403,UNION,0.464,0,0.298,55.343,160.728,0.0
S064,92,Q055,INNER JOIN,0.493,1,1.404,39.154,162.132,0.06
S064,93,Q460,RIGHT JOIN,0.512,0,0.787,23.898,162.918,0.0
S064,94,Q406,HAVING,0.46,1,0.012,9.155,162.93,0.06
S064,95,Q221,PRIMARY KEY,0.424,1,5.272,19.983,168.202,0.06
S064,96,Q242,WHERE,0.22,0,0.06,7.832,168.262,0.0
S064,97,Q465,WHERE,0.43,0,0.438,0.438,168.7,0.0
S064,98,Q412,LEFT JOIN,0.536,1,1.492,80.999,170.192,0.06
S064,99,Q437,TRIGGERS,0.758,0,0.891,163.914,171.083,0.0
S064,100,Q004,AGGREGATE FUNCTIONS,0.438,0,1.601,55.328,172.684,0.0
S065,1,Q380,JOINS,0.601,1,0.793,0.793,0.793,0.5156
S065,2,Q423,TRANSACTIONS,0.738,1,1.818,2.611,2.611,0.3819
S065,3,Q191,SELECT,0.285,1,0.946,3.557,3.557,0.2881
S065,4,Q266,FOREIGN KEY,0.324,0,0.749,4.306,4.306,0.2523
S065,5,Q465,WHERE,0.43,0,0.157,4.463,4.463,0.2499
S065,6,Q243,HAVING,0.47,1,0.271,4.733,4.733,0.3111
S065,7,Q462,TRANSACTIONS,0.661,1,2.648,4.77,7.381,0.3704
S065,8,Q453,FOREIGN KEY,0.484,1,1.13,4.206,8.511,0.2492
S065,9,Q174,SELECT,0.261,1,2.359,7.313,10.87,0.2384
S065,10,Q205,VIEWS,0.597,1,0.106,10.977,10.977,0.2296
S065,11,Q025,LEFT JOIN,0.627,0,0.377,11.354,11.354,0.0166
S065,12,Q436,PRIMARY KEY,0.38,1,0.545,11.899,11.899,0.2167
S065,13,Q339,RIGHT JOIN,0.478,1,0.172,12.07,12.07,0.2602
S065,14,Q276,VIEWS,0.484,0,2.212,3.306,14.282,0.155
S065,15,Q409,FOREIGN KEY,0.381,0,0.628,6.399,14.91,0.1282
S065,16,Q500,GROUP BY,0.633,0,5.341,20.251,20.251,0.0
S065,17,Q166,LEFT JOIN,0.618,0,5.989,14.886,26.24,0.0
S065,18,Q475,SELECT,0.227,0,2.097,17.467,28.337,0.0
S065,19,Q091,ORDER BY,0.348,0,0.717,29.055,29.055,0.0343
S065,20,Q338,FOREIGN KEY,0.333,1,2.04,16.185,31.095,0.06
S065,21,Q317,NORMALIZATION,0.619,1,1.22,32.315,32.315,0.06
S065,22,Q339,RIGHT JOIN,0.478,1,2.332,22.576,34.647,0.06
S065,23,Q413,LEFT JOIN,0.513,1,5.847,14.254,40.494,0.06
S065,24,Q357,INNER JOIN,0.447,0,3.409,43.903,43.903,0.0
S065,25,Q327,INDEXING,0.496,0,6.137,50.039,50.039,0.0
S065,26,Q360,PRIMARY KEY,0.348,1,1.938,40.079,51.978,0.06
S065,27,Q242,WHERE,0.22,0,1.477,48.992,53.455,0.0
S065,28,Q019,RIGHT JOIN,0.455,0,1.109,19.917,54.563,0.0
S065,29,Q058,AGGREGATE FUNCTIONS,0.361,1,3.648,58.211,58.211,0.06
S065,30,Q050,ORDER BY,0.39,1,4.271,33.427,62.482,0.06
S065,31,Q103,WHERE,0.449,0,1.228,10.255,63.71,0.0
S065,32,Q417,VIEWS,0.67,1,1.019,50.446,64.729,0.06
S065,33,Q445,STORED PROCEDURES,0.733,1,0.285,65.014,65.014,0.06
S065,34,Q318,SUBQUERIES,0.809,0,0.581,65.594,65.594,0.0
S065,35,Q447,AGGREGATE FUNCTIONS,0.58,1,0.47,7.853,66.064,0.06
S065,36,Q316,JOINS,0.535,0,0.305,65.577,66.37,0.0
S065,37,Q285,SELECT,0.344,0,0.207,38.24,66.577,0.0
S065,38,Q287,VIEWS,0.513,0,0.11,1.959,66.687,0.0056
S065,39,Q225,FOREIGN KEY,0.419,1,0.196,35.788,66.883,0.06
S065,40,Q051,FOREIGN KEY,0.373,1,0.429,0.429,67.312,0.1136
S065,41,Q280,JOINS,0.685,1,0.107,1.049,67.419,0.06
S065,42,Q174,SELECT,0.261,1,2.358,3.2,69.777,0.06
S065,43,Q135,HAVING,0.678,0,0.914,65.958,70.691,0.0
S065,44,Q176,PRIMARY KEY,0.27,1,0.922,19.636,71.614,0.06
S065,45,Q461,RIGHT JOIN,0.484,0,1.882,18.933,73.496,0.0
S065,46,Q107,ORDER BY,0.414,0,3.383,14.397,76.879,0.0
S065,47,Q430,SUBQUERIES,0.653,1,9.961,21.246,86.84,0.06
S065,48,Q022,UNION,0.499,0,1.99,88.83,88.83,0.0
S065,49,Q389,HAVING,0.552,1,0.316,18.455,89.146,0.06
S065,50,Q261,NORMALIZATION,0.767,1,1.237,58.069,90.383,0.06
S065,51,Q287,VIEWS,0.513,1,0.475,24.171,90.858,0.06
S065,52,Q423,TRANSACTIONS,0.738,0,0.702,84.179,91.56,0.0
S065,53,Q205,VIEWS,0.597,0,1.171,1.873,92.731,0.0069
S065,54,Q111,TRANSACTIONS,0.674,0,2.086,3.257,94.817,0.0
S065,55,Q126,LEFT JOIN,0.589,0,0.067,54.39,94.884,0.0
S065,56,Q286,STORED PROCEDURES,0.846,0,0.033,29.904,94.917,0.0
S065,57,Q035,PRIMARY KEY,0.235,1,0.822,24.126,95.739,0.06
S065,58,Q478,VIEWS,0.411,1,0.195,3.203,95.934,0.06
S065,59,Q447,AGGREGATE FUNCTIONS,0.58,0,0.431,30.3,96.365,0.0
S065,60,Q284,HAVING,0.408,0,0.614,7.833,96.979,0.0
S065,61,Q310,WHERE,0.401,0,1.475,34.745,98.455,0.0
S065,62,Q043,RIGHT JOIN,0.724,0,0.061,25.02,98.516,0.0
S065,63,Q134,ORDER BY,0.387,0,4.904,26.541,103.42,0.0
S065,64,Q229,TRANSACTIONS,0.702,0,0.799,9.402,104.219,0.0
S065,65,Q428,SELECT,0.158,1,0.288,34.73,104.508,0.06
S065,66,Q450,LEFT JOIN,0.595,1,1.877,11.5,106.384,0.06
S065,67,Q292,HAVING,0.7,1,1.244,10.649,107.628,0.06
S065,68,Q359,UNION,0.42,0,3.067,21.865,110.695,0.0
S065,69,Q357,INNER JOIN,0.447,1,3.692,70.485,114.387,0.06
S065,70,Q403,UNION,0.464,1,0.374,4.066,114.761,0.06
S065,71,Q091,ORDER BY,0.348,1,1.488,12.829,116.249,0.06
S065,72,Q122,INDEXING,0.478,0,1.628,67.838,117.877,0.0
S065,73,Q309,HAVING,0.586,0,4.595,14.844,122.472,0.0
S065,74,Q073,RIGHT JOIN,0.571,0,1.904,25.86,124.376,0.0
S065,75,Q316,JOINS,0.535,0,0.933,57.89,125.31,0.0
S065,76,Q431,JOINS,0.561,0,3.3,3.3,128.61,0.0
S065,77,Q417,VIEWS,0.67,0,0.245,32.921,128.855,0.0
S065,78,Q372,INDEXING,0.498,1,1.21,12.188,130.065,0.06
S065,79,Q472,INNER JOIN,0.643,1,0.236,15.913,130.301,0.06
S065,80,Q020,WHERE,0.371,0,0.689,32.535,130.99,0.0
S065,81,Q019,RIGHT JOIN,0.455,1,1.598,8.212,132.588,0.06
S065,82,Q107,ORDER BY,0.414,0,5.425,21.764,138.013,0.0
S065,83,Q147,INDEXING,0.616,0,0.401,8.349,138.414,0.0
S065,84,Q440,SUBQUERIES,0.653,0,0.821,52.395,139.235,0.0
S065,85,Q369,PRIMARY KEY,0.283,0,0.069,43.565,139.304,0.0
S065,86,Q395,LEFT JOIN,0.643,0,3.205,36.125,142.509,0.0
S065,87,Q049,HAVING,0.692,1,1.514,21.551,144.024,0.06
S065,88,Q303,WHERE,0.319,0,1.512,14.546,145.536,0.0
S065,89,Q283,STORED PROCEDURES,0.715,0,2.345,52.963,147.88,0.0
S065,90,Q489,SELECT,0.156,1,8.507,51.88,156.387,0.06
S065,91,Q047,LEFT JOIN,0.482,1,1.038,14.917,157.426,0.06
S065,92,Q397,RIGHT JOIN,0.678,0,1.033,25.871,158.459,0.0
S065,93,Q010,UNION,0.357,1,0.455,44.153,158.914,0.06
S065,94,Q382,LEFT JOIN,0.543,1,1.914,3.402,160.828,0.069
S065,95,Q327,INDEXING,0.496,0,1.469,23.883,162.297,0.0
S065,96,Q311,INNER JOIN,0.391,0,0.563,32.56,162.86,0.0
S065,97,Q171,HAVING,0.455,0,0.267,19.104,163.127,0.0
S065,98,Q014,UNION,0.504,0,1.182,5.396,164.309,0.0
S065,99,Q347,FOREIGN KEY,0.405,0,2.295,99.292,166.604,0.0
S065,100,Q133,FOREIGN KEY,0.479,1,0.008,0.008,166.613,0.06
S066,1,Q171,HAVING,0.455,1,0.086,0.086,0.086,0.3442
S066,2,Q262,AGGREGATE FUNCTIONS,0.576,0,4.978,5.064,5.064,0.1824
S066,3,Q391,ORDER BY,0.213,1,0.134,5.198,5.198,0.432
S066,4,Q333,HAVING,0.504,0,0.021,5.133,5.219,0.2422
S066,5,Q045,WHERE,0.224,0,1.024,6.243,6.243,0.0962
S066,6,Q201,AGGREGATE FUNCTIONS,0.359,0,2.944,4.123,9.187,0.0955
S066,7,Q286,STORED PROCEDURES,0.846,0,0.417,9.604,9.604,0.0398
S066,8,Q486,INNER JOIN,0.576,0,1.07,10.674,10.674,0.1465
S066,9,Q385,GROUP BY,0.478,0,0.848,11.522,11.522,0.2553
S066,10,Q163,INNER JOIN,0.376,1,1.551,2.4,13.073,0.1705
S066,11,Q414,TRIGGERS,0.737,0,4.552,17.626,17.626,0.1132
S066,12,Q248,JOINS,0.612,0,0.334,17.96,17.96,0.0445
S066,13,Q002,NORMALIZATION,0.72,0,0.363,18.322,18.322,0.0596
S066,14,Q324,WHERE,0.282,0,2.705,14.784,21.027,0.0
S066,15,Q279,FOREIGN KEY,0.269,1,2.585,23.613,23.613,0.1513
S066,16,Q462,TRANSACTIONS,0.661,1,3.79,27.402,27.402,0.06
S066,17,Q221,PRIMARY KEY,0.424,0,0.138,27.54,27.54,0.0
S066,18,Q183,FOREIGN KEY,0.495,1,1.308,5.236,28.848,0.1327
S066,19,Q132,VIEWS,0.698,0,0.623,29.471,29.471,0.0
S066,20,Q417,VIEWS,0.67,0,0.023,0.023,29.493,0.0
S066,21,Q238,VIEWS,0.43,0,0.556,0.556,30.049,0.0
S066,22,Q316,JOINS,0.535,0,0.234,12.324,30.283,0.0
S066,23,Q435,NORMALIZATION,0.623,0,1.845,13.806,32.128,0.0
S066,24,Q242,WHERE,0.22,1,0.355,11.456,32.483,0.06
S066,25,Q365,LEFT JOIN,0.529,0,1.987,34.47,34.47,0.0
S066,26,Q078,VIEWS,0.48,0,2.676,7.097,37.146,0.0
S066,27,Q402,AGGREGATE FUNCTIONS,0.582,1,3.045,31.004,40.191,0.06
S066,28,Q425,INNER JOIN,0.522,0,1.82,28.937,42.011,0.0
S066,29,Q209,STORED PROCEDURES,0.739,1,0.895,33.302,42.906,0.06
S066,30,Q073,RIGHT JOIN,0.571,1,3.333,46.238,46.238,0.06
S066,31,Q264,TRANSACTIONS,0.523,0,8.248,27.084,54.486,0.0
S066,32,Q031,INDEXING,0.548,0,0.136,54.622,54.622,0.0
S066,33,Q140,STORED PROCEDURES,0.717,0,0.697,12.414,55.32,0.0
S066,34,Q442,NORMALIZATION,0.586,0,1.572,24.764,56.892,0.0
S066,35,Q449,HAVING,0.677,0,2.255,53.927,59.146,0.0
S066,36,Q145,VIEWS,0.655,0,3.134,25.134,62.28,0.0
S066,37,Q162,UNION,0.64,0,0.628,62.908,62.908,0.0
S066,38,Q029,WHERE,0.299,0,0.027,30.452,62.936,0.0
S066,39,Q059,PRIMARY KEY,0.219,0,1.148,36.543,64.083,0.0
S066,40,Q107,ORDER BY,0.414,1,3.636,62.521,67.719,0.06
S066,41,Q149,ORDER BY,0.264,1,1.716,1.716,69.435,0.0943
S066,42,Q082,WHERE,0.333,0,0.21,6.709,69.645,0.0
S066,43,Q436,PRIMARY KEY,0.38,0,1.021,6.583,70.666,0.0
S066,44,Q233,INNER JOIN,0.649,0,2.699,31.355,73.365,0.0
S066,45,Q068,ORDER BY,0.202,1,1.662,5.592,75.027,0.0704
S066,46,Q397,RIGHT JOIN,0.678,0,4.469,33.258,79.496,0.0
S066,47,Q287,VIEWS,0.513,1,0.911,18.127,80.407,0.06
S066,48,Q199,UNION,0.466,0,3.098,20.597,83.505,0.0
S066,49,Q381,WHERE,0.339,0,3.242,17.102,86.747,0.0
S066,50,Q313,WHERE,0.359,0,1.051,1.051,87.798,0.0
S066,51,Q284,HAVING,0.408,0,0.402,29.054,88.201,0.0
S066,52,Q199,UNION,0.466,1,2.434,7.13,90.635,0.06
S066,53,Q220,TRANSACTIONS,0.748,0,0.464,36.613,91.099,0.0
S066,54,Q119,INDEXING,0.674,0,1.677,38.154,92.776,0.0
S066,55,Q458,TRIGGERS,0.727,0,1.248,76.398,94.024,0.0
S066,56,Q289,WHERE,0.209,1,5.73,11.955,99.753,0.06
S066,57,Q051,FOREIGN KEY,0.373,0,0.144,71.049,99.898,0.0
S066,58,Q250,INNER JOIN,0.477,0,1.719,28.251,101.616,0.0
S066,59,Q224,RIGHT JOIN,0.546,0,2.871,24.991,104.487,0.0
S066,60,Q497,ORDER BY,0.261,0,3.305,32.765,107.792,0.0
S066,61,Q173,SELECT,0.193,0,0.78,108.572,108.572,0.0
S066,62,Q194,VIEWS,0.66,0,0.697,28.861,109.269,0.0
S066,63,Q159,JOINS,0.491,0,0.577,79.562,109.846,0.0
S066,64,Q264,TRANSACTIONS,0.523,1,1.956,20.703,111.802,0.06
S066,65,Q442,NORMALIZATION,0.586,0,3.022,57.932,114.824,0.0
S066,66,Q131,ORDER BY,0.392,1,1.673,8.705,116.497,0.06
S066,67,Q500,GROUP BY,0.633,0,0.397,105.372,116.894,0.0
S066,68,Q500,GROUP BY,0.633,0,1.334,1.334,118.228,0.0
S066,69,Q264,TRANSACTIONS,0.523,1,0.411,6.837,118.639,0.06
S066,70,Q025,LEFT JOIN,0.627,1,1.234,85.402,119.873,0.06
S066,71,Q124,FOREIGN KEY,0.397,0,0.775,20.75,120.648,0.0
S066,72,Q218,ORDER BY,0.226,0,1.132,5.282,121.78,0.0
S066,73,Q414,TRIGGERS,0.737,0,1.603,29.359,123.383,0.0
S066,74,Q416,NORMALIZATION,0.673,0,0.699,9.257,124.082,0.0
S066,75,Q038,SELECT,0.2,0,0.664,16.173,124.745,0.0
S066,76,Q302,LEFT JOIN,0.407,0,0.654,5.527,125.399,0.0
S066,77,Q490,STORED PROCEDURES,0.81,0,1.906,71.985,127.305,0.0
S066,78,Q159,JOINS,0.491,0,0.855,18.314,128.159,0.0
S066,79,Q162,UNION,0.64,0,1.715,39.239,129.874,0.0
S066,80,Q484,JOINS,0.63,0,1.43,3.144,131.304,0.0
S066,81,Q260,PRIMARY KEY,0.442,1,1.643,62.28,132.947,0.06
S066,82,Q214,INDEXING,0.488,0,0.372,40.543,133.319,0.0
S066,83,Q143,WHERE,0.264,1,2.009,35.574,135.328,0.06
S066,84,Q277,TRANSACTIONS,0.681,0,1.096,17.785,136.423,0.0
S066,85,Q437,TRIGGERS,0.758,0,1.204,14.245,137.627,0.0
S066,86,Q032,FOREIGN KEY,0.299,1,0.06,17.039,137.687,0.06
S066,87,Q063,UNION,0.406,0,0.077,7.89,137.764,0.0
S066,88,Q251,TRIGGERS,0.583,0,0.109,0.245,137.873,0.0
S066,89,Q229,TRANSACTIONS,0.702,1,0.371,1.82,138.244,0.06
S066,90,Q072,NORMALIZATION,0.55,0,1.237,15.399,139.48,0.0
S066,91,Q395,LEFT JOIN,0.643,0,10.121,24.202,149.601,0.0
S066,92,Q407,ORDER BY,0.241,0,0.215,28.037,149.816,0.0
S066,93,Q423,TRANSACTIONS,0.738,0,2.111,13.684,151.927,0.0
S066,94,Q062,JOINS,0.537,1,2.009,22.632,153.936,0.06
S066,95,Q488,FOREIGN KEY,0.382,0,4.023,20.272,157.959,0.0
S066,96,Q035,PRIMARY KEY,0.235,1,1.619,26.631,159.578,0.06
S066,97,Q228,HAVING,0.488,0,0.619,71.996,160.196,0.0
S066,98,Q162,UNION,0.64,1,3.322,25.754,163.519,0.06
S066,99,Q432,NORMALIZATION,0.754,1,0.597,24.635,164.115,0.06
S066,100,Q388,FOREIGN KEY,0.322,1,1.004,7.16,165.119,0.06
S067,1,Q056,GROUP BY,0.622,0,2.969,2.969,2.969,0.2474
S067,2,Q260,PRIMARY KEY,0.442,0,2.808,5.777,5.777,0.3048
S067,3,Q404,SELECT,0.335,0,1.644,7.421,7.421,0.1989
S067,4,Q160,AGGREGATE FUNCTIONS,0.338,0,0.116,7.537,7.537,0.2775
S067,5,Q140,STORED PROCEDURES,0.717,0,2.933,10.47,10.47,0.0301
S067,6,Q435,NORMALIZATION,0.623,0,2.086,12.556,12.556,0.0
S067,7,Q055,INNER JOIN,0.493,0,0.607,13.163,13.163,0.1788
S067,8,Q272,LEFT JOIN,0.451,0,3.508,16.671,16.671,0.0024
S067,9,Q078,VIEWS,0.48,0,2.015,18.686,18.686,0.1436
S067,10,Q275,HAVING,0.692,0,0.269,18.955,18.955,0.1096
S067,11,Q063,UNION,0.406,1,0.461,19.416,19.416,0.255
S067,12,Q233,INNER JOIN,0.649,0,0.846,7.099,20.262,0.0474
S067,13,Q432,NORMALIZATION,0.754,0,0.947,8.653,21.209,0.0
S067,14,Q428,SELECT,0.158,1,1.185,14.973,22.394,0.06
S067,15,Q496,NORMALIZATION,0.716,0,0.433,1.617,22.827,0.0
S067,16,Q139,SELECT,0.229,1,0.722,1.155,23.549,0.1027
S067,17,Q187,HAVING,0.52,0,0.164,4.757,23.712,0.0133
S067,18,Q469,SELECT,0.241,0,0.031,0.195,23.744,0.0748
S067,19,Q344,SELECT,0.171,0,0.547,0.547,24.29,0.0416
S067,20,Q314,NORMALIZATION,0.631,0,0.511,1.975,24.802,0.0
S067,21,Q169,VIEWS,0.52,0,0.267,6.383,25.069,0.0228
S067,22,Q070,HAVING,0.608,1,0.502,1.859,25.571,0.06
S067,23,Q351,NORMALIZATION,0.753,0,1.386,2.155,26.957,0.0
S067,24,Q133,FOREIGN KEY,0.479,0,1.682,28.639,28.639,0.0043
S067,25,Q287,VIEWS,0.513,0,1.959,5.53,30.598,0.0
S067,26,Q295,SUBQUERIES,0.805,0,3.632,34.23,34.23,0.0
S067,27,Q117,RIGHT JOIN,0.503,0,0.67,34.899,34.899,0.0
S067,28,Q122,INDEXING,0.478,0,0.213,35.113,35.113,0.0
S067,29,Q184,HAVING,0.542,0,0.571,10.113,35.684,0.0
S067,30,Q024,VIEWS,0.478,0,1.135,6.221,36.819,0.0
S067,31,Q019,RIGHT JOIN,0.455,1,1.275,3.195,38.094,0.06
S067,32,Q180,INDEXING,0.498,0,2.689,5.671,40.783,0.0
S067,33,Q433,TRANSACTIONS,0.619,0,1.811,42.594,42.594,0.0
S067,34,Q207,WHERE,0.265,0,1.762,44.357,44.357,0.0
S067,35,Q364,WHERE,0.339,0,0.687,0.687,45.043,0.0
S067,36,Q227,NORMALIZATION,0.525,1,2.982,21.069,48.025,0.06
S067,37,Q048,ORDER BY,0.318,0,2.583,50.608,50.608,0.0
S067,38,Q157,TRIGGERS,0.69,0,0.005,50.613,50.613,0.0
S067,39,Q308,NORMALIZATION,0.626,0,3.243,5.831,53.856,0.0
S067,40,Q017,INNER JOIN,0.354,0,0.2,33.794,54.056,0.0
S067,41,Q206,SUBQUERIES,0.557,0,0.562,20.388,54.618,0.0
S067,42,Q228,HAVING,0.488,0,1.637,20.571,56.255,0.0
S067,43,Q358,INNER JOIN,0.377,0,0.604,2.802,56.858,0.0
S067,44,Q198,TRIGGERS,0.796,0,1.156,7.401,58.014,0.0
S067,45,Q129,SELECT,0.199,0,0.186,33.911,58.201,0.0
S067,46,Q001,INNER JOIN,0.589,1,1.437,2.78,59.638,0.06
S067,47,Q368,WHERE,0.261,0,3.593,18.188,63.232,0.0
S067,48,Q099,STORED PROCEDURES,0.827,0,2.708,55.47,65.94,0.0
S067,49,Q381,WHERE,0.339,0,4.337,7.046,70.277,0.0
S067,50,Q453,FOREIGN KEY,0.484,0,0.789,42.427,71.066,0.0
S067,51,Q431,JOINS,0.561,0,6.101,77.168,77.168,0.0
S067,52,Q216,HAVING,0.472,0,0.442,21.355,77.61,0.0
S067,53,Q014,UNION,0.504,0,1.292,59.486,78.902,0.0
S067,54,Q199,UNION,0.466,1,1.448,1.448,80.35,0.06
S067,55,Q146,RIGHT JOIN,0.661,0,0.301,42.557,80.651,0.0
S067,56,Q375,TRIGGERS,0.555,0,0.119,22.756,80.77,0.0
S067,57,Q278,INDEXING,0.499,0,1.076,41.062,81.846,0.0
S067,58,Q100,SUBQUERIES,0.627,0,0.005,27.233,81.851,0.0
S067,59,Q365,LEFT JOIN,0.529,0,0.845,66.024,82.695,0.0
S067,60,Q007,WHERE,0.38,0,3.72,16.138,86.415,0.0
S067,61,Q370,SELECT,0.152,0,1.738,29.953,88.154,0.0
S067,62,Q464,INNER JOIN,0.454,0,0.861,29.376,89.014,0.0
S067,63,Q084,GROUP BY,0.374,0,5.005,91.05,94.019,0.0
S067,64,Q128,SELECT,0.294,0,2.189,8.055,96.209,0.0
S067,65,Q107,ORDER BY,0.414,0,1.973,47.573,98.181,0.0
S067,66,Q457,SELECT,0.367,0,0.862,2.835,99.043,0.0
S067,67,Q291,JOINS,0.608,0,0.823,22.699,99.866,0.0
S067,68,Q385,GROUP BY,0.478,0,1.863,7.71,101.729,0.0
S067,69,Q189,GROUP BY,0.364,0,0.763,0.763,102.492,0.0
S067,70,Q284,HAVING,0.408,1,0.906,25.788,103.398,0.06
S067,71,Q380,JOINS,0.601,0,0.179,3.711,103.577,0.0
S067,72,Q496,NORMALIZATION,0.716,0,5.31,55.032,108.888,0.0
S067,73,Q196,STORED PROCEDURES,0.722,0,0.666,43.613,109.553,0.0
S067,74,Q430,SUBQUERIES,0.653,1,1.298,29.0,110.851,0.06
S067,75,Q366,TRIGGERS,0.664,0,1.021,31.102,111.872,0.0
S067,76,Q318,SUBQUERIES,0.809,0,1.57,2.591,113.442,0.0
S067,77,Q194,VIEWS,0.66,1,5.54,82.163,118.982,0.06
S067,78,Q203,FOREIGN KEY,0.255,0,0.648,48.564,119.63,0.0
S067,79,Q159,JOINS,0.491,0,0.753,16.806,120.383,0.0
S067,80,Q309,HAVING,0.586,1,0.087,17.072,120.47,0.06
S067,81,Q167,PRIMARY KEY,0.442,0,3.925,118.618,124.394,0.0
S067,82,Q413,LEFT JOIN,0.513,1,0.274,41.973,124.668,0.06
S067,83,Q002,NORMALIZATION,0.72,0,0.74,16.521,125.408,0.0
S067,84,Q285,SELECT,0.344,0,3.531,29.896,128.94,0.0
S067,85,Q457,SELECT,0.367,0,1.456,1.456,130.395,0.0
S067,86,Q334,SUBQUERIES,0.603,0,1.752,18.706,132.148,0.0
S067,87,Q414,TRIGGERS,0.737,0,0.834,21.109,132.982,0.0
S067,88,Q448,GROUP BY,0.626,0,0.897,31.387,133.879,0.0
S067,89,Q289,WHERE,0.209,0,1.073,48.537,134.952,0.0
S067,90,Q304,ORDER BY,0.33,0,1.361,38.131,136.313,0.0
S067,91,Q125,JOINS,0.518,0,2.074,18.003,138.386,0.0
S067,92,Q027,GROUP BY,0.405,0,0.313,4.82,138.699,0.0
S067,93,Q476,TRIGGERS,0.613,0,0.112,5.829,138.811,0.0
S067,94,Q171,HAVING,0.455,0,0.408,18.749,139.219,0.0
S067,95,Q066,SELECT,0.207,0,1.479,10.302,140.697,0.0
S067,96,Q345,ORDER BY,0.246,1,0.045,4.43,140.743,0.06
S067,97,Q152,PRIMARY KEY,0.249,1,8.191,24.539,148.933,0.06
S067,98,Q223,RIGHT JOIN,0.704,0,0.43,68.712,149.364,0.0
S067,99,Q279,FOREIGN KEY,0.269,1,2.241,31.974,151.604,0.06
S067,100,Q262,AGGREGATE FUNCTIONS,0.576,0,0.673,144.74,152.277,0.0
S068,1,Q257,VIEWS,0.425,1,0.758,0.758,0.758,0.2903
S068,2,Q417,VIEWS,0.67,0,1.711,1.711,2.469,0.2396
S068,3,Q334,SUBQUERIES,0.603,0,0.454,2.923,2.923,0.3561
S068,4,Q094,TRANSACTIONS,0.694,0,1.138,4.061,4.061,0.1656
S068,5,Q323,WHERE,0.355,0,0.474,4.536,4.536,0.3471
S068,6,Q256,ORDER BY,0.346,0,4.297,8.833,8.833,0.2413
S068,7,Q008,JOINS,0.4,0,1.073,9.906,9.906,0.1913
S068,8,Q447,AGGREGATE FUNCTIONS,0.58,1,1.472,11.378,11.378,0.2131
S068,9,Q323,WHERE,0.355,1,1.261,8.103,12.639,0.2855
S068,10,Q092,GROUP BY,0.355,0,0.383,13.022,13.022,0.0074
S068,11,Q315,WHERE,0.287,1,0.257,0.64,13.279,0.3359
S068,12,Q083,JOINS,0.473,1,0.662,4.036,13.941,0.1908
S068,13,Q250,INNER JOIN,0.477,0,0.414,14.355,14.355,0.2298
S068,14,Q391,ORDER BY,0.213,0,0.341,5.863,14.696,0.1284
S068,15,Q169,VIEWS,0.52,1,0.012,12.239,14.708,0.116
S068,16,Q184,HAVING,0.542,0,1.329,16.037,16.037,0.1133
S068,17,Q331,STORED PROCEDURES,0.731,0,4.067,20.104,20.104,0.0
S068,18,Q333,HAVING,0.504,1,3.645,7.713,23.75,0.06
S068,19,Q136,VIEWS,0.566,0,0.672,9.714,24.422,0.0
S068,20,Q500,GROUP BY,0.633,0,2.757,14.157,27.178,0.0
S068,21,Q103,WHERE,0.449,0,0.129,14.028,27.307,0.1005
S068,22,Q006,ORDER BY,0.205,0,0.297,12.908,27.604,0.0
S068,23,Q312,WHERE,0.288,0,0.224,0.521,27.828,0.0677
S068,24,Q498,FOREIGN KEY,0.401,1,4.493,32.321,32.321,0.06
S068,25,Q127,WHERE,0.288,1,2.174,6.666,34.495,0.06
S068,26,Q089,RIGHT JOIN,0.546,0,3.883,38.378,38.378,0.0
S068,27,Q350,TRIGGERS,0.764,1,6.066,44.443,44.443,0.06
S068,28,Q363,NORMALIZATION,0.675,0,3.475,47.918,47.918,0.0
S068,29,Q319,HAVING,0.639,0,0.023,24.191,47.941,0.0
S068,30,Q133,FOREIGN KEY,0.479,1,2.653,18.273,50.594,0.06
S068,31,Q295,SUBQUERIES,0.805,0,0.473,48.144,51.067,0.0
S068,32,Q053,SUBQUERIES,0.682,0,0.475,0.475,51.542,0.0
S068,33,Q321,SUBQUERIES,0.781,0,0.169,0.169,51.711,0.0
S068,34,Q393,HAVING,0.419,1,2.443,6.213,54.154,0.06
S068,35,Q306,UNION,0.518,1,0.58,54.735,54.735,0.06
S068,36,Q083,JOINS,0.473,0,0.299,41.092,55.034,0.0
S068,37,Q232,PRIMARY KEY,0.433,1,0.162,55.196,55.196,0.06
S068,38,Q051,FOREIGN KEY,0.373,1,0.134,4.737,55.33,0.06
S068,39,Q386,SELECT,0.334,0,1.065,56.395,56.395,0.0
S068,40,Q482,WHERE,0.334,0,3.486,25.387,59.881,0.0
S068,41,Q001,INNER JOIN,0.589,0,0.734,46.261,60.616,0.0
S068,42,Q002,NORMALIZATION,0.72,0,0.098,12.796,60.714,0.0
S068,43,Q500,GROUP BY,0.633,0,3.25,36.785,63.963,0.0
S068,44,Q165,NORMALIZATION,0.71,0,4.499,7.748,68.462,0.0
S068,45,Q399,JOINS,0.524,0,3.345,16.773,71.807,0.0
S068,46,Q491,LEFT JOIN,0.408,0,2.395,74.202,74.202,0.0
S068,47,Q058,AGGREGATE FUNCTIONS,0.361,0,2.508,65.332,76.71,0.0
S068,48,Q426,JOINS,0.626,0,1.275,6.178,77.985,0.0
S068,49,Q454,AGGREGATE FUNCTIONS,0.435,1,5.732,7.007,83.717,0.06
S068,50,Q451,VIEWS,0.573,0,0.175,59.47,83.892,0.0
S068,51,Q365,LEFT JOIN,0.529,0,0.267,9.957,84.159,0.0
S068,52,Q492,ORDER BY,0.258,0,0.218,56.773,84.377,0.0
S068,53,Q491,LEFT JOIN,0.408,0,1.389,1.607,85.766,0.0
S068,54,Q273,GROUP BY,0.489,0,2.406,24.209,88.173,0.0
S068,55,Q185,INDEXING,0.692,0,3.146,91.318,91.318,0.0
S068,56,Q397,RIGHT JOIN,0.678,0,0.3,53.241,91.619,0.0
S068,57,Q319,HAVING,0.639,1,1.754,39.219,93.373,0.06
S068,58,Q469,SELECT,0.241,0,5.307,42.284,98.679,0.0
S068,59,Q071,SUBQUERIES,0.651,0,0.479,47.447,99.158,0.0
S068,60,Q484,JOINS,0.63,0,0.675,21.848,99.833,0.0
S068,61,Q451,VIEWS,0.573,1,1.198,17.139,101.031,0.06
S068,62,Q219,VIEWS,0.56,1,0.821,0.821,101.852,0.1077
S068,63,Q282,WHERE,0.221,0,0.419,42.389,102.27,0.0
S068,64,Q076,WHERE,0.378,0,0.252,0.252,102.522,0.0
S068,65,Q026,JOINS,0.462,0,2.843,5.532,105.365,0.0
S068,66,Q128,SELECT,0.294,1,1.657,8.343,107.022,0.06
S068,67,Q388,FOREIGN KEY,0.322,0,2.339,54.031,109.361,0.0
S068,68,Q124,FOREIGN KEY,0.397,1,1.727,1.727,111.089,0.06
S068,69,Q273,GROUP BY,0.489,0,0.141,23.057,111.229,0.0
S068,70,Q405,LEFT JOIN,0.648,0,0.01,25.473,111.239,0.0
S068,71,Q219,VIEWS,0.56,0,0.543,9.93,111.782,0.0
S068,72,Q486,INNER JOIN,0.576,1,8.804,59.97,120.586,0.06
S068,73,Q045,WHERE,0.224,1,0.638,18.702,121.225,0.06
S068,74,Q278,INDEXING,0.499,1,1.086,30.992,122.31,0.06
S068,75,Q454,AGGREGATE FUNCTIONS,0.435,1,0.186,38.779,122.496,0.06
S068,76,Q445,STORED PROCEDURES,0.733,0,0.386,102.778,122.882,0.0
S068,77,Q384,JOINS,0.69,0,0.219,17.737,123.102,0.0
S068,78,Q440,SUBQUERIES,0.653,1,2.37,26.313,125.471,0.06
S068,79,Q139,SELECT,0.229,0,5.373,23.822,130.845,0.0
S068,80,Q355,NORMALIZATION,0.531,1,4.426,66.809,135.271,0.06
S068,81,Q210,GROUP BY,0.475,1,0.593,24.634,135.864,0.06
S068,82,Q339,RIGHT JOIN,0.478,0,0.179,44.424,136.043,0.0
S068,83,Q233,INNER JOIN,0.649,0,0.034,15.49,136.076,0.0
S068,84,Q251,TRIGGERS,0.583,0,1.643,93.277,137.72,0.0
S068,85,Q038,SELECT,0.2,0,1.932,8.807,139.652,0.0
S068,86,Q275,HAVING,0.692,0,2.114,48.393,141.766,0.0
S068,87,Q062,JOINS,0.537,1,0.403,19.068,142.169,0.06
S068,88,Q142,STORED PROCEDURES,0.735,0,0.094,19.381,142.264,0.0
S068,89,Q310,WHERE,0.401,0,1.854,22.893,144.117,0.0
S068,90,Q161,SELECT,0.357,0,2.839,7.304,146.956,0.0
S068,91,Q296,VIEWS,0.472,0,0.327,35.501,147.283,0.0
S068,92,Q068,ORDER BY,0.202,1,1.581,64.487,148.864,0.06
S068,93,Q076,WHERE,0.378,0,1.275,6.021,150.139,0.0
S068,94,Q084,GROUP BY,0.374,1,1.605,15.88,151.744,0.06
S068,95,Q355,NORMALIZATION,0.531,1,0.233,16.706,151.976,0.06
S068,96,Q072,NORMALIZATION,0.55,1,0.325,0.325,152.302,0.1151
S068,97,Q016,INNER JOIN,0.401,1,2.053,18.278,154.355,0.06
S068,98,Q338,FOREIGN KEY,0.333,0,4.492,47.758,158.847,0.0
S068,99,Q232,PRIMARY KEY,0.433,0,1.531,105.182,160.378,0.0
S068,100,Q189,GROUP BY,0.364,1,1.236,9.87,161.614,0.06
S069,1,Q382,LEFT JOIN,0.543,1,0.951,0.951,0.951,0.4055
S069,2,Q261,NORMALIZATION,0.767,0,1.768,2.719,2.719,0.2742
S069,3,Q094,TRANSACTIONS,0.694,1,0.803,3.522,3.522,0.3283
S069,4,Q315,WHERE,0.287,1,0.505,4.027,4.027,0.4219
S069,5,Q357,INNER JOIN,0.447,1,0.414,4.442,4.442,0.4018
S069,6,Q335,JOINS,0.436,0,0.959,5.401,5.401,0.34
S069,7,Q029,WHERE,0.299,0,0.104,1.477,5.505,0.3747
S069,8,Q047,LEFT JOIN,0.482,1,1.246,5.801,6.751,0.3785
S069,9,Q226,TRANSACTIONS,0.672,0,1.952,5.181,8.703,0.2256
S069,10,Q006,ORDER BY,0.205,1,0.065,8.768,8.768,0.2875
S069,11,Q442,NORMALIZATION,0.586,1,1.364,7.413,10.132,0.223
S069,12,Q013,NORMALIZATION,0.686,1,0.034,0.034,10.166,0.2825
S069,13,Q343,VIEWS,0.483,0,0.553,10.719,10.719,0.0344
S069,14,Q166,LEFT JOIN,0.618,1,1.701,5.669,12.42,0.3534
S069,15,Q313,WHERE,0.359,1,2.645,9.56,15.065,0.2913
S069,16,Q466,AGGREGATE FUNCTIONS,0.31,0,6.505,21.57,21.57,0.0
S069,17,Q392,STORED PROCEDURES,0.686,0,1.038,22.608,22.608,0.0
S069,18,Q094,TRANSACTIONS,0.694,0,0.186,14.091,22.794,0.0
S069,19,Q440,SUBQUERIES,0.653,0,0.93,23.724,23.724,0.0
S069,20,Q043,RIGHT JOIN,0.724,0,1.037,24.761,24.761,0.0
S069,21,Q026,JOINS,0.462,0,4.948,24.308,29.709,0.0
S069,22,Q143,WHERE,0.264,0,0.747,15.39,30.456,0.0355
S069,23,Q207,WHERE,0.265,0,0.11,0.11,30.566,0.0088
S069,24,Q060,TRIGGERS,0.598,1,4.528,35.093,35.093,0.06
S069,25,Q073,RIGHT JOIN,0.571,0,2.675,13.007,37.768,0.0
S069,26,Q481,TRIGGERS,0.686,0,3.538,6.213,41.306,0.0
S069,27,Q324,WHERE,0.282,1,0.294,11.034,41.6,0.06
S069,28,Q183,FOREIGN KEY,0.495,1,3.149,44.749,44.749,0.06
S069,29,Q385,GROUP BY,0.478,0,1.019,45.768,45.768,0.0
S069,30,Q372,INDEXING,0.498,0,0.129,45.897,45.897,0.0
S069,31,Q247,PRIMARY KEY,0.388,0,0.389,46.287,46.287,0.0
S069,32,Q482,WHERE,0.334,0,1.531,6.218,47.818,0.0
S069,33,Q035,PRIMARY KEY,0.235,0,0.398,1.929,48.216,0.0
S069,34,Q189,GROUP BY,0.364,1,0.024,2.472,48.24,0.06
S069,35,Q150,PRIMARY KEY,0.22,0,1.426,1.45,49.666,0.0
S069,36,Q234,HAVING,0.621,1,3.64,53.306,53.306,0.06
S069,37,Q063,UNION,0.406,1,1.685,54.991,54.991,0.06
S069,38,Q033,LEFT JOIN,0.653,0,1.118,43.689,56.109,0.0
S069,39,Q397,RIGHT JOIN,0.678,0,2.469,20.81,58.578,0.0
S069,40,Q287,VIEWS,0.513,0,1.403,49.262,59.981,0.0
S069,41,Q285,SELECT,0.344,0,0.07,60.051,60.051,0.0
S069,42,Q274,STORED PROCEDURES,0.63,0,1.334,38.777,61.385,0.0
S069,43,Q130,INDEXING,0.534,0,0.035,15.523,61.42,0.0
S069,44,Q427,HAVING,0.634,0,1.18,9.294,62.6,0.0
S069,45,Q389,HAVING,0.552,1,3.646,3.646,66.246,0.06
S069,46,Q130,INDEXING,0.534,0,2.94,7.766,69.186,0.0
S069,47,Q298,TRIGGERS,0.632,0,0.378,28.259,69.565,0.0
S069,48,Q173,SELECT,0.193,0,1.998,11.511,71.562,0.0
S069,49,Q476,TRIGGERS,0.613,0,1.541,3.539,73.103,0.0
S069,50,Q408,HAVING,0.471,1,0.8,7.657,73.903,0.06
S069,51,Q248,JOINS,0.612,0,0.167,44.362,74.071,0.0
S069,52,Q027,GROUP BY,0.405,0,3.503,29.334,77.573,0.0
S069,53,Q115,STORED PROCEDURES,0.696,0,1.003,17.191,78.576,0.0
S069,54,Q128,SELECT,0.294,1,1.154,8.168,79.73,0.06
S069,55,Q271,UNION,0.382,0,1.668,26.407,81.398,0.0
S069,56,Q023,NORMALIZATION,0.552,0,1.388,72.619,82.785,0.0
S069,57,Q162,UNION,0.64,0,0.413,1.801,83.198,0.0
S069,58,Q172,RIGHT JOIN,0.657,0,2.26,26.88,85.458,0.0
S069,59,Q114,STORED PROCEDURES,0.598,0,0.868,7.75,86.326,0.0
S069,60,Q411,SUBQUERIES,0.668,0,0.194,62.796,86.521,0.0
S069,61,Q195,TRANSACTIONS,0.673,0,1.459,65.185,87.979,0.0
S069,62,Q360,PRIMARY KEY,0.348,0,0.764,39.078,88.743,0.0
S069,63,Q465,WHERE,0.43,0,0.109,41.035,88.852,0.0
S069,64,Q204,TRIGGERS,0.735,0,0.733,16.482,89.585,0.0
S069,65,Q081,SELECT,0.21,1,2.633,12.489,92.219,0.06
S069,66,Q147,INDEXING,0.616,0,0.551,23.583,92.77,0.0
S069,67,Q276,VIEWS,0.484,1,3.147,35.936,95.917,0.06
S069,68,Q303,WHERE,0.319,0,0.724,7.789,96.641,0.0
S069,69,Q266,FOREIGN KEY,0.324,1,4.165,56.056,100.806,0.06
S069,70,Q096,LEFT JOIN,0.516,0,0.255,44.952,101.061,0.0
S069,71,Q243,HAVING,0.47,0,0.194,27.352,101.255,0.0
S069,72,Q377,JOINS,0.519,0,2.691,29.875,103.946,0.0
S069,73,Q159,JOINS,0.491,1,1.798,1.798,105.744,0.06
S069,74,Q376,HAVING,0.695,0,1.434,5.923,107.178,0.0
S069,75,Q179,ORDER BY,0.262,0,1.071,99.481,108.249,0.0
S069,76,Q190,SUBQUERIES,0.738,1,2.743,24.472,110.992,0.06
S069,77,Q393,HAVING,0.419,0,3.793,7.608,114.786,0.0
S069,78,Q120,LEFT JOIN,0.655,0,0.18,13.905,114.966,0.0
S069,79,Q377,JOINS,0.519,0,1.14,10.362,116.106,0.0
S069,80,Q407,ORDER BY,0.241,1,0.778,8.635,116.884,0.06
S069,81,Q127,WHERE,0.288,0,0.273,20.516,117.157,0.0
S069,82,Q484,JOINS,0.63,0,0.48,1.531,117.637,0.0
S069,83,Q467,TRIGGERS,0.624,0,1.593,29.644,119.23,0.0
S069,84,Q496,NORMALIZATION,0.716,1,0.392,36.837,119.622,0.06
S069,85,Q177,INDEXING,0.605,0,2.463,29.315,122.085,0.0
S069,86,Q027,GROUP BY,0.405,1,2.977,47.489,125.062,0.06
S069,87,Q169,VIEWS,0.52,1,0.157,29.302,125.219,0.06
S069,88,Q148,SUBQUERIES,0.793,0,2.211,16.438,127.43,0.0
S069,89,Q120,LEFT JOIN,0.655,0,0.686,13.15,128.116,0.0
S069,90,Q089,RIGHT JOIN,0.546,0,0.256,42.913,128.371,0.0
S069,91,Q408,HAVING,0.471,0,0.542,14.128,128.913,0.0
S069,92,Q491,LEFT JOIN,0.408,0,2.784,3.581,131.697,0.0
S069,93,Q233,INNER JOIN,0.649,1,2.533,129.789,134.23,0.06
S069,94,Q035,PRIMARY KEY,0.235,0,1.895,47.382,136.125,0.0
S069,95,Q348,FOREIGN KEY,0.366,1,1.157,36.476,137.282,0.06
S069,96,Q498,FOREIGN KEY,0.401,0,0.603,0.603,137.885,0.026
S069,97,Q092,GROUP BY,0.355,0,4.468,17.29,142.353,0.0
S069,98,Q272,LEFT JOIN,0.451,0,3.297,13.953,145.65,0.0
S069,99,Q447,AGGREGATE FUNCTIONS,0.58,1,0.206,124.286,145.856,0.06
S069,100,Q087,JOINS,0.52,0,0.807,29.027,146.663,0.0
S070,1,Q058,AGGREGATE FUNCTIONS,0.361,1,3.434,3.434,3.434,0.4754
S070,2,Q141,ORDER BY,0.343,1,1.103,4.537,4.537,0.4505
S070,3,Q238,VIEWS,0.43,1,1.358,5.895,5.895,0.3251
S070,4,Q415,SELECT,0.337,1,3.265,9.16,9.16,0.1459
S070,5,Q386,SELECT,0.334,1,0.664,0.664,9.825,0.1959
S070,6,Q257,VIEWS,0.425,1,0.625,4.554,10.449,0.3168
S070,7,Q300,VIEWS,0.627,1,1.202,1.202,11.651,0.3587
S070,8,Q146,RIGHT JOIN,0.661,1,3.713,15.364,15.364,0.2574
S070,9,Q105,RIGHT JOIN,0.534,1,0.098,0.098,15.461,0.3159
S070,10,Q471,STORED PROCEDURES,0.749,0,1.369,16.83,16.83,0.0
S070,11,Q110,GROUP BY,0.62,0,4.4,21.23,21.23,0.0336
S070,12,Q234,HAVING,0.621,0,2.651,23.881,23.881,0.0
S070,13,Q017,INNER JOIN,0.354,1,1.381,25.262,25.262,0.06
S070,14,Q234,HAVING,0.621,0,3.109,4.49,28.372,0.0
S070,15,Q484,JOINS,0.63,0,0.825,29.197,29.197,0.0
S070,16,Q470,AGGREGATE FUNCTIONS,0.49,1,0.902,26.665,30.099,0.1354
S070,17,Q137,ORDER BY,0.445,0,6.862,32.424,36.961,0.0
S070,18,Q231,INDEXING,0.687,0,4.157,41.119,41.119,0.0
S070,19,Q094,TRANSACTIONS,0.694,0,0.004,41.122,41.122,0.0
S070,20,Q262,AGGREGATE FUNCTIONS,0.576,0,1.677,12.701,42.8,0.0
S070,21,Q186,GROUP BY,0.402,0,0.866,22.436,43.666,0.0
S070,22,Q352,AGGREGATE FUNCTIONS,0.46,1,1.253,2.12,44.919,0.06
S070,23,Q326,AGGREGATE FUNCTIONS,0.323,1,0.553,0.553,45.472,0.1117
S070,24,Q162,UNION,0.64,0,4.434,49.906,49.906,0.0
S070,25,Q240,LEFT JOIN,0.422,0,0.672,50.578,50.578,0.0
S070,26,Q074,VIEWS,0.476,0,0.296,39.223,50.874,0.0
S070,27,Q139,SELECT,0.229,0,3.789,44.838,54.663,0.0
S070,28,Q256,ORDER BY,0.346,0,1.966,19.667,56.629,0.0
S070,29,Q270,INDEXING,0.717,0,2.971,18.481,59.599,0.0
S070,30,Q016,INNER JOIN,0.401,0,2.61,36.947,62.209,0.0
S070,31,Q016,INNER JOIN,0.401,0,2.738,2.738,64.948,0.0
S070,32,Q093,ORDER BY,0.402,0,2.14,10.459,67.088,0.0
S070,33,Q111,TRANSACTIONS,0.674,0,1.853,27.819,68.941,0.0
S070,34,Q010,UNION,0.357,0,1.226,20.261,70.167,0.0
S070,35,Q489,SELECT,0.156,0,1.838,17.343,72.005,0.0
S070,36,Q470,AGGREGATE FUNCTIONS,0.49,0,1.604,28.137,73.609,0.0
S070,37,Q484,JOINS,0.63,0,1.044,45.456,74.653,0.0
S070,38,Q075,UNION,0.426,0,0.22,4.706,74.874,0.0
S070,39,Q238,VIEWS,0.43,0,3.326,27.326,78.2,0.0
S070,40,Q140,STORED PROCEDURES,0.717,1,0.883,62.252,79.082,0.06
S070,41,Q108,SELECT,0.311,1,1.191,8.268,80.273,0.06
S070,42,Q134,ORDER BY,0.387,1,0.801,13.986,81.074,0.06
S070,43,Q374,RIGHT JOIN,0.474,0,0.108,65.721,81.182,0.0
S070,44,Q441,JOINS,0.52,0,0.148,6.676,81.329,0.0
S070,45,Q456,FOREIGN KEY,0.297,1,2.8,84.13,84.13,0.06
S070,46,Q468,INNER JOIN,0.4,1,0.528,19.71,84.657,0.06
S070,47,Q322,TRANSACTIONS,0.638,0,1.445,17.161,86.102,0.0
S070,48,Q275,HAVING,0.692,0,0.467,58.198,86.569,0.0
S070,49,Q363,NORMALIZATION,0.675,0,2.412,88.982,88.982,0.0
S070,50,Q001,INNER JOIN,0.589,0,0.143,4.468,89.125,0.0
S070,51,Q331,STORED PROCEDURES,0.731,0,2.232,12.274,91.357,0.0
S070,52,Q098,AGGREGATE FUNCTIONS,0.402,1,5.199,22.946,96.555,0.06
S070,53,Q243,HAVING,0.47,0,1.471,11.457,98.027,0.0
S070,54,Q473,RIGHT JOIN,0.495,0,0.917,17.762,98.944,0.0
S070,55,Q234,HAVING,0.621,0,0.877,1.794,99.821,0.0
S070,56,Q066,SELECT,0.207,1,0.933,20.481,100.754,0.06
S070,57,Q245,SELECT,0.37,0,5.843,5.843,106.597,0.0
S070,58,Q357,INNER JOIN,0.447,0,0.06,17.532,106.657,0.0
S070,59,Q293,JOINS,0.674,0,0.219,25.547,106.876,0.0
S070,60,Q070,HAVING,0.608,0,3.953,11.008,110.829,0.0
S070,61,Q260,PRIMARY KEY,0.442,1,0.865,111.694,111.694,0.06
S070,62,Q384,JOINS,0.69,0,2.778,7.596,114.472,0.0
S070,63,Q235,AGGREGATE FUNCTIONS,0.512,1,0.632,18.549,115.104,0.06
S070,64,Q034,PRIMARY KEY,0.268,0,0.9,4.31,116.004,0.0
S070,65,Q272,LEFT JOIN,0.451,0,2.722,68.148,118.726,0.0
S070,66,Q368,WHERE,0.261,1,0.175,118.901,118.901,0.06
S070,67,Q060,TRIGGERS,0.598,1,0.391,119.293,119.293,0.06
S070,68,Q172,RIGHT JOIN,0.657,0,2.66,23.009,121.953,0.0
S070,69,Q046,HAVING,0.619,1,1.924,13.048,123.877,0.06
S070,70,Q221,PRIMARY KEY,0.424,0,1.627,9.5,125.504,0.0
S070,71,Q326,AGGREGATE FUNCTIONS,0.323,0,0.513,10.913,126.017,0.0
S070,72,Q012,INDEXING,0.52,0,0.166,66.584,126.183,0.0
S070,73,Q289,WHERE,0.209,1,0.834,8.115,127.017,0.06
S070,74,Q114,STORED PROCEDURES,0.598,1,1.575,37.235,128.592,0.06
S070,75,Q172,RIGHT JOIN,0.657,0,0.434,7.072,129.025,0.0
S070,76,Q478,VIEWS,0.411,0,0.955,51.781,129.981,0.0
S070,77,Q126,LEFT JOIN,0.589,0,1.4,12.654,131.38,0.0
S070,78,Q130,INDEXING,0.534,1,0.265,5.462,131.645,0.06
S070,79,Q115,STORED PROCEDURES,0.696,0,1.03,4.084,132.675,0.0
S070,80,Q139,SELECT,0.229,0,8.202,34.28,140.877,0.0
S070,81,Q391,ORDER BY,0.213,0,2.563,62.367,143.441,0.0
S070,82,Q472,INNER JOIN,0.643,0,3.656,40.439,147.097,0.0
S070,83,Q036,NORMALIZATION,0.55,0,1.028,59.143,148.125,0.0
S070,84,Q373,AGGREGATE FUNCTIONS,0.326,1,0.657,22.765,148.782,0.06
S070,85,Q162,UNION,0.64,0,0.168,74.077,148.95,0.0
S070,86,Q207,WHERE,0.265,0,0.608,22.542,149.559,0.0
S070,87,Q037,INNER JOIN,0.477,0,1.535,3.997,151.094,0.0
S070,88,Q118,GROUP BY,0.421,0,0.684,108.112,151.778,0.0
S070,89,Q208,INNER JOIN,0.385,1,2.247,2.93,154.024,0.06
S070,90,Q307,VIEWS,0.44,1,0.005,24.049,154.03,0.06
S070,91,Q094,TRANSACTIONS,0.694,0,1.236,69.164,155.266,0.0
S070,92,Q274,STORED PROCEDURES,0.63,0,4.599,27.19,159.865,0.0
S070,93,Q405,LEFT JOIN,0.648,0,2.223,30.707,162.088,0.0
S070,94,Q340,NORMALIZATION,0.688,1,0.654,14.616,162.741,0.06
S070,95,Q279,FOREIGN KEY,0.269,0,0.226,78.837,162.967,0.0
S070,96,Q308,NORMALIZATION,0.626,0,1.345,1.571,164.312,0.0114
S070,97,Q364,WHERE,0.339,1,1.283,16.036,165.595,0.06
S070,98,Q233,INNER JOIN,0.649,0,1.332,12.903,166.927,0.0
S070,99,Q004,AGGREGATE FUNCTIONS,0.438,0,1.868,20.013,168.795,0.0
S070,100,Q323,WHERE,0.355,1,1.36,4.56,170.155,0.06
S071,1,Q095,TRANSACTIONS,0.782,0,0.068,0.068,0.068,0.4672
S071,2,Q150,PRIMARY KEY,0.22,0,1.032,1.1,1.1,0.411
S071,3,Q237,SUBQUERIES,0.801,0,0.225,1.325,1.325,0.1855
S071,4,Q009,SELECT,0.226,1,0.38,1.705,1.705,0.463
S071,5,Q312,WHERE,0.288,0,0.257,1.962,1.962,0.4296
S071,6,Q173,SELECT,0.193,1,2.953,3.21,4.915,0.4748
S071,7,Q391,ORDER BY,0.213,1,0.321,5.236,5.236,0.2834
S071,8,Q370,SELECT,0.152,1,1.716,2.037,6.952,0.5043
S071,9,Q221,PRIMARY KEY,0.424,1,1.731,7.583,8.683,0.3573
S071,10,Q015,ORDER BY,0.415,1,5.06,8.508,13.744,0.2158
S071,11,Q376,HAVING,0.695,0,0.264,14.008,14.008,0.0785
S071,12,Q474,LEFT JOIN,0.551,0,1.754,15.762,15.762,0.1761
S071,13,Q419,LEFT JOIN,0.469,0,0.248,0.248,16.01,0.1474
S071,14,Q246,VIEWS,0.684,0,2.655,18.665,18.665,0.0
S071,15,Q293,JOINS,0.674,1,0.662,19.327,19.327,0.06
S071,16,Q307,VIEWS,0.44,0,1.498,2.16,20.825,0.0
S071,17,Q065,INNER JOIN,0.622,0,1.279,22.104,22.104,0.0
S071,18,Q186,GROUP BY,0.402,0,0.863,22.967,22.967,0.0
S071,19,Q242,WHERE,0.22,0,0.147,21.152,23.114,0.0873
S071,20,Q124,FOREIGN KEY,0.397,0,1.775,24.889,24.889,0.0
S071,21,Q333,HAVING,0.504,0,0.125,11.006,25.014,0.0
S071,22,Q419,LEFT JOIN,0.469,1,4.468,13.473,29.482,0.06
S071,23,Q045,WHERE,0.224,0,0.159,6.527,29.641,0.0
S071,24,Q457,SELECT,0.367,0,1.376,24.066,31.018,0.1183
S071,25,Q441,JOINS,0.52,0,0.46,12.151,31.478,0.0
S071,26,Q092,GROUP BY,0.355,0,3.035,11.547,34.514,0.0
S071,27,Q155,TRIGGERS,0.651,1,0.09,34.603,34.603,0.06
S071,28,Q150,PRIMARY KEY,0.22,0,0.19,26.11,34.793,0.0
S071,29,Q294,HAVING,0.618,0,0.128,9.907,34.921,0.0
S071,30,Q255,RIGHT JOIN,0.673,0,0.015,34.936,34.936,0.0
S071,31,Q254,TRANSACTIONS,0.536,1,0.809,35.677,35.746,0.06
S071,32,Q249,TRIGGERS,0.783,0,0.35,1.493,36.096,0.0126
S071,33,Q454,AGGREGATE FUNCTIONS,0.435,0,0.029,36.125,36.125,0.0
S071,34,Q370,SELECT,0.152,0,0.429,5.536,36.554,0.0103
S071,35,Q121,VIEWS,0.492,0,0.316,16.046,36.871,0.0
S071,36,Q422,TRIGGERS,0.65,1,0.557,1.331,37.427,0.06
S071,37,Q069,LEFT JOIN,0.56,0,5.546,13.491,42.973,0.0
S071,38,Q150,PRIMARY KEY,0.22,0,1.466,9.647,44.44,0.0
S071,39,Q156,WHERE,0.223,0,2.534,17.332,46.974,0.0
S071,40,Q452,RIGHT JOIN,0.577,1,0.508,12.545,47.481,0.06
S071,41,Q004,AGGREGATE FUNCTIONS,0.438,0,0.101,11.457,47.582,0.0
S071,42,Q027,GROUP BY,0.405,0,0.778,13.847,48.36,0.0
S071,43,Q025,LEFT JOIN,0.627,0,1.276,6.663,49.637,0.0
S071,44,Q268,ORDER BY,0.425,0,1.177,37.07,50.814,0.0
S071,45,Q364,WHERE,0.339,1,1.309,5.149,52.122,0.06
S071,46,Q278,INDEXING,0.499,0,2.66,54.782,54.782,0.0
S071,47,Q200,SELECT,0.313,1,1.983,20.211,56.765,0.06
S071,48,Q228,HAVING,0.488,0,6.076,27.92,62.841,0.0
S071,49,Q361,GROUP BY,0.457,0,0.084,14.564,62.925,0.0
S071,50,Q254,TRANSACTIONS,0.536,0,5.931,33.11,68.855,0.0
S071,51,Q096,LEFT JOIN,0.516,1,0.647,19.866,69.503,0.06
S071,52,Q453,FOREIGN KEY,0.484,1,3.551,48.165,73.054,0.06
S071,53,Q253,STORED PROCEDURES,0.691,1,0.858,73.912,73.912,0.06
S071,54,Q415,SELECT,0.337,1,1.136,18.283,75.048,0.06
S071,55,Q126,LEFT JOIN,0.589,0,1.293,6.838,76.341,0.0
S071,56,Q199,UNION,0.466,0,1.089,77.43,77.43,0.0
S071,57,Q264,TRANSACTIONS,0.523,0,0.555,9.13,77.986,0.0
S071,58,Q359,UNION,0.42,0,2.449,3.005,80.435,0.0
S071,59,Q062,JOINS,0.537,0,8.904,57.861,89.339,0.0
S071,60,Q106,TRIGGERS,0.768,0,0.353,52.264,89.691,0.0
S071,61,Q156,WHERE,0.223,0,0.889,38.458,90.58,0.0
S071,62,Q285,SELECT,0.344,0,6.274,21.806,96.854,0.0
S071,63,Q077,HAVING,0.485,0,1.216,35.229,98.07,0.0
S071,64,Q187,HAVING,0.52,0,0.894,0.894,98.965,0.0
S071,65,Q340,NORMALIZATION,0.688,0,0.72,99.685,99.685,0.0
S071,66,Q031,INDEXING,0.548,0,0.453,45.355,100.137,0.0
S071,67,Q126,LEFT JOIN,0.589,0,1.963,25.76,102.1,0.0
S071,68,Q200,SELECT,0.313,0,4.714,9.96,106.814,0.0
S071,69,Q023,NORMALIZATION,0.552,0,1.219,8.349,108.033,0.0
S071,70,Q151,INNER JOIN,0.5,0,0.775,86.704,108.808,0.0
S071,71,Q032,FOREIGN KEY,0.299,0,0.031,35.785,108.839,0.0
S071,72,Q065,INNER JOIN,0.622,0,2.036,2.067,110.875,0.0
S071,73,Q164,PRIMARY KEY,0.249,0,0.603,67.038,111.478,0.0
S071,74,Q239,INNER JOIN,0.478,0,2.774,3.377,114.251,0.0
S071,75,Q470,AGGREGATE FUNCTIONS,0.49,0,3.013,69.683,117.265,0.0
S071,76,Q458,TRIGGERS,0.727,0,2.092,29.665,119.357,0.0
S071,77,Q054,TRIGGERS,0.559,1,6.962,6.962,126.319,0.06
S071,78,Q224,RIGHT JOIN,0.546,0,1.525,80.363,127.844,0.0
S071,79,Q247,PRIMARY KEY,0.388,0,0.593,16.959,128.437,0.0
S071,80,Q140,STORED PROCEDURES,0.717,1,0.184,54.709,128.621,0.06
S071,81,Q072,NORMALIZATION,0.55,0,1.125,21.713,129.746,0.0
S071,82,Q271,UNION,0.382,1,1.865,51.177,131.612,0.06
S071,83,Q072,NORMALIZATION,0.55,0,3.542,5.407,135.154,0.0
S071,84,Q146,RIGHT JOIN,0.661,0,2.107,9.417,137.261,0.0
S071,85,Q317,NORMALIZATION,0.619,0,0.029,2.137,137.29,0.0
S071,86,Q099,STORED PROCEDURES,0.827,1,0.37,9.039,137.661,0.06
S071,87,Q229,TRANSACTIONS,0.702,0,0.461,60.136,138.121,0.0
S071,88,Q112,INDEXING,0.48,1,0.568,38.552,138.689,0.06
S071,89,Q484,JOINS,0.63,0,1.01,50.361,139.7,0.0
S071,90,Q022,UNION,0.499,0,1.738,9.825,141.437,0.0
S071,91,Q418,WHERE,0.336,0,0.703,51.561,142.141,0.0
S071,92,Q143,WHERE,0.264,0,0.497,0.497,142.638,0.0
S071,93,Q141,ORDER BY,0.343,0,1.024,92.848,143.661,0.0
S071,94,Q082,WHERE,0.333,1,0.975,1.998,144.636,0.06
S071,95,Q262,AGGREGATE FUNCTIONS,0.576,0,0.344,27.716,144.98,0.0
S071,96,Q110,GROUP BY,0.62,0,0.683,82.738,145.663,0.0
S071,97,Q485,GROUP BY,0.405,0,2.055,2.055,147.718,0.0
S071,98,Q376,HAVING,0.695,0,0.946,49.699,148.664,0.0
S071,99,Q074,VIEWS,0.476,0,0.023,111.817,148.687,0.0
S071,100,Q406,HAVING,0.46,0,1.074,1.098,149.762,0.0
S072,1,Q468,INNER JOIN,0.4,1,3.759,3.759,3.759,0.3222
S072,2,Q329,LEFT JOIN,0.609,0,2.8,6.559,6.559,0.1706
S072,3,Q362,RIGHT JOIN,0.6,1,1.153,7.712,7.712,0.1884
S072,4,Q421,JOINS,0.5,1,0.599,8.311,8.311,0.2596
S072,5,Q394,UNION,0.411,1,0.611,8.922,8.922,0.3768
S072,6,Q034,PRIMARY KEY,0.268,0,1.317,10.238,10.238,0.1325
S072,7,Q175,INDEXING,0.505,1,3.657,13.896,13.896,0.1848
S072,8,Q178,HAVING,0.584,1,4.625,18.521,18.521,0.2599
S072,9,Q268,ORDER BY,0.425,0,0.218,18.739,18.739,0.0
S072,10,Q385,GROUP BY,0.478,1,4.716,23.455,23.455,0.06
S072,11,Q052,RIGHT JOIN,0.663,1,0.063,15.806,23.517,0.06
S072,12,Q045,WHERE,0.224,0,9.297,32.814,32.814,0.0
S072,13,Q327,INDEXING,0.496,1,0.941,19.86,33.756,0.06
S072,14,Q114,STORED PROCEDURES,0.598,1,0.613,34.369,34.369,0.06
S072,15,Q044,RIGHT JOIN,0.637,1,0.84,11.692,35.209,0.06
S072,16,Q270,INDEXING,0.717,0,0.163,1.617,35.372,0.0107
S072,17,Q255,RIGHT JOIN,0.673,1,3.405,3.568,38.777,0.0665
S072,18,Q027,GROUP BY,0.405,0,1.689,17.012,40.466,0.0
S072,19,Q306,UNION,0.518,0,0.108,31.653,40.574,0.0
S072,20,Q354,JOINS,0.56,1,3.669,35.933,44.244,0.06
S072,21,Q388,FOREIGN KEY,0.322,1,0.544,44.787,44.787,0.06
S072,22,Q368,WHERE,0.261,0,0.828,12.801,45.615,0.0
S072,23,Q014,UNION,0.504,0,2.151,7.192,47.766,0.0
S072,24,Q372,INDEXING,0.498,1,0.689,13.083,48.455,0.06
S072,25,Q260,PRIMARY KEY,0.442,1,0.328,38.545,48.783,0.06
S072,26,Q046,HAVING,0.619,0,0.315,30.578,49.098,0.0
S072,27,Q094,TRANSACTIONS,0.694,1,0.29,49.389,49.389,0.06
S072,28,Q081,SELECT,0.21,0,0.614,50.003,50.003,0.0
S072,29,Q108,SELECT,0.311,0,0.168,0.168,50.17,0.0
S072,30,Q365,LEFT JOIN,0.529,1,1.195,44.806,51.365,0.06
S072,31,Q253,STORED PROCEDURES,0.691,1,1.19,18.186,52.555,0.06
S072,32,Q361,GROUP BY,0.457,1,4.113,16.202,56.668,0.06
S072,33,Q286,STORED PROCEDURES,0.846,0,0.725,4.838,57.393,0.0
S072,34,Q475,SELECT,0.227,1,1.855,9.078,59.249,0.06
S072,35,Q439,HAVING,0.648,0,0.166,10.317,59.415,0.0
S072,36,Q497,ORDER BY,0.261,1,1.43,42.106,60.845,0.06
S072,37,Q461,RIGHT JOIN,0.484,1,0.862,22.93,61.708,0.06
S072,38,Q357,INNER JOIN,0.447,1,4.276,62.225,65.984,0.06
S072,39,Q108,SELECT,0.311,0,1.566,8.301,67.55,0.0
S072,40,Q340,NORMALIZATION,0.688,0,3.277,70.827,70.827,0.0
S072,41,Q143,WHERE,0.264,1,0.539,25.75,71.366,0.06
S072,42,Q168,SUBQUERIES,0.647,0,1.488,72.854,72.854,0.0
S072,43,Q434,LEFT JOIN,0.445,1,1.061,22.549,73.914,0.06
S072,44,Q208,INNER JOIN,0.385,0,0.167,8.097,74.081,0.0
S072,45,Q433,TRANSACTIONS,0.619,1,0.039,24.731,74.119,0.06
S072,46,Q448,GROUP BY,0.626,1,2.534,19.985,76.653,0.06
S072,47,Q197,SELECT,0.265,0,2.208,11.311,78.861,0.0
S072,48,Q366,TRIGGERS,0.664,1,0.476,79.337,79.337,0.06
S072,49,Q422,TRIGGERS,0.65,0,7.625,7.625,86.962,0.0
S072,50,Q139,SELECT,0.229,1,5.553,13.655,92.516,0.06
S072,51,Q044,RIGHT JOIN,0.637,0,0.137,30.945,92.652,0.0
S072,52,Q242,WHERE,0.22,1,5.291,26.578,97.944,0.06
S072,53,Q377,JOINS,0.519,0,0.759,54.459,98.703,0.0
S072,54,Q103,WHERE,0.449,0,2.894,3.653,101.596,0.0
S072,55,Q026,JOINS,0.462,1,0.754,3.648,102.35,0.06
S072,56,Q142,STORED PROCEDURES,0.735,1,0.616,45.573,102.966,0.06
S072,57,Q055,INNER JOIN,0.493,0,2.264,31.149,105.23,0.0
S072,58,Q319,HAVING,0.639,1,5.122,50.937,110.352,0.06
S072,59,Q132,VIEWS,0.698,0,5.381,115.733,115.733,0.0
S072,60,Q070,HAVING,0.608,0,0.697,6.078,116.43,0.0
S072,61,Q179,ORDER BY,0.262,1,1.242,56.827,117.672,0.06
S072,62,Q261,NORMALIZATION,0.767,1,3.794,50.638,121.465,0.06
S072,63,Q412,LEFT JOIN,0.536,0,0.568,48.119,122.033,0.0
S072,64,Q206,SUBQUERIES,0.557,1,0.123,49.302,122.156,0.06
S072,65,Q104,UNION,0.517,0,1.467,75.857,123.623,0.0
S072,66,Q298,TRIGGERS,0.632,0,1.795,38.456,125.418,0.0
S072,67,Q354,JOINS,0.56,0,1.105,24.173,126.523,0.0
S072,68,Q485,GROUP BY,0.405,1,0.245,50.116,126.769,0.06
S072,69,Q203,FOREIGN KEY,0.255,1,1.345,83.326,128.113,0.06
S072,70,Q039,AGGREGATE FUNCTIONS,0.36,0,2.221,130.334,130.334,0.0
S072,71,Q100,SUBQUERIES,0.627,1,0.357,8.536,130.691,0.06
S072,72,Q491,LEFT JOIN,0.408,1,1.203,9.861,131.894,0.06
S072,73,Q136,VIEWS,0.566,0,0.617,16.778,132.511,0.0
S072,74,Q380,JOINS,0.601,0,1.537,7.525,134.048,0.0
S072,75,Q130,INDEXING,0.534,0,1.859,87.452,135.907,0.0
S072,76,Q060,TRIGGERS,0.598,0,0.535,11.024,136.442,0.0
S072,77,Q038,SELECT,0.2,1,2.271,46.197,138.713,0.06
S072,78,Q253,STORED PROCEDURES,0.691,1,0.626,36.373,139.339,0.06
S072,79,Q049,HAVING,0.692,1,0.057,22.966,139.396,0.06
S072,80,Q185,INDEXING,0.692,0,2.558,6.046,141.953,0.0
S072,81,Q149,ORDER BY,0.264,0,2.706,26.988,144.66,0.0
S072,82,Q133,FOREIGN KEY,0.479,1,0.554,17.101,145.214,0.06
S072,83,Q197,SELECT,0.265,1,2.393,8.894,147.607,0.06
S072,84,Q399,JOINS,0.524,0,0.318,13.877,147.925,0.0
S072,85,Q005,GROUP BY,0.393,0,7.293,28.449,155.218,0.0
S072,86,Q416,NORMALIZATION,0.673,0,1.841,35.594,157.059,0.0
S072,87,Q193,INDEXING,0.643,0,5.593,20.7,162.653,0.0
S072,88,Q294,HAVING,0.618,0,2.141,25.398,164.794,0.0
S072,89,Q071,SUBQUERIES,0.651,0,3.07,37.172,167.864,0.0
S072,90,Q022,UNION,0.499,0,1.158,45.398,169.022,0.0
S072,91,Q368,WHERE,0.261,1,1.455,68.88,170.477,0.06
S072,92,Q445,STORED PROCEDURES,0.733,1,1.201,32.339,171.678,0.06
S072,93,Q390,GROUP BY,0.446,0,5.497,21.956,177.174,0.0
S072,94,Q240,LEFT JOIN,0.422,0,0.865,46.145,178.039,0.0
S072,95,Q141,ORDER BY,0.343,0,1.838,35.217,179.877,0.0
S072,96,Q153,LEFT JOIN,0.611,0,1.302,3.14,181.179,0.0
S072,97,Q317,NORMALIZATION,0.619,1,0.487,24.607,181.666,0.06
S072,98,Q069,LEFT JOIN,0.56,0,0.214,0.701,181.88,0.0
S072,99,Q040,LEFT JOIN,0.619,0,0.226,0.226,182.106,0.0
S072,100,Q486,INNER JOIN,0.576,0,0.03,76.905,182.135,0.0
S073,1,Q301,WHERE,0.29,0,5.544,5.544,5.544,0.1011
S073,2,Q198,TRIGGERS,0.796,1,3.665,9.209,9.209,0.2853
S073,3,Q235,AGGREGATE FUNCTIONS,0.512,0,1.39,10.598,10.598,0.1229
S073,4,Q395,LEFT JOIN,0.643,1,0.113,10.711,10.711,0.1498
S073,5,Q455,FOREIGN KEY,0.309,0,3.581,14.293,14.293,0.0138
S073,6,Q093,ORDER BY,0.402,0,1.669,15.961,15.961,0.2268
S073,7,Q293,JOINS,0.674,0,0.048,16.009,16.009,0.0782
S073,8,Q209,STORED PROCEDURES,0.739,1,0.015,16.024,16.024,0.2688
S073,9,Q323,WHERE,0.355,1,0.352,10.832,16.376,0.06
S073,10,Q402,AGGREGATE FUNCTIONS,0.582,0,1.741,7.519,18.118,0.0
S073,11,Q328,INDEXING,0.642,0,0.918,19.036,19.036,0.0927
S073,12,Q156,WHERE,0.223,1,0.218,2.877,19.254,0.0768
S073,13,Q188,SUBQUERIES,0.835,0,1.317,20.571,20.571,0.118
S073,14,Q133,FOREIGN KEY,0.479,0,3.657,9.936,24.228,0.0
S073,15,Q436,PRIMARY KEY,0.38,1,0.02,24.248,24.248,0.109
S073,16,Q260,PRIMARY KEY,0.442,0,0.245,0.245,24.493,0.0803
S073,17,Q155,TRIGGERS,0.651,0,1.443,16.727,25.936,0.0094
S073,18,Q327,INDEXING,0.496,0,0.794,7.694,26.73,0.0
S073,19,Q255,RIGHT JOIN,0.673,0,0.556,27.286,27.286,0.0
S073,20,Q028,STORED PROCEDURES,0.783,0,2.811,14.073,30.097,0.0327
S073,21,Q470,AGGREGATE FUNCTIONS,0.49,0,0.48,12.46,30.578,0.0
S073,22,Q299,GROUP BY,0.419,0,4.446,35.023,35.023,0.0
S073,23,Q193,INDEXING,0.643,0,0.614,8.907,35.638,0.0
S073,24,Q327,INDEXING,0.496,1,0.291,0.291,35.928,0.06
S073,25,Q492,ORDER BY,0.258,0,2.461,22.428,38.389,0.0
S073,26,Q378,AGGREGATE FUNCTIONS,0.56,0,2.294,10.105,40.683,0.0
S073,27,Q463,AGGREGATE FUNCTIONS,0.577,0,0.259,0.259,40.941,0.0
S073,28,Q414,TRIGGERS,0.737,0,1.742,16.747,42.683,0.0
S073,29,Q300,VIEWS,0.627,0,0.078,42.762,42.762,0.0
S073,30,Q409,FOREIGN KEY,0.381,1,1.821,20.355,44.583,0.06
S073,31,Q327,INDEXING,0.496,0,0.053,8.708,44.636,0.0
S073,32,Q427,HAVING,0.634,0,1.149,45.785,45.785,0.0
S073,33,Q248,JOINS,0.612,0,0.295,30.071,46.08,0.0
S073,34,Q257,VIEWS,0.425,0,0.101,3.42,46.181,0.0
S073,35,Q383,PRIMARY KEY,0.392,0,0.723,22.411,46.904,0.0
S073,36,Q245,SELECT,0.37,0,0.589,47.493,47.493,0.0
S073,37,Q370,SELECT,0.152,1,0.587,0.587,48.08,0.06
S073,38,Q145,VIEWS,0.655,0,4.339,6.238,52.419,0.0
S073,39,Q453,FOREIGN KEY,0.484,0,0.641,8.477,53.06,0.0
S073,40,Q476,TRIGGERS,0.613,0,1.94,12.316,55.0,0.0
S073,41,Q232,PRIMARY KEY,0.433,0,0.797,8.892,55.797,0.0
S073,42,Q297,RIGHT JOIN,0.489,0,1.849,30.359,57.645,0.0
S073,43,Q121,VIEWS,0.492,0,0.513,5.739,58.159,0.0
S073,44,Q176,PRIMARY KEY,0.27,0,1.519,3.881,59.678,0.0
S073,45,Q045,WHERE,0.224,1,0.537,40.961,60.215,0.06
S073,46,Q431,JOINS,0.561,1,0.48,14.615,60.695,0.06
S073,47,Q459,NORMALIZATION,0.516,1,1.237,61.932,61.932,0.06
S073,48,Q071,SUBQUERIES,0.651,0,0.265,41.627,62.198,0.0
S073,49,Q427,HAVING,0.634,0,1.924,18.336,64.121,0.0
S073,50,Q146,RIGHT JOIN,0.661,0,0.413,6.889,64.534,0.0
S073,51,Q085,VIEWS,0.618,0,1.317,7.693,65.852,0.0
S073,52,Q489,SELECT,0.156,0,0.064,17.835,65.915,0.0
S073,53,Q377,JOINS,0.519,0,0.284,5.504,66.199,0.0
S073,54,Q183,FOREIGN KEY,0.495,0,1.116,14.255,67.315,0.0
S073,55,Q349,PRIMARY KEY,0.216,1,2.491,10.128,69.806,0.06
S073,56,Q411,SUBQUERIES,0.668,1,1.721,9.329,71.527,0.06
S073,57,Q059,PRIMARY KEY,0.219,0,0.915,2.636,72.441,0.0
S073,58,Q239,INNER JOIN,0.478,1,2.084,74.526,74.526,0.06
S073,59,Q332,TRIGGERS,0.562,0,0.043,19.569,74.569,0.0
S073,60,Q337,FOREIGN KEY,0.341,0,0.899,8.153,75.468,0.0
S073,61,Q357,INNER JOIN,0.447,0,1.615,2.557,77.083,0.0
S073,62,Q304,ORDER BY,0.33,1,0.149,38.842,77.232,0.06
S073,63,Q231,INDEXING,0.687,1,3.214,35.81,80.446,0.06
S073,64,Q274,STORED PROCEDURES,0.63,0,1.756,52.104,82.201,0.0
S073,65,Q078,VIEWS,0.48,1,0.285,16.635,82.486,0.06
S073,66,Q110,GROUP BY,0.62,0,0.742,48.205,83.229,0.0
S073,67,Q455,FOREIGN KEY,0.309,1,2.998,10.759,86.227,0.06
S073,68,Q493,LEFT JOIN,0.431,0,4.246,79.762,90.473,0.0
S073,69,Q412,LEFT JOIN,0.536,1,0.296,0.296,90.769,0.06
S073,70,Q420,INNER JOIN,0.385,0,0.009,13.696,90.778,0.0
S073,71,Q232,PRIMARY KEY,0.433,0,1.085,19.422,91.864,0.0
S073,72,Q457,SELECT,0.367,0,0.669,26.618,92.533,0.0
S073,73,Q333,HAVING,0.504,0,2.351,30.763,94.884,0.0
S073,74,Q476,TRIGGERS,0.613,1,0.7,21.014,95.583,0.06
S073,75,Q122,INDEXING,0.478,0,1.542,16.679,97.125,0.0
S073,76,Q139,SELECT,0.229,1,0.138,4.73,97.263,0.06
S073,77,Q077,HAVING,0.485,1,0.19,2.569,97.452,0.06
S073,78,Q258,SELECT,0.206,1,0.311,0.501,97.763,0.1125
S073,79,Q461,RIGHT JOIN,0.484,0,0.652,33.881,98.416,0.0
S073,80,Q413,LEFT JOIN,0.513,0,1.194,8.84,99.609,0.0
S073,81,Q075,UNION,0.426,0,0.35,99.96,99.96,0.0
S073,82,Q240,LEFT JOIN,0.422,0,0.015,0.366,99.975,0.0
S073,83,Q211,GROUP BY,0.403,1,0.526,17.272,100.501,0.06
S073,84,Q233,INNER JOIN,0.649,1,0.672,10.394,101.173,0.06
S073,85,Q431,JOINS,0.561,1,0.446,35.419,101.618,0.06
S073,86,Q369,PRIMARY KEY,0.283,0,0.272,10.026,101.89,0.0
S073,87,Q141,ORDER BY,0.343,0,2.466,27.124,104.356,0.0
S073,88,Q403,UNION,0.464,0,0.803,5.199,105.159,0.0
S073,89,Q343,VIEWS,0.483,0,0.586,23.258,105.744,0.0
S073,90,Q464,INNER JOIN,0.454,1,2.566,7.138,108.31,0.06
S073,91,Q331,STORED PROCEDURES,0.731,0,0.245,26.354,108.555,0.0
S073,92,Q068,ORDER BY,0.202,1,0.2,4.399,108.755,0.06
S073,93,Q164,PRIMARY KEY,0.249,1,0.068,6.934,108.823,0.06
S073,94,Q327,INDEXING,0.496,0,6.815,18.514,115.639,0.0
S073,95,Q355,NORMALIZATION,0.531,1,1.838,55.545,117.477,0.06
S073,96,Q302,LEFT JOIN,0.407,1,0.274,17.776,117.751,0.06
S073,97,Q041,SELECT,0.301,0,4.844,24.832,122.595,0.0
S073,98,Q398,AGGREGATE FUNCTIONS,0.442,1,0.666,82.32,123.262,0.06
S073,99,Q212,RIGHT JOIN,0.621,1,1.608,26.454,124.87,0.06
S073,100,Q341,NORMALIZATION,0.653,0,3.502,10.895,128.372,0.0
S074,1,Q205,VIEWS,0.597,0,4.691,4.691,4.691,0.1443
S074,2,Q100,SUBQUERIES,0.627,1,0.397,5.088,5.088,0.4214
S074,3,Q262,AGGREGATE FUNCTIONS,0.576,0,0.02,5.109,5.109,0.2368
S074,4,Q317,NORMALIZATION,0.619,0,0.034,5.143,5.143,0.3111
S074,5,Q351,NORMALIZATION,0.753,1,0.371,0.371,5.514,0.3656
S074,6,Q270,INDEXING,0.717,1,1.205,6.719,6.719,0.4313
S074,7,Q309,HAVING,0.586,1,3.489,10.208,10.208,0.1691
S074,8,Q014,UNION,0.504,1,9.376,19.584,19.584,0.1855
S074,9,Q263,GROUP BY,0.516,0,3.271,22.855,22.855,0.0772
S074,10,Q358,INNER JOIN,0.377,0,4.163,27.018,27.018,0.0
S074,11,Q476,TRIGGERS,0.613,0,1.249,28.267,28.267,0.0
S074,12,Q261,NORMALIZATION,0.767,0,0.783,23.535,29.049,0.0
S074,13,Q255,RIGHT JOIN,0.673,0,5.334,34.383,34.383,0.0
S074,14,Q098,AGGREGATE FUNCTIONS,0.402,0,0.632,29.907,35.016,0.0
S074,15,Q298,TRIGGERS,0.632,0,3.278,10.027,38.294,0.0
S074,16,Q148,SUBQUERIES,0.793,0,2.228,35.433,40.522,0.0
S074,17,Q252,ORDER BY,0.263,0,0.225,40.747,40.747,0.0
S074,18,Q364,WHERE,0.339,0,0.106,40.853,40.853,0.0
S074,19,Q330,ORDER BY,0.419,0,3.702,3.808,44.555,0.0
S074,20,Q353,PRIMARY KEY,0.417,0,2.051,46.606,46.606,0.0
S074,21,Q356,HAVING,0.455,0,3.054,39.452,49.66,0.0
S074,22,Q166,LEFT JOIN,0.618,0,0.131,49.791,49.791,0.0
S074,23,Q157,TRIGGERS,0.69,1,0.737,12.234,50.528,0.06
S074,24,Q322,TRANSACTIONS,0.638,0,0.02,50.548,50.548,0.0
S074,25,Q339,RIGHT JOIN,0.478,0,2.041,18.206,52.589,0.0
S074,26,Q149,ORDER BY,0.264,0,4.668,12.702,57.257,0.0
S074,27,Q357,INNER JOIN,0.447,0,0.248,30.487,57.505,0.0
S074,28,Q077,HAVING,0.485,0,0.55,8.395,58.055,0.0
S074,29,Q455,FOREIGN KEY,0.309,1,1.136,59.191,59.191,0.06
S074,30,Q417,VIEWS,0.67,0,4.442,58.942,63.633,0.0
S074,31,Q181,FOREIGN KEY,0.273,1,5.397,9.839,69.03,0.06
S074,32,Q172,RIGHT JOIN,0.657,0,3.345,19.786,72.375,0.0
S074,33,Q421,JOINS,0.5,0,3.467,75.842,75.842,0.0
S074,34,Q193,INDEXING,0.643,1,2.435,71.558,78.278,0.06
S074,35,Q294,HAVING,0.618,0,0.672,20.894,78.949,0.0
S074,36,Q036,NORMALIZATION,0.55,1,0.355,50.255,79.304,0.06
S074,37,Q365,LEFT JOIN,0.529,0,2.345,31.858,81.649,0.0
S074,38,Q369,PRIMARY KEY,0.283,0,0.112,35.156,81.761,0.0
S074,39,Q061,WHERE,0.356,0,2.261,43.17,84.023,0.0
S074,40,Q430,SUBQUERIES,0.653,0,2.968,46.469,86.991,0.0
S074,41,Q494,NORMALIZATION,0.671,1,3.794,11.481,90.785,0.06
S074,42,Q118,GROUP BY,0.421,0,3.03,70.96,93.815,0.0
S074,43,Q287,VIEWS,0.513,0,0.467,30.649,94.282,0.0
S074,44,Q492,ORDER BY,0.258,1,0.807,37.832,95.089,0.06
S074,45,Q250,INNER JOIN,0.477,0,0.968,38.552,96.057,0.0
S074,46,Q333,HAVING,0.504,1,3.407,20.515,99.464,0.06
S074,47,Q270,INDEXING,0.717,0,0.395,21.581,99.859,0.0
S074,48,Q466,AGGREGATE FUNCTIONS,0.31,0,3.058,67.901,102.917,0.0
S074,49,Q237,SUBQUERIES,0.801,0,1.157,17.083,104.074,0.0
S074,50,Q246,VIEWS,0.684,0,2.672,12.463,106.745,0.0
S074,51,Q053,SUBQUERIES,0.682,0,0.673,3.345,107.418,0.0
S074,52,Q195,TRANSACTIONS,0.673,1,1.63,58.5,109.048,0.06
S074,53,Q167,PRIMARY KEY,0.442,1,0.523,27.81,109.571,0.06
S074,54,Q350,TRIGGERS,0.764,0,1.284,60.327,110.855,0.0
S074,55,Q388,FOREIGN KEY,0.322,1,0.289,42.114,111.144,0.06
S074,56,Q076,WHERE,0.378,0,2.057,29.178,113.201,0.0
S074,57,Q476,TRIGGERS,0.613,0,0.102,2.448,113.303,0.0
S074,58,Q480,STORED PROCEDURES,0.638,0,0.669,113.972,113.972,0.0
S074,59,Q005,GROUP BY,0.393,0,0.575,20.732,114.547,0.0
S074,60,Q394,UNION,0.411,0,1.278,96.241,115.825,0.0
S074,61,Q273,GROUP BY,0.489,0,0.331,1.609,116.156,0.0
S074,62,Q367,HAVING,0.509,1,1.641,18.333,117.797,0.06
S074,63,Q448,GROUP BY,0.626,0,1.443,3.085,119.241,0.0
S074,64,Q073,RIGHT JOIN,0.571,1,4.605,51.471,123.846,0.06
S074,65,Q402,AGGREGATE FUNCTIONS,0.582,1,2.267,23.196,126.112,0.06
S074,66,Q044,RIGHT JOIN,0.637,0,1.96,4.227,128.072,0.0
S074,67,Q168,SUBQUERIES,0.647,1,0.455,21.109,128.528,0.06
S074,68,Q085,VIEWS,0.618,0,0.802,22.585,129.33,0.0
S074,69,Q248,JOINS,0.612,1,0.209,53.697,129.539,0.06
S074,70,Q209,STORED PROCEDURES,0.739,0,0.179,15.746,129.718,0.0
S074,71,Q225,FOREIGN KEY,0.419,1,3.241,21.815,132.959,0.06
S074,72,Q419,LEFT JOIN,0.469,1,0.685,51.995,133.644,0.06
S074,73,Q491,LEFT JOIN,0.408,0,2.659,2.659,136.303,0.0
S074,74,Q436,PRIMARY KEY,0.38,1,0.232,26.964,136.535,0.06
S074,75,Q119,INDEXING,0.674,0,0.332,37.009,136.867,0.0
S074,76,Q332,TRIGGERS,0.562,0,1.557,25.121,138.425,0.0
S074,77,Q416,NORMALIZATION,0.673,0,5.659,53.299,144.084,0.0
S074,78,Q264,TRANSACTIONS,0.523,0,0.053,35.089,144.137,0.0
S074,79,Q251,TRIGGERS,0.583,1,1.384,7.096,145.521,0.06
S074,80,Q371,JOINS,0.51,1,1.44,17.421,146.961,0.06
S074,81,Q092,GROUP BY,0.355,0,0.261,27.98,147.221,0.0
S074,82,Q315,WHERE,0.287,1,1.458,35.478,148.679,0.06
S074,83,Q161,SELECT,0.357,0,1.179,149.858,149.858,0.0
S074,84,Q156,WHERE,0.223,0,6.682,7.861,156.54,0.0
S074,85,Q050,ORDER BY,0.39,1,1.006,62.457,157.546,0.06
S074,86,Q408,HAVING,0.471,1,2.922,42.671,160.468,0.06
S074,87,Q297,RIGHT JOIN,0.489,1,1.848,34.243,162.316,0.06
S074,88,Q058,AGGREGATE FUNCTIONS,0.361,0,2.268,38.472,164.584,0.0
S074,89,Q025,LEFT JOIN,0.627,0,0.659,28.94,165.243,0.0
S074,90,Q370,SELECT,0.152,1,5.321,20.706,170.564,0.06
S074,91,Q340,NORMALIZATION,0.688,0,0.197,26.677,170.761,0.0
S074,92,Q411,SUBQUERIES,0.668,0,1.856,44.089,172.616,0.0
S074,93,Q298,TRIGGERS,0.632,0,0.289,27.385,172.905,0.0
S074,94,Q288,VIEWS,0.651,0,1.678,45.253,174.583,0.0
S074,95,Q457,SELECT,0.367,0,1.403,5.422,175.986,0.0
S074,96,Q127,WHERE,0.288,0,0.427,19.873,176.413,0.0
S074,97,Q338,FOREIGN KEY,0.333,1,0.029,43.483,176.442,0.06
S074,98,Q227,NORMALIZATION,0.525,0,4.264,9.946,180.706,0.0
S074,99,Q117,RIGHT JOIN,0.503,0,0.953,19.344,181.66,0.0
S074,100,Q060,TRIGGERS,0.598,1,2.202,10.956,183.862,0.06
S075,1,Q089,RIGHT JOIN,0.546,1,1.474,1.474,1.474,0.5288
S075,2,Q450,LEFT JOIN,0.595,0,2.867,4.341,4.341,0.1202
S075,3,Q307,VIEWS,0.44,1,1.493,5.835,5.835,0.3292
S075,4,Q424,SELECT,0.283,0,0.307,6.142,6.142,0.2204
S075,5,Q012,INDEXING,0.52,1,0.087,6.229,6.229,0.314
S075,6,Q305,UNION,0.595,1,1.294,7.523,7.523,0.1753
S075,7,Q259,JOINS,0.641,1,2.849,10.372,10.372,0.3086
S075,8,Q169,VIEWS,0.52,0,0.82,5.358,11.192,0.2238
S075,9,Q375,TRIGGERS,0.555,1,3.029,14.222,14.222,0.179
S075,10,Q357,INNER JOIN,0.447,1,0.075,14.297,14.297,0.1856
S075,11,Q028,STORED PROCEDURES,0.783,0,2.052,16.349,16.349,0.0986
S075,12,Q313,WHERE,0.359,1,0.76,17.11,17.11,0.06
S075,13,Q103,WHERE,0.449,1,0.013,0.013,17.123,0.1198
S075,14,Q433,TRANSACTIONS,0.619,0,2.363,19.485,19.485,0.0644
S075,15,Q471,STORED PROCEDURES,0.749,1,3.404,6.54,22.889,0.0605
S075,16,Q446,NORMALIZATION,0.718,0,0.972,23.861,23.861,0.0
S075,17,Q089,RIGHT JOIN,0.546,1,2.132,24.52,25.994,0.221
S075,18,Q460,RIGHT JOIN,0.512,0,1.506,1.506,27.5,0.1734
S075,19,Q025,LEFT JOIN,0.627,0,1.682,24.841,29.182,0.0
S075,20,Q106,TRIGGERS,0.768,1,3.655,18.616,32.838,0.06
S075,21,Q419,LEFT JOIN,0.469,0,0.829,4.484,33.667,0.0
S075,22,Q275,HAVING,0.692,0,0.474,34.141,34.141,0.0
S075,23,Q154,INDEXING,0.465,0,0.295,28.207,34.436,0.0
S075,24,Q142,STORED PROCEDURES,0.735,1,0.411,11.958,34.847,0.06
S075,25,Q026,JOINS,0.462,0,3.715,28.19,38.562,0.0
S075,26,Q056,GROUP BY,0.622,1,0.371,38.933,38.933,0.06
S075,27,Q442,NORMALIZATION,0.586,0,0.25,15.322,39.183,0.0
S075,28,Q357,INNER JOIN,0.447,0,1.915,26.801,41.098,0.0
S075,29,Q066,SELECT,0.207,1,1.463,36.42,42.561,0.06
S075,30,Q388,FOREIGN KEY,0.322,0,2.131,44.692,44.692,0.0
S075,31,Q400,VIEWS,0.655,0,0.345,33.845,45.037,0.0
S075,32,Q287,VIEWS,0.513,0,2.089,2.089,47.126,0.0
S075,33,Q314,NORMALIZATION,0.631,0,0.667,8.61,47.793,0.0
S075,34,Q043,RIGHT JOIN,0.724,1,0.091,20.384,47.884,0.06
S075,35,Q368,WHERE,0.261,0,3.956,34.717,51.84,0.0
S075,36,Q144,SUBQUERIES,0.813,0,0.67,52.51,52.51,0.0
S075,37,Q114,STORED PROCEDURES,0.598,1,0.368,18.03,52.878,0.06
S075,38,Q284,HAVING,0.408,1,0.649,19.386,53.527,0.06
S075,39,Q036,NORMALIZATION,0.55,0,0.165,5.899,53.692,0.0
S075,40,Q151,INNER JOIN,0.5,1,0.094,12.688,53.786,0.06
S075,41,Q238,VIEWS,0.43,0,1.456,8.116,55.242,0.0
S075,42,Q225,FOREIGN KEY,0.419,0,0.298,10.848,55.54,0.0
S075,43,Q039,AGGREGATE FUNCTIONS,0.36,0,1.531,57.071,57.071,0.0
S075,44,Q061,WHERE,0.356,1,0.529,5.759,57.599,0.06
S075,45,Q198,TRIGGERS,0.796,0,2.603,27.365,60.203,0.0
S075,46,Q405,LEFT JOIN,0.648,1,0.334,26.869,60.536,0.06
S075,47,Q260,PRIMARY KEY,0.442,1,0.719,61.255,61.255,0.06
S075,48,Q222,VIEWS,0.416,0,2.958,8.971,64.213,0.0
S075,49,Q383,PRIMARY KEY,0.392,0,0.173,3.131,64.386,0.0
S075,50,Q260,PRIMARY KEY,0.442,1,2.236,2.236,66.622,0.06
S075,51,Q125,JOINS,0.518,0,0.366,28.425,66.987,0.0
S075,52,Q392,STORED PROCEDURES,0.686,1,3.004,17.114,69.991,0.06
S075,53,Q047,LEFT JOIN,0.482,0,0.05,9.505,70.041,0.0
S075,54,Q448,GROUP BY,0.626,0,2.285,33.394,72.327,0.0
S075,55,Q087,JOINS,0.52,1,0.3,5.639,72.627,0.06
S075,56,Q349,PRIMARY KEY,0.216,0,1.103,7.108,73.729,0.0
S075,57,Q424,SELECT,0.283,1,0.922,32.09,74.652,0.06
S075,58,Q025,LEFT JOIN,0.627,0,0.766,5.377,75.418,0.0
S075,59,Q005,GROUP BY,0.393,0,2.314,5.405,77.732,0.0
S075,60,Q316,JOINS,0.535,1,0.07,5.175,77.802,0.06
S075,61,Q205,VIEWS,0.597,0,0.569,14.158,78.371,0.0
S075,62,Q193,INDEXING,0.643,0,1.189,45.124,79.56,0.0
S075,63,Q349,PRIMARY KEY,0.216,0,1.266,7.097,80.826,0.0
S075,64,Q244,LEFT JOIN,0.512,0,0.166,5.574,80.992,0.0
S075,65,Q079,WHERE,0.326,1,0.872,24.265,81.865,0.06
S075,66,Q271,UNION,0.382,1,0.52,74.861,82.384,0.06
S075,67,Q420,INNER JOIN,0.385,1,1.517,30.115,83.902,0.06
S075,68,Q007,WHERE,0.38,0,0.453,2.49,84.354,0.0
S075,69,Q310,WHERE,0.401,0,1.288,1.288,85.643,0.0
S075,70,Q102,TRANSACTIONS,0.659,0,0.688,66.845,86.331,0.0
S075,71,Q209,STORED PROCEDURES,0.739,0,3.884,20.224,90.215,0.0
S075,72,Q149,ORDER BY,0.264,1,0.681,90.896,90.896,0.06
S075,73,Q138,TRANSACTIONS,0.588,0,2.281,6.846,93.177,0.0
S075,74,Q112,INDEXING,0.48,1,1.36,14.977,94.537,0.06
S075,75,Q254,TRANSACTIONS,0.536,0,1.764,3.124,96.301,0.0
S075,76,Q324,WHERE,0.282,0,1.023,11.681,97.324,0.0
S075,77,Q126,LEFT JOIN,0.589,0,1.375,17.707,98.699,0.0
S075,78,Q149,ORDER BY,0.264,0,0.043,7.847,98.742,0.0
S075,79,Q105,RIGHT JOIN,0.534,0,1.111,51.969,99.853,0.0
S075,80,Q390,GROUP BY,0.446,0,1.163,23.284,101.016,0.0
S075,81,Q282,WHERE,0.221,1,8.506,12.197,109.522,0.06
S075,82,Q203,FOREIGN KEY,0.255,1,0.436,54.418,109.958,0.06
S075,83,Q094,TRANSACTIONS,0.694,1,1.162,14.818,111.119,0.06
S075,84,Q150,PRIMARY KEY,0.22,0,2.468,32.761,113.587,0.0
S075,85,Q068,ORDER BY,0.202,1,0.463,15.309,114.051,0.06
S075,86,Q275,HAVING,0.692,0,0.274,60.798,114.324,0.0
S075,87,Q306,UNION,0.518,1,3.925,35.866,118.25,0.06
S075,88,Q481,TRIGGERS,0.686,0,0.442,58.489,118.691,0.0
S075,89,Q157,TRIGGERS,0.69,1,0.939,0.939,119.631,0.06
S075,90,Q304,ORDER BY,0.33,1,1.523,7.103,121.154,0.06
S075,91,Q410,GROUP BY,0.445,0,0.565,20.704,121.719,0.0
S075,92,Q047,LEFT JOIN,0.482,1,0.647,23.667,122.366,0.06
S075,93,Q231,INDEXING,0.687,0,0.607,28.437,122.973,0.0
S075,94,Q212,RIGHT JOIN,0.621,0,0.779,23.899,123.752,0.0
S075,95,Q066,SELECT,0.207,1,1.356,50.456,125.108,0.06
S075,96,Q420,INNER JOIN,0.385,1,0.019,41.226,125.127,0.06
S075,97,Q320,SUBQUERIES,0.828,0,0.655,73.272,125.782,0.0
S075,98,Q087,JOINS,0.52,0,0.956,48.936,126.737,0.0
S075,99,Q439,HAVING,0.648,1,1.623,14.036,128.36,0.06
S075,100,Q100,SUBQUERIES,0.627,1,1.714,4.293,130.075,0.06
S076,1,Q182,NORMALIZATION,0.512,1,0.676,0.676,0.676,0.3394
S076,2,Q211,GROUP BY,0.403,0,1.445,2.121,2.121,0.4115
S076,3,Q114,STORED PROCEDURES,0.598,0,0.782,2.903,2.903,0.2083
S076,4,Q361,GROUP BY,0.457,0,0.377,1.159,3.279,0.3691
S076,5,Q492,ORDER BY,0.258,0,0.938,4.218,4.218,0.3294
S076,6,Q024,VIEWS,0.478,0,2.284,6.502,6.502,0.171
S076,7,Q500,GROUP BY,0.633,0,1.653,4.876,8.155,0.271
S076,8,Q064,AGGREGATE FUNCTIONS,0.397,0,1.003,9.158,9.158,0.3365
S076,9,Q283,STORED PROCEDURES,0.715,0,1.424,7.679,10.582,0.0681
S076,10,Q081,SELECT,0.21,0,3.459,14.041,14.041,0.24
S076,11,Q475,SELECT,0.227,0,1.934,1.934,15.974,0.186
S076,12,Q237,SUBQUERIES,0.801,0,0.033,16.008,16.008,0.0778
S076,13,Q370,SELECT,0.152,1,1.087,1.121,17.095,0.2292
S076,14,Q134,ORDER BY,0.387,0,3.752,16.629,20.847,0.055
S076,15,Q101,INDEXING,0.695,0,0.185,21.031,21.031,0.0
S076,16,Q268,ORDER BY,0.425,1,0.45,0.635,21.481,0.1055
S076,17,Q468,INNER JOIN,0.4,0,0.948,22.429,22.429,0.0192
S076,18,Q155,TRIGGERS,0.651,0,0.127,22.557,22.557,0.0
S076,19,Q113,ORDER BY,0.443,1,0.83,1.905,23.386,0.1369
S076,20,Q145,VIEWS,0.655,0,1.14,18.024,24.527,0.0
S076,21,Q032,FOREIGN KEY,0.299,0,1.032,25.559,25.559,0.0
S076,22,Q177,INDEXING,0.605,0,0.86,5.387,26.419,0.0
S076,23,Q299,GROUP BY,0.419,0,0.833,19.096,27.252,0.0
S076,24,Q085,VIEWS,0.618,0,4.541,7.265,31.792,0.0
S076,25,Q471,STORED PROCEDURES,0.749,0,1.353,22.564,33.145,0.0
S076,26,Q399,JOINS,0.524,0,1.992,35.137,35.137,0.0
S076,27,Q146,RIGHT JOIN,0.661,0,4.667,39.804,39.804,0.0
S076,28,Q349,PRIMARY KEY,0.216,0,1.189,40.993,40.993,0.0
S076,29,Q474,LEFT JOIN,0.551,0,0.409,41.402,41.402,0.0
S076,30,Q395,LEFT JOIN,0.643,0,1.587,1.587,42.989,0.0
S076,31,Q249,TRIGGERS,0.783,0,0.415,20.848,43.404,0.0
S076,32,Q241,STORED PROCEDURES,0.818,0,1.324,11.583,44.728,0.0
S076,33,Q109,AGGREGATE FUNCTIONS,0.581,0,0.871,36.441,45.599,0.0
S076,34,Q017,INNER JOIN,0.354,1,0.867,24.037,46.466,0.06
S076,35,Q049,HAVING,0.692,0,2.77,49.237,49.237,0.0
S076,36,Q382,LEFT JOIN,0.543,1,0.246,6.493,49.482,0.06
S076,37,Q064,AGGREGATE FUNCTIONS,0.397,1,0.159,4.042,49.641,0.06
S076,38,Q209,STORED PROCEDURES,0.739,0,0.518,5.43,50.158,0.0
S076,39,Q206,SUBQUERIES,0.557,1,0.297,34.448,50.455,0.06
S076,40,Q316,JOINS,0.535,1,1.89,17.208,52.345,0.06
S076,41,Q467,TRIGGERS,0.624,0,3.669,12.61,56.014,0.0
S076,42,Q486,INNER JOIN,0.576,0,0.353,9.901,56.368,0.0
S076,43,Q211,GROUP BY,0.403,0,1.025,30.142,57.393,0.0
S076,44,Q325,AGGREGATE FUNCTIONS,0.474,1,0.172,7.924,57.565,0.06
S076,45,Q372,INDEXING,0.498,0,0.482,31.629,58.047,0.0
S076,46,Q080,HAVING,0.504,1,0.0,8.811,58.047,0.06
S076,47,Q114,STORED PROCEDURES,0.598,1,0.699,8.588,58.746,0.06
S076,48,Q160,AGGREGATE FUNCTIONS,0.338,1,1.236,2.417,59.982,0.0837
S076,49,Q326,AGGREGATE FUNCTIONS,0.323,0,1.658,1.658,61.64,0.0339
S076,50,Q400,VIEWS,0.655,1,0.282,30.129,61.921,0.06
S076,51,Q474,LEFT JOIN,0.551,0,0.283,12.723,62.205,0.0
S076,52,Q206,SUBQUERIES,0.557,0,0.117,11.867,62.322,0.0
S076,53,Q279,FOREIGN KEY,0.269,1,0.822,37.586,63.144,0.06
S076,54,Q429,WHERE,0.391,0,5.086,68.23,68.23,0.0
S076,55,Q276,VIEWS,0.484,0,1.487,7.796,69.718,0.0
S076,56,Q216,HAVING,0.472,0,0.417,12.087,70.135,0.0
S076,57,Q282,WHERE,0.221,0,0.204,2.108,70.338,0.0
S076,58,Q458,TRIGGERS,0.727,0,3.27,17.594,73.609,0.0
S076,59,Q395,LEFT JOIN,0.643,0,4.583,15.987,78.191,0.0
S076,60,Q487,SUBQUERIES,0.631,0,3.928,19.797,82.119,0.0
S076,61,Q014,UNION,0.504,0,1.389,83.508,83.508,0.0
S076,62,Q060,TRIGGERS,0.598,0,2.068,11.967,85.576,0.0
S076,63,Q093,ORDER BY,0.402,1,0.855,63.044,86.431,0.06
S076,64,Q351,NORMALIZATION,0.753,0,3.284,89.038,89.714,0.0
S076,65,Q167,PRIMARY KEY,0.442,0,0.642,49.363,90.356,0.0
S076,66,Q086,HAVING,0.59,0,0.3,20.521,90.656,0.0
S076,67,Q117,RIGHT JOIN,0.503,0,2.264,53.116,92.92,0.0
S076,68,Q318,SUBQUERIES,0.809,0,3.453,14.254,96.373,0.0
S076,69,Q185,INDEXING,0.692,0,2.369,40.694,98.742,0.0
S076,70,Q371,JOINS,0.51,0,0.904,47.3,99.646,0.0
S076,71,Q476,TRIGGERS,0.613,1,1.253,15.323,100.899,0.06
S076,72,Q139,SELECT,0.229,0,0.606,84.41,101.505,0.0
S076,73,Q468,INNER JOIN,0.4,0,0.057,45.194,101.562,0.0
S076,74,Q250,INNER JOIN,0.477,1,0.01,0.01,101.572,0.06
S076,75,Q257,VIEWS,0.425,0,4.831,36.685,106.402,0.0
S076,76,Q175,INDEXING,0.505,1,0.502,8.163,106.905,0.06
S076,77,Q294,HAVING,0.618,0,2.433,18.682,109.338,0.0
S076,78,Q206,SUBQUERIES,0.557,0,0.491,13.456,109.829,0.0
S076,79,Q148,SUBQUERIES,0.793,1,2.393,2.393,112.222,0.06
S076,80,Q416,NORMALIZATION,0.673,1,0.969,23.476,113.191,0.06
S076,81,Q059,PRIMARY KEY,0.219,1,6.382,29.217,119.573,0.06
S076,82,Q070,HAVING,0.608,0,4.539,14.774,124.112,0.0
S076,83,Q271,UNION,0.382,0,0.727,41.331,124.839,0.0
S076,84,Q418,WHERE,0.336,1,1.286,55.787,126.125,0.06
S076,85,Q320,SUBQUERIES,0.828,0,0.841,14.745,126.966,0.0
S076,86,Q012,INDEXING,0.52,0,2.436,22.497,129.402,0.0
S076,87,Q395,LEFT JOIN,0.643,0,3.323,54.533,132.725,0.0
S076,88,Q284,HAVING,0.408,0,2.149,10.761,134.873,0.0
S076,89,Q380,JOINS,0.601,0,3.715,38.942,138.588,0.0
S076,90,Q474,LEFT JOIN,0.551,0,0.921,6.784,139.509,0.0
S076,91,Q462,TRANSACTIONS,0.661,0,0.836,140.344,140.344,0.0
S076,92,Q470,AGGREGATE FUNCTIONS,0.49,0,0.939,79.643,141.283,0.0
S076,93,Q424,SELECT,0.283,1,1.738,41.516,143.021,0.06
S076,94,Q155,TRIGGERS,0.651,0,0.915,43.037,143.936,0.0
S076,95,Q052,RIGHT JOIN,0.663,0,3.801,54.818,147.738,0.0
S076,96,Q329,LEFT JOIN,0.609,0,0.535,8.764,148.272,0.0
S076,97,Q258,SELECT,0.206,1,0.005,5.256,148.278,0.06
S076,98,Q204,TRIGGERS,0.735,0,0.714,5.055,148.992,0.0
S076,99,Q335,JOINS,0.436,0,2.829,13.232,151.82,0.0
S076,100,Q116,ORDER BY,0.363,0,0.03,65.42,151.85,0.0
S077,1,Q273,GROUP BY,0.489,1,0.591,0.591,0.591,0.5299
S077,2,Q347,FOREIGN KEY,0.405,0,0.598,1.189,1.189,0.3952
S077,3,Q351,NORMALIZATION,0.753,0,1.015,2.204,2.204,0.4391
S077,4,Q103,WHERE,0.449,0,10.062,12.266,12.266,0.2112
S077,5,Q342,AGGREGATE FUNCTIONS,0.576,1,0.471,12.737,12.737,0.169
S077,6,Q495,TRIGGERS,0.746,1,3.155,15.892,15.892,0.06
S077,7,Q499,FOREIGN KEY,0.458,0,1.903,16.606,17.795,0.1211
S077,8,Q084,GROUP BY,0.374,1,1.227,18.431,19.022,0.3134
S077,9,Q063,UNION,0.406,0,1.919,20.941,20.941,0.0808
S077,10,Q185,INDEXING,0.692,1,2.924,23.866,23.866,0.06
S077,11,Q024,VIEWS,0.478,0,1.588,25.454,25.454,0.0916
S077,12,Q224,RIGHT JOIN,0.546,1,1.408,26.862,26.862,0.06
S077,13,Q172,RIGHT JOIN,0.657,1,2.433,2.433,29.295,0.0835
S077,14,Q096,LEFT JOIN,0.516,0,3.693,32.988,32.988,0.0
S077,15,Q438,GROUP BY,0.565,1,4.928,18.894,37.916,0.09
S077,16,Q386,SELECT,0.334,0,2.225,40.142,40.142,0.0
S077,17,Q129,SELECT,0.199,1,2.258,2.258,42.4,0.06
S077,18,Q027,GROUP BY,0.405,0,0.263,4.747,42.663,0.0
S077,19,Q463,AGGREGATE FUNCTIONS,0.577,0,1.042,30.968,43.705,0.0
S077,20,Q151,INNER JOIN,0.5,1,0.212,43.917,43.917,0.06
S077,21,Q286,STORED PROCEDURES,0.846,0,0.707,44.624,44.624,0.0
S077,22,Q304,ORDER BY,0.33,0,3.019,47.643,47.643,0.0
S077,23,Q155,TRIGGERS,0.651,1,1.534,33.285,49.177,0.06
S077,24,Q483,VIEWS,0.52,0,1.88,25.603,51.057,0.0
S077,25,Q155,TRIGGERS,0.651,1,2.659,4.539,53.716,0.06
S077,26,Q391,ORDER BY,0.213,0,1.826,7.899,55.542,0.0
S077,27,Q133,FOREIGN KEY,0.479,0,2.24,39.987,57.782,0.0
S077,28,Q344,SELECT,0.171,1,1.567,16.949,59.348,0.06
S077,29,Q185,INDEXING,0.692,1,0.271,35.753,59.619,0.06
S077,30,Q227,NORMALIZATION,0.525,0,0.506,57.922,60.126,0.0
S077,31,Q109,AGGREGATE FUNCTIONS,0.581,1,1.0,17.421,61.126,0.06
S077,32,Q478,VIEWS,0.411,0,1.468,11.537,62.594,0.0
S077,33,Q117,RIGHT JOIN,0.503,0,1.107,34.406,63.701,0.0
S077,34,Q027,GROUP BY,0.405,0,0.491,21.529,64.192,0.0
S077,35,Q445,STORED PROCEDURES,0.733,0,0.253,19.821,64.445,0.0
S077,36,Q136,VIEWS,0.566,0,2.464,4.315,66.909,0.0
S077,37,Q010,UNION,0.357,1,0.083,46.05,66.992,0.06
S077,38,Q268,ORDER BY,0.425,0,0.995,12.445,67.987,0.0
S077,39,Q151,INNER JOIN,0.5,0,3.01,27.08,70.997,0.0
S077,40,Q317,NORMALIZATION,0.619,0,3.33,14.202,74.328,0.0
S077,41,Q065,INNER JOIN,0.622,1,2.031,5.361,76.358,0.06
S077,42,Q408,HAVING,0.471,1,0.434,76.793,76.793,0.06
S077,43,Q205,VIEWS,0.597,1,3.833,13.717,80.625,0.06
S077,44,Q108,SELECT,0.311,0,0.294,21.571,80.919,0.0
S077,45,Q203,FOREIGN KEY,0.255,0,0.459,23.596,81.378,0.0
S077,46,Q249,TRIGGERS,0.783,0,0.364,28.026,81.742,0.0
S077,47,Q300,VIEWS,0.627,0,1.471,2.588,83.214,0.0
S077,48,Q121,VIEWS,0.492,0,1.417,1.417,84.631,0.0
S077,49,Q024,VIEWS,0.478,1,2.71,2.71,87.341,0.06
S077,50,Q126,LEFT JOIN,0.589,0,0.824,55.177,88.165,0.0
S077,51,Q301,WHERE,0.29,0,1.294,77.193,89.459,0.0
S077,52,Q421,JOINS,0.5,1,0.541,90.001,90.001,0.06
S077,53,Q052,RIGHT JOIN,0.663,1,2.034,28.334,92.035,0.06
S077,54,Q441,JOINS,0.52,0,3.913,5.947,95.948,0.0
S077,55,Q183,FOREIGN KEY,0.495,1,1.945,16.515,97.893,0.06
S077,56,Q205,VIEWS,0.597,0,0.435,10.986,98.327,0.0
S077,57,Q156,WHERE,0.223,0,1.496,10.364,99.824,0.0
S077,58,Q475,SELECT,0.227,1,0.021,18.925,99.845,0.06
S077,59,Q276,VIEWS,0.484,0,1.119,2.636,100.963,0.0
S077,60,Q047,LEFT JOIN,0.482,0,1.617,14.415,102.58,0.0
S077,61,Q295,SUBQUERIES,0.805,0,3.373,105.953,105.953,0.0
S077,62,Q143,WHERE,0.264,0,0.276,6.405,106.229,0.0
S077,63,Q468,INNER JOIN,0.4,1,0.476,30.346,106.705,0.06
S077,64,Q394,UNION,0.411,1,0.486,40.199,107.191,0.06
S077,65,Q126,LEFT JOIN,0.589,1,0.614,5.224,107.804,0.06
S077,66,Q461,RIGHT JOIN,0.484,1,1.311,17.08,109.115,0.06
S077,67,Q363,NORMALIZATION,0.675,0,1.435,36.223,110.55,0.0
S077,68,Q061,WHERE,0.356,1,0.066,4.388,110.617,0.06
S077,69,Q089,RIGHT JOIN,0.546,0,1.301,2.803,111.918,0.0
S077,70,Q343,VIEWS,0.483,0,2.305,13.26,114.223,0.0
S077,71,Q464,INNER JOIN,0.454,0,0.886,8.404,115.109,0.0
S077,72,Q044,RIGHT JOIN,0.637,0,1.328,4.519,116.437,0.0
S077,73,Q171,HAVING,0.455,1,1.159,40.803,117.596,0.06
S077,74,Q329,LEFT JOIN,0.609,1,1.578,11.37,119.174,0.06
S077,75,Q308,NORMALIZATION,0.626,0,1.629,10.253,120.803,0.0
S077,76,Q093,ORDER BY,0.402,0,1.182,53.998,121.985,0.0
S077,77,Q301,WHERE,0.29,1,0.678,12.046,122.663,0.06
S077,78,Q169,VIEWS,0.52,1,0.53,8.97,123.193,0.06
S077,79,Q348,FOREIGN KEY,0.366,1,8.783,34.083,131.976,0.06
S077,80,Q073,RIGHT JOIN,0.571,1,0.806,16.345,132.782,0.06
S077,81,Q058,AGGREGATE FUNCTIONS,0.361,0,2.906,74.563,135.688,0.0
S077,82,Q430,SUBQUERIES,0.653,1,1.003,30.739,136.692,0.06
S077,83,Q298,TRIGGERS,0.632,0,0.735,55.684,137.426,0.0
S077,84,Q036,NORMALIZATION,0.55,1,0.441,17.065,137.868,0.06
S077,85,Q267,SELECT,0.307,0,0.184,38.207,138.052,0.0
S077,86,Q140,STORED PROCEDURES,0.717,0,1.812,75.419,139.864,0.0
S077,87,Q369,PRIMARY KEY,0.283,0,2.815,142.679,142.679,0.0
S077,88,Q115,STORED PROCEDURES,0.696,0,0.599,3.414,143.278,0.0
S077,89,Q460,RIGHT JOIN,0.512,0,0.72,11.216,143.999,0.0
S077,90,Q423,TRANSACTIONS,0.738,0,2.439,146.438,146.438,0.0
S077,91,Q176,PRIMARY KEY,0.27,0,1.567,5.326,148.005,0.0
S077,92,Q133,FOREIGN KEY,0.479,1,0.394,16.423,148.399,0.06
S077,93,Q225,FOREIGN KEY,0.419,0,6.309,6.309,154.708,0.0
S077,94,Q442,NORMALIZATION,0.586,1,0.861,17.702,155.569,0.06
S077,95,Q487,SUBQUERIES,0.631,0,0.344,19.222,155.913,0.0
S077,96,Q319,HAVING,0.639,1,0.5,38.818,156.414,0.06
S077,97,Q449,HAVING,0.677,0,0.127,0.127,156.541,0.0331
S077,98,Q075,UNION,0.426,0,1.046,50.397,157.587,0.0
S077,99,Q187,HAVING,0.52,0,0.022,1.069,157.609,0.0
S077,100,Q245,SELECT,0.37,1,0.8,20.358,158.409,0.06
S078,1,Q294,HAVING,0.618,0,0.471,0.471,0.471,0.4491
S078,2,Q236,NORMALIZATION,0.543,1,0.259,0.73,0.73,0.2564
S078,3,Q026,JOINS,0.462,1,0.74,1.47,1.47,0.4845
S078,4,Q421,JOINS,0.5,1,0.924,0.924,2.394,0.5307
S078,5,Q377,JOINS,0.519,0,2.133,2.133,4.527,0.4737
S078,6,Q107,ORDER BY,0.414,0,0.87,5.397,5.397,0.1148
S078,7,Q368,WHERE,0.261,1,2.755,8.152,8.152,0.3276
S078,8,Q330,ORDER BY,0.419,1,3.385,6.14,11.537,0.0827
S078,9,Q177,INDEXING,0.605,0,1.446,12.983,12.983,0.0721
S078,10,Q406,HAVING,0.46,1,0.211,12.723,13.194,0.3182
S078,11,Q398,AGGREGATE FUNCTIONS,0.442,0,1.118,14.312,14.312,0.08
S078,12,Q269,AGGREGATE FUNCTIONS,0.384,1,3.8,3.8,18.112,0.083
S078,13,Q409,FOREIGN KEY,0.381,0,1.875,19.987,19.987,0.0814
S078,14,Q075,UNION,0.426,1,0.148,20.135,20.135,0.1749
S078,15,Q342,AGGREGATE FUNCTIONS,0.576,0,3.998,6.021,24.134,0.0
S078,16,Q245,SELECT,0.37,1,1.008,25.142,25.142,0.06
S078,17,Q092,GROUP BY,0.355,0,0.679,25.82,25.82,0.0
S078,18,Q164,PRIMARY KEY,0.249,1,0.426,26.246,26.246,0.06
S078,19,Q309,HAVING,0.586,1,0.054,13.106,26.3,0.1816
S078,20,Q463,AGGREGATE FUNCTIONS,0.577,1,0.289,2.456,26.589,0.06
S078,21,Q059,PRIMARY KEY,0.219,0,3.647,3.99,30.236,0.0
S078,22,Q146,RIGHT JOIN,0.661,1,0.417,30.653,30.653,0.06
S078,23,Q257,VIEWS,0.425,1,0.21,30.864,30.864,0.06
S078,24,Q293,JOINS,0.674,0,1.004,27.341,31.868,0.0386
S078,25,Q398,AGGREGATE FUNCTIONS,0.442,0,0.322,5.601,32.191,0.0
S078,26,Q321,SUBQUERIES,0.781,1,0.014,32.205,32.205,0.06
S078,27,Q070,HAVING,0.608,0,0.341,6.245,32.546,0.0629
S078,28,Q489,SELECT,0.156,0,1.159,8.563,33.704,0.0
S078,29,Q341,NORMALIZATION,0.653,0,0.206,33.18,33.91,0.0
S078,30,Q165,NORMALIZATION,0.71,0,1.21,1.21,35.12,0.0
S078,31,Q377,JOINS,0.519,0,0.022,3.273,35.142,0.0
S078,32,Q114,STORED PROCEDURES,0.598,0,3.307,38.449,38.449,0.0
S078,33,Q018,FOREIGN KEY,0.452,0,0.888,19.35,39.337,0.0
S078,34,Q211,GROUP BY,0.403,0,1.55,15.067,40.887,0.0
S078,35,Q397,RIGHT JOIN,0.678,0,0.851,11.085,41.738,0.0
S078,36,Q284,HAVING,0.408,0,1.549,10.742,43.287,0.0
S078,37,Q286,STORED PROCEDURES,0.846,0,1.774,6.613,45.062,0.0
S078,38,Q320,SUBQUERIES,0.828,0,1.428,14.285,46.49,0.0
S078,39,Q099,STORED PROCEDURES,0.827,0,0.97,2.398,47.459,0.0
S078,40,Q458,TRIGGERS,0.727,0,0.029,47.489,47.489,0.0
S078,41,Q447,AGGREGATE FUNCTIONS,0.58,0,3.456,18.754,50.945,0.0
S078,42,Q328,INDEXING,0.642,0,5.241,43.203,56.186,0.0
S078,43,Q454,AGGREGATE FUNCTIONS,0.435,0,1.386,6.627,57.572,0.0
S078,44,Q319,HAVING,0.639,0,0.559,14.844,58.131,0.0
S078,45,Q355,NORMALIZATION,0.531,0,0.402,23.414,58.533,0.0
S078,46,Q357,INNER JOIN,0.447,0,1.435,59.968,59.968,0.0
S078,47,Q099,STORED PROCEDURES,0.827,0,0.502,13.011,60.471,0.0
S078,48,Q490,STORED PROCEDURES,0.81,0,2.966,2.966,63.436,0.0
S078,49,Q087,JOINS,0.52,0,1.334,29.628,64.77,0.0
S078,50,Q040,LEFT JOIN,0.619,0,0.127,64.897,64.897,0.0
S078,51,Q040,LEFT JOIN,0.619,1,1.302,1.302,66.198,0.06
S078,52,Q143,WHERE,0.264,0,1.562,59.608,67.76,0.0
S078,53,Q133,FOREIGN KEY,0.479,1,0.033,28.456,67.793,0.06
S078,54,Q463,AGGREGATE FUNCTIONS,0.577,0,0.547,10.768,68.34,0.0
S078,55,Q383,PRIMARY KEY,0.392,1,1.239,39.343,69.579,0.06
S078,56,Q021,NORMALIZATION,0.705,1,1.742,12.788,71.321,0.06
S078,57,Q051,FOREIGN KEY,0.373,0,0.562,4.09,71.883,0.0
S078,58,Q214,INDEXING,0.488,0,2.508,18.205,74.391,0.0
S078,59,Q285,SELECT,0.344,0,1.711,42.397,76.102,0.0
S078,60,Q038,SELECT,0.2,0,1.882,1.882,77.984,0.0
S078,61,Q315,WHERE,0.287,1,1.574,11.798,79.558,0.06
S078,62,Q412,LEFT JOIN,0.536,0,0.469,13.828,80.026,0.0
S078,63,Q500,GROUP BY,0.633,0,1.686,40.825,81.712,0.0
S078,64,Q238,VIEWS,0.43,0,0.44,51.288,82.152,0.0
S078,65,Q319,HAVING,0.639,1,1.86,25.88,84.011,0.06
S078,66,Q157,TRIGGERS,0.69,0,0.751,37.273,84.762,0.0
S078,67,Q172,RIGHT JOIN,0.657,0,0.821,43.845,85.583,0.0
S078,68,Q446,NORMALIZATION,0.718,0,3.211,17.473,88.794,0.0
S078,69,Q499,FOREIGN KEY,0.458,0,4.244,21.156,93.039,0.0
S078,70,Q137,ORDER BY,0.445,0,0.303,81.804,93.342,0.0
S078,71,Q440,SUBQUERIES,0.653,0,0.209,47.061,93.551,0.0
S078,72,Q209,STORED PROCEDURES,0.739,0,2.702,32.817,96.253,0.0
S078,73,Q432,NORMALIZATION,0.754,0,0.524,7.983,96.778,0.0
S078,74,Q155,TRIGGERS,0.651,0,0.38,12.395,97.157,0.0
S078,75,Q322,TRANSACTIONS,0.638,0,1.882,99.039,99.039,0.0
S078,76,Q087,JOINS,0.52,0,0.106,34.376,99.146,0.0
S078,77,Q224,RIGHT JOIN,0.546,0,1.616,15.178,100.762,0.0
S078,78,Q005,GROUP BY,0.393,0,1.239,20.288,102.001,0.0
S078,79,Q475,SELECT,0.227,1,1.327,25.344,103.327,0.06
S078,80,Q410,GROUP BY,0.445,0,7.117,8.444,110.445,0.0
S078,81,Q495,TRIGGERS,0.746,0,0.608,13.895,111.053,0.0
S078,82,Q253,STORED PROCEDURES,0.691,0,0.828,15.627,111.88,0.0
S078,83,Q400,VIEWS,0.655,0,0.37,30.098,112.25,0.0
S078,84,Q297,RIGHT JOIN,0.489,1,0.556,12.044,112.806,0.06
S078,85,Q425,INNER JOIN,0.522,1,0.493,53.331,113.299,0.06
S078,86,Q236,NORMALIZATION,0.543,0,0.743,17.264,114.042,0.0
S078,87,Q367,HAVING,0.509,0,0.832,30.862,114.874,0.0
S078,88,Q121,VIEWS,0.492,0,2.523,5.147,117.397,0.0
S078,89,Q386,SELECT,0.334,0,1.117,15.187,118.514,0.0
S078,90,Q204,TRIGGERS,0.735,0,0.915,8.376,119.429,0.0
S078,91,Q358,INNER JOIN,0.377,0,1.947,8.077,121.376,0.0
S078,92,Q369,PRIMARY KEY,0.283,1,1.207,53.004,122.583,0.06
S078,93,Q092,GROUP BY,0.355,0,0.999,13.137,123.582,0.0
S078,94,Q420,INNER JOIN,0.385,0,0.863,3.069,124.445,0.0
S078,95,Q088,INDEXING,0.69,0,1.78,51.835,126.226,0.0
S078,96,Q357,INNER JOIN,0.447,0,0.49,2.271,126.716,0.0
S078,97,Q226,TRANSACTIONS,0.672,1,4.394,32.07,131.11,0.06
S078,98,Q067,TRANSACTIONS,0.606,0,1.094,1.094,132.203,0.0186
S078,99,Q301,WHERE,0.29,0,2.142,54.788,134.345,0.0
S078,100,Q125,JOINS,0.518,0,1.243,36.442,135.588,0.0
S079,1,Q170,TRIGGERS,0.682,0,1.706,1.706,1.706,0.3244
S079,2,Q340,NORMALIZATION,0.688,0,5.816,7.522,7.522,0.1499
S079,3,Q399,JOINS,0.524,0,1.203,8.725,8.725,0.2967
S079,4,Q163,INNER JOIN,0.376,0,1.062,9.787,9.787,0.1009
S079,5,Q106,TRIGGERS,0.768,1,0.175,8.256,9.962,0.2605
S079,6,Q026,JOINS,0.462,0,1.412,2.649,11.374,0.232
S079,7,Q133,FOREIGN KEY,0.479,1,0.595,11.968,11.968,0.2009
S079,8,Q383,PRIMARY KEY,0.392,1,1.306,13.274,13.274,0.3199
S079,9,Q209,STORED PROCEDURES,0.739,0,1.02,14.295,14.295,0.0
S079,10,Q344,SELECT,0.171,0,0.343,14.638,14.638,0.0
S079,11,Q275,HAVING,0.692,0,2.19,16.828,16.828,0.0
S079,12,Q363,NORMALIZATION,0.675,0,1.055,10.36,17.883,0.0
S079,13,Q218,ORDER BY,0.226,0,0.924,18.807,18.807,0.1536
S079,14,Q304,ORDER BY,0.33,0,0.464,0.464,19.271,0.1216
S079,15,Q040,LEFT JOIN,0.619,1,0.148,19.419,19.419,0.1122
S079,16,Q191,SELECT,0.285,0,1.054,5.834,20.472,0.0
S079,17,Q037,INNER JOIN,0.477,0,0.39,11.075,20.862,0.0
S079,18,Q216,HAVING,0.472,1,2.921,6.955,23.783,0.06
S079,19,Q449,HAVING,0.677,1,1.036,1.036,24.819,0.1045
S079,20,Q011,SUBQUERIES,0.564,1,0.764,25.584,25.584,0.0893
S079,21,Q432,NORMALIZATION,0.754,1,0.024,7.725,25.607,0.06
S079,22,Q444,PRIMARY KEY,0.235,0,0.91,13.243,26.518,0.0963
S079,23,Q205,VIEWS,0.597,0,1.107,27.624,27.624,0.0
S079,24,Q175,INDEXING,0.505,1,0.03,27.654,27.654,0.06
S079,25,Q223,RIGHT JOIN,0.704,1,1.065,28.719,28.719,0.06
S079,26,Q407,ORDER BY,0.241,0,0.092,9.541,28.812,0.0
S079,27,Q219,VIEWS,0.56,0,0.442,1.629,29.253,0.0
S079,28,Q339,RIGHT JOIN,0.478,0,0.124,0.658,29.377,0.0251
S079,29,Q287,VIEWS,0.513,0,0.685,0.809,30.062,0.0
S079,30,Q208,INNER JOIN,0.385,0,6.232,15.432,36.294,0.0
S079,31,Q380,JOINS,0.601,0,0.119,25.039,36.413,0.0
S079,32,Q064,AGGREGATE FUNCTIONS,0.397,1,0.364,36.777,36.777,0.06
S079,33,Q312,WHERE,0.288,1,3.693,40.47,40.47,0.06
S079,34,Q347,FOREIGN KEY,0.405,1,5.265,33.767,45.735,0.06
S079,35,Q366,TRIGGERS,0.664,0,1.03,36.803,46.765,0.0
S079,36,Q296,VIEWS,0.472,0,1.01,17.713,47.775,0.0
S079,37,Q197,SELECT,0.265,0,1.65,28.953,49.425,0.0
S079,38,Q112,INDEXING,0.48,0,3.107,24.877,52.532,0.0
S079,39,Q213,ORDER BY,0.448,1,2.906,26.626,55.438,0.06
S079,40,Q167,PRIMARY KEY,0.442,0,3.476,32.396,58.913,0.0
S079,41,Q363,NORMALIZATION,0.675,0,2.5,35.806,61.413,0.0
S079,42,Q486,INNER JOIN,0.576,1,2.157,27.276,63.57,0.06
S079,43,Q167,PRIMARY KEY,0.442,0,0.184,4.841,63.755,0.0
S079,44,Q037,INNER JOIN,0.477,0,3.387,3.571,67.142,0.0
S079,45,Q336,RIGHT JOIN,0.557,0,0.793,38.558,67.935,0.0
S079,46,Q478,VIEWS,0.411,1,0.118,20.278,68.053,0.06
S079,47,Q267,SELECT,0.307,0,0.673,19.301,68.726,0.0
S079,48,Q399,JOINS,0.524,0,0.723,33.037,69.45,0.0
S079,49,Q076,WHERE,0.378,0,0.187,29.166,69.636,0.0
S079,50,Q064,AGGREGATE FUNCTIONS,0.397,0,0.377,33.236,70.013,0.0
S079,51,Q182,NORMALIZATION,0.512,0,1.266,9.866,71.279,0.0
S079,52,Q120,LEFT JOIN,0.655,0,0.125,51.985,71.403,0.0
S079,53,Q412,LEFT JOIN,0.536,0,0.364,0.364,71.767,0.0
S079,54,Q086,HAVING,0.59,0,1.329,48.277,73.096,0.0
S079,55,Q292,HAVING,0.7,0,0.237,0.237,73.334,0.0
S079,56,Q160,AGGREGATE FUNCTIONS,0.338,0,2.627,5.948,75.961,0.0
S079,57,Q290,SELECT,0.153,0,1.333,8.568,77.294,0.0
S079,58,Q366,TRIGGERS,0.664,0,0.945,31.474,78.239,0.0
S079,59,Q123,TRIGGERS,0.741,0,2.338,2.338,80.577,0.0
S079,60,Q125,JOINS,0.518,0,0.042,11.169,80.619,0.0
S079,61,Q360,PRIMARY KEY,0.348,1,0.302,17.166,80.921,0.06
S079,62,Q461,RIGHT JOIN,0.484,0,1.67,14.656,82.591,0.0
S079,63,Q386,SELECT,0.334,0,0.812,6.109,83.403,0.0
S079,64,Q422,TRIGGERS,0.65,1,0.815,3.641,84.218,0.06
S079,65,Q329,LEFT JOIN,0.609,1,0.44,12.891,84.658,0.06
S079,66,Q447,AGGREGATE FUNCTIONS,0.58,1,2.212,10.91,86.871,0.06
S079,67,Q261,NORMALIZATION,0.767,0,3.467,19.059,90.338,0.0
S079,68,Q231,INDEXING,0.687,0,1.792,39.598,92.13,0.0
S079,69,Q101,INDEXING,0.695,0,4.55,4.55,96.68,0.0
S079,70,Q255,RIGHT JOIN,0.673,1,2.015,16.104,98.694,0.06
S079,71,Q210,GROUP BY,0.475,0,0.8,99.494,99.494,0.0
S079,72,Q069,LEFT JOIN,0.56,0,1.156,15.992,100.651,0.0
S079,73,Q032,FOREIGN KEY,0.299,0,0.488,55.403,101.138,0.0
S079,74,Q476,TRIGGERS,0.613,0,0.9,17.82,102.038,0.0
S079,75,Q037,INNER JOIN,0.477,0,0.035,34.932,102.073,0.0
S079,76,Q154,INDEXING,0.465,0,3.497,8.891,105.571,0.0
S079,77,Q484,JOINS,0.63,0,4.031,28.983,109.602,0.0
S079,78,Q329,LEFT JOIN,0.609,0,0.597,9.548,110.199,0.0
S079,79,Q062,JOINS,0.537,0,0.211,0.808,110.41,0.0
S079,80,Q232,PRIMARY KEY,0.433,0,1.68,31.169,112.089,0.0
S079,81,Q038,SELECT,0.2,1,1.736,30.423,113.826,0.06
S079,82,Q083,JOINS,0.473,0,0.338,3.754,114.164,0.0
S079,83,Q172,RIGHT JOIN,0.657,1,0.589,16.059,114.753,0.06
S079,84,Q456,FOREIGN KEY,0.297,0,1.664,15.279,116.418,0.0
S079,85,Q320,SUBQUERIES,0.828,0,2.359,93.193,118.777,0.0
S079,86,Q203,FOREIGN KEY,0.255,0,2.253,4.612,121.03,0.0
S079,87,Q316,JOINS,0.535,1,1.734,8.6,122.764,0.06
S079,88,Q061,WHERE,0.356,0,4.082,57.209,126.845,0.0
S079,89,Q195,TRANSACTIONS,0.673,1,0.546,127.391,127.391,0.06
S079,90,Q181,FOREIGN KEY,0.273,0,0.24,6.602,127.632,0.0
S079,91,Q235,AGGREGATE FUNCTIONS,0.512,0,0.961,41.722,128.592,0.0
S079,92,Q165,NORMALIZATION,0.71,0,0.879,39.134,129.472,0.0
S079,93,Q157,TRIGGERS,0.69,1,1.063,28.497,130.535,0.06
S079,94,Q284,HAVING,0.408,1,0.025,57.227,130.56,0.06
S079,95,Q320,SUBQUERIES,0.828,0,2.071,13.855,132.631,0.0
S079,96,Q017,INNER JOIN,0.354,0,7.28,37.838,139.911,0.0
S079,97,Q311,INNER JOIN,0.391,1,0.425,0.425,140.336,0.06
S079,98,Q196,STORED PROCEDURES,0.722,0,1.507,127.549,141.843,0.0
S079,99,Q400,VIEWS,0.655,0,1.609,75.399,143.452,0.0
S079,100,Q329,LEFT JOIN,0.609,0,0.165,33.418,143.617,0.0
S080,1,Q324,WHERE,0.282,0,1.637,1.637,1.637,0.2162
S080,2,Q179,ORDER BY,0.262,0,1.018,2.655,2.655,0.1453
S080,3,Q394,UNION,0.411,1,2.564,5.219,5.219,0.3481
S080,4,Q271,UNION,0.382,0,0.256,0.256,5.475,0.3193
S080,5,Q106,TRIGGERS,0.768,0,0.8,6.275,6.275,0.2499
S080,6,Q229,TRANSACTIONS,0.702,0,0.164,6.439,6.439,0.1144
S080,7,Q256,ORDER BY,0.346,0,1.407,5.191,7.846,0.0424
S080,8,Q211,GROUP BY,0.403,0,0.174,8.02,8.02,0.1191
S080,9,Q439,HAVING,0.648,0,0.237,8.257,8.257,0.176
S080,10,Q431,JOINS,0.561,0,0.457,8.714,8.714,0.2722
S080,11,Q271,UNION,0.382,0,0.542,3.78,9.255,0.2376
S080,12,Q164,PRIMARY KEY,0.249,1,6.696,15.952,15.952,0.2118
S080,13,Q398,AGGREGATE FUNCTIONS,0.442,0,2.626,18.577,18.577,0.1428
S080,14,Q049,HAVING,0.692,0,2.814,13.134,21.391,0.0
S080,15,Q492,ORDER BY,0.258,1,1.785,15.33,23.176,0.06
S080,16,Q189,GROUP BY,0.364,0,0.633,15.789,23.809,0.0
S080,17,Q125,JOINS,0.518,1,1.935,17.031,25.745,0.0767
S080,18,Q345,ORDER BY,0.246,0,4.09,6.659,29.835,0.0
S080,19,Q020,WHERE,0.371,1,3.037,31.235,32.871,0.06
S080,20,Q030,GROUP BY,0.529,0,1.004,10.066,33.875,0.0
S080,21,Q093,ORDER BY,0.402,0,1.946,5.987,35.821,0.0
S080,22,Q072,NORMALIZATION,0.55,0,1.847,37.669,37.669,0.0
S080,23,Q328,INDEXING,0.642,0,0.526,38.195,38.195,0.0
S080,24,Q440,SUBQUERIES,0.653,0,5.904,44.099,44.099,0.0
S080,25,Q463,AGGREGATE FUNCTIONS,0.577,0,0.014,25.535,44.113,0.0
S080,26,Q467,TRIGGERS,0.624,0,7.734,45.571,51.846,0.0
S080,27,Q257,VIEWS,0.425,0,5.223,57.069,57.069,0.0
S080,28,Q057,INNER JOIN,0.473,0,1.345,58.413,58.413,0.0
S080,29,Q175,INDEXING,0.505,0,2.323,22.542,60.736,0.0
S080,30,Q322,TRANSACTIONS,0.638,0,0.541,54.839,61.278,0.0
S080,31,Q042,SUBQUERIES,0.658,0,0.792,17.971,62.07,0.0
S080,32,Q102,TRANSACTIONS,0.659,0,0.477,1.269,62.547,0.0
S080,33,Q229,TRANSACTIONS,0.702,0,0.837,0.837,63.384,0.0
S080,34,Q316,JOINS,0.535,0,0.494,38.134,63.879,0.0
S080,35,Q426,JOINS,0.626,0,0.539,0.539,64.418,0.0
S080,36,Q396,SELECT,0.185,0,1.075,65.493,65.493,0.0
S080,37,Q249,TRIGGERS,0.783,0,1.632,15.279,67.125,0.0
S080,38,Q140,STORED PROCEDURES,0.717,1,1.216,68.342,68.342,0.06
S080,39,Q021,NORMALIZATION,0.705,0,4.197,34.87,72.539,0.0
S080,40,Q316,JOINS,0.535,0,0.571,8.692,73.11,0.0
S080,41,Q399,JOINS,0.524,0,0.19,0.19,73.3,0.0
S080,42,Q376,HAVING,0.695,0,7.38,59.289,80.68,0.0
S080,43,Q496,NORMALIZATION,0.716,0,1.521,9.663,82.201,0.0
S080,44,Q041,SELECT,0.301,1,0.385,17.093,82.586,0.06
S080,45,Q414,TRIGGERS,0.737,1,0.615,16.075,83.201,0.06
S080,46,Q053,SUBQUERIES,0.682,0,4.879,26.009,88.079,0.0
S080,47,Q265,NORMALIZATION,0.689,0,0.641,6.519,88.721,0.0
S080,48,Q059,PRIMARY KEY,0.219,1,0.429,73.198,89.15,0.06
S080,49,Q016,INNER JOIN,0.401,0,0.096,30.833,89.246,0.0
S080,50,Q477,TRIGGERS,0.655,0,2.215,8.26,91.461,0.0
S080,51,Q315,WHERE,0.287,0,2.322,60.912,93.783,0.0
S080,52,Q264,TRANSACTIONS,0.523,0,5.018,35.417,98.801,0.0
S080,53,Q181,FOREIGN KEY,0.273,0,0.318,99.119,99.119,0.0
S080,54,Q244,LEFT JOIN,0.512,0,0.131,99.25,99.25,0.0
S080,55,Q231,INDEXING,0.687,0,1.362,39.876,100.612,0.0
S080,56,Q252,ORDER BY,0.263,1,0.762,65.553,101.374,0.06
S080,57,Q330,ORDER BY,0.419,1,1.855,1.855,103.229,0.0922
S080,58,Q004,AGGREGATE FUNCTIONS,0.438,0,2.749,61.865,105.978,0.0
S080,59,Q237,SUBQUERIES,0.801,0,0.155,18.054,106.133,0.0
S080,60,Q178,HAVING,0.584,0,0.112,25.565,106.245,0.0
S080,61,Q266,FOREIGN KEY,0.324,1,0.769,7.896,107.015,0.06
S080,62,Q162,UNION,0.64,0,4.235,101.994,111.249,0.0
S080,63,Q496,NORMALIZATION,0.716,0,0.174,22.703,111.424,0.0
S080,64,Q397,RIGHT JOIN,0.678,1,0.363,111.786,111.786,0.06
S080,65,Q378,AGGREGATE FUNCTIONS,0.56,0,2.113,7.922,113.899,0.0
S080,66,Q307,VIEWS,0.44,0,1.457,58.287,115.356,0.0
S080,67,Q076,WHERE,0.378,1,1.089,22.662,116.445,0.06
S080,68,Q240,LEFT JOIN,0.422,0,3.202,20.396,119.646,0.0
S080,69,Q492,ORDER BY,0.258,1,0.841,17.258,120.487,0.06
S080,70,Q269,AGGREGATE FUNCTIONS,0.384,0,0.383,6.97,120.87,0.0
S080,71,Q116,ORDER BY,0.363,0,2.347,2.729,123.216,0.0
S080,72,Q130,INDEXING,0.534,0,2.894,25.498,126.11,0.0
S080,73,Q057,INNER JOIN,0.473,0,0.338,37.201,126.447,0.0
S080,74,Q014,UNION,0.504,0,0.334,15.532,126.782,0.0
S080,75,Q127,WHERE,0.288,0,0.375,10.712,127.157,0.0
S080,76,Q393,HAVING,0.419,0,1.876,22.788,129.033,0.0
S080,77,Q489,SELECT,0.156,0,1.736,48.183,130.769,0.0
S080,78,Q146,RIGHT JOIN,0.661,0,0.476,19.459,131.245,0.0
S080,79,Q182,NORMALIZATION,0.512,0,0.128,19.95,131.373,0.0
S080,80,Q117,RIGHT JOIN,0.503,0,2.325,2.453,133.698,0.0
S080,81,Q007,WHERE,0.38,1,2.32,8.862,136.018,0.06
S080,82,Q085,VIEWS,0.618,0,0.339,21.001,136.358,0.0
S080,83,Q089,RIGHT JOIN,0.546,0,0.192,2.852,136.55,0.0
S080,84,Q045,WHERE,0.224,0,0.977,1.508,137.527,0.0124
S080,85,Q051,FOREIGN KEY,0.373,1,2.602,33.114,140.129,0.06
S080,86,Q222,VIEWS,0.416,0,0.414,4.185,140.543,0.0
S080,87,Q168,SUBQUERIES,0.647,0,0.22,34.629,140.763,0.0
S080,88,Q472,INNER JOIN,0.643,0,3.539,17.855,144.302,0.0
S080,89,Q016,INNER JOIN,0.401,0,0.917,0.917,145.219,0.0
S080,90,Q163,INNER JOIN,0.376,0,1.19,1.19,146.409,0.0
S080,91,Q301,WHERE,0.29,0,0.107,8.989,146.516,0.0
S080,92,Q493,LEFT JOIN,0.431,1,0.195,27.065,146.711,0.06
S080,93,Q091,ORDER BY,0.348,0,0.23,23.725,146.941,0.0
S080,94,Q174,SELECT,0.261,0,0.214,16.385,147.154,0.0
S080,95,Q219,VIEWS,0.56,0,1.038,7.65,148.193,0.0
S080,96,Q085,VIEWS,0.618,1,3.962,3.962,152.154,0.06
S080,97,Q145,VIEWS,0.655,0,1.402,1.402,153.556,0.014
S080,98,Q395,LEFT JOIN,0.643,0,0.909,7.755,154.466,0.0
S080,99,Q131,ORDER BY,0.392,0,1.291,8.816,155.757,0.0
S080,100,Q054,TRIGGERS,0.559,1,1.564,65.86,157.321,0.06
S081,1,Q140,STORED PROCEDURES,0.717,1,1.08,1.08,1.08,0.3459
S081,2,Q336,RIGHT JOIN,0.557,1,0.072,1.152,1.152,0.3635
S081,3,Q494,NORMALIZATION,0.671,0,0.381,1.533,1.533,0.4207
S081,4,Q408,HAVING,0.471,0,1.828,3.361,3.361,0.3892
S081,5,Q386,SELECT,0.334,0,0.277,3.639,3.639,0.3955
S081,6,Q049,HAVING,0.692,0,2.091,2.368,5.729,0.3287
S081,7,Q372,INDEXING,0.498,1,0.152,5.881,5.881,0.3468
S081,8,Q316,JOINS,0.535,1,2.352,8.233,8.233,0.3836
S081,9,Q396,SELECT,0.185,1,1.971,6.565,10.204,0.357
S081,10,Q198,TRIGGERS,0.796,1,3.002,13.206,13.206,0.344
S081,11,Q493,LEFT JOIN,0.431,0,1.716,14.922,14.922,0.0326
S081,12,Q009,SELECT,0.226,1,1.569,6.287,16.491,0.3227
S081,13,Q131,ORDER BY,0.392,0,1.184,17.675,17.675,0.0303
S081,14,Q498,FOREIGN KEY,0.401,0,0.297,17.972,17.972,0.0835
S081,15,Q271,UNION,0.382,1,0.996,18.968,18.968,0.2104
S081,16,Q244,LEFT JOIN,0.512,0,0.582,4.627,19.549,0.0
S081,17,Q388,FOREIGN KEY,0.322,0,0.685,2.263,20.235,0.0245
S081,18,Q185,INDEXING,0.692,0,0.216,14.57,20.451,0.1032
S081,19,Q211,GROUP BY,0.403,0,0.616,21.067,21.067,0.0
S081,20,Q028,STORED PROCEDURES,0.783,0,2.756,22.742,23.823,0.0
S081,21,Q075,UNION,0.426,1,0.345,5.2,24.167,0.1924
S081,22,Q151,INNER JOIN,0.5,1,1.055,25.222,25.222,0.0982
S081,23,Q267,SELECT,0.307,1,1.588,10.319,26.81,0.2279
S081,24,Q177,INDEXING,0.605,1,0.775,7.134,27.585,0.06
S081,25,Q189,GROUP BY,0.364,0,0.428,6.946,28.013,0.0
S081,26,Q470,AGGREGATE FUNCTIONS,0.49,0,1.139,29.151,29.151,0.0
S081,27,Q384,JOINS,0.69,1,0.586,21.504,29.737,0.1211
S081,28,Q411,SUBQUERIES,0.668,0,0.983,30.721,30.721,0.0
S081,29,Q369,PRIMARY KEY,0.283,0,4.336,35.057,35.057,0.0
S081,30,Q294,HAVING,0.618,0,2.419,31.747,37.476,0.0
S081,31,Q365,LEFT JOIN,0.529,0,0.634,18.56,38.11,0.0
S081,32,Q461,RIGHT JOIN,0.484,0,3.423,40.381,41.533,0.0
S081,33,Q092,GROUP BY,0.355,0,0.083,13.604,41.616,0.0
S081,34,Q328,INDEXING,0.642,1,2.025,16.057,43.641,0.06
S081,35,Q453,FOREIGN KEY,0.484,0,8.982,32.389,52.623,0.0
S081,36,Q263,GROUP BY,0.516,1,0.859,11.865,53.482,0.06
S081,37,Q348,FOREIGN KEY,0.366,0,1.365,2.224,54.847,0.0
S081,38,Q139,SELECT,0.229,1,0.836,28.873,55.683,0.06
S081,39,Q251,TRIGGERS,0.583,1,1.444,43.921,57.127,0.06
S081,40,Q451,VIEWS,0.573,0,0.103,57.23,57.23,0.0
S081,41,Q053,SUBQUERIES,0.682,1,0.17,26.679,57.4,0.06
S081,42,Q162,UNION,0.64,0,0.396,33.628,57.795,0.0
S081,43,Q384,JOINS,0.69,0,0.397,28.455,58.192,0.0
S081,44,Q106,TRIGGERS,0.768,0,1.416,2.481,59.608,0.0
S081,45,Q202,PRIMARY KEY,0.254,0,0.682,25.234,60.29,0.0
S081,46,Q499,FOREIGN KEY,0.458,1,0.512,5.956,60.803,0.06
S081,47,Q495,TRIGGERS,0.746,0,0.25,1.444,61.052,0.0
S081,48,Q120,LEFT JOIN,0.655,0,1.014,23.956,62.066,0.0
S081,49,Q050,ORDER BY,0.39,0,1.961,46.352,64.027,0.0
S081,50,Q048,ORDER BY,0.318,0,0.576,0.576,64.603,0.0
S081,51,Q014,UNION,0.504,0,0.192,7.0,64.795,0.0
S081,52,Q054,TRIGGERS,0.559,0,0.007,3.75,64.802,0.0
S081,53,Q131,ORDER BY,0.392,1,0.594,0.793,65.396,0.06
S081,54,Q020,WHERE,0.371,0,0.373,65.77,65.77,0.0
S081,55,Q033,LEFT JOIN,0.653,1,0.078,3.782,65.848,0.06
S081,56,Q026,JOINS,0.462,0,0.224,7.88,66.072,0.0
S081,57,Q238,VIEWS,0.43,0,1.542,10.384,67.614,0.0
S081,58,Q027,GROUP BY,0.405,1,0.693,14.825,68.307,0.06
S081,59,Q461,RIGHT JOIN,0.484,1,4.878,31.652,73.185,0.06
S081,60,Q019,RIGHT JOIN,0.455,1,0.852,0.852,74.037,0.1072
S081,61,Q332,TRIGGERS,0.562,1,4.413,13.648,78.45,0.06
S081,62,Q037,INNER JOIN,0.477,0,5.126,58.354,83.576,0.0
S081,63,Q126,LEFT JOIN,0.589,0,0.126,17.855,83.703,0.0
S081,64,Q184,HAVING,0.542,0,3.59,49.816,87.292,0.0
S081,65,Q338,FOREIGN KEY,0.333,0,0.23,26.72,87.522,0.0
S081,66,Q208,INNER JOIN,0.385,0,0.884,4.83,88.406,0.0
S081,67,Q442,NORMALIZATION,0.586,1,3.229,90.102,91.635,0.06
S081,68,Q437,TRIGGERS,0.758,0,0.219,13.404,91.854,0.0
S081,69,Q142,STORED PROCEDURES,0.735,0,0.994,69.025,92.848,0.0
S081,70,Q298,TRIGGERS,0.632,1,0.299,1.293,93.147,0.06
S081,71,Q419,LEFT JOIN,0.469,0,0.527,9.971,93.674,0.0
S081,72,Q460,RIGHT JOIN,0.512,1,1.206,20.843,94.88,0.06
S081,73,Q180,INDEXING,0.498,1,1.383,52.621,96.263,0.06
S081,74,Q486,INNER JOIN,0.576,0,2.396,10.253,98.659,0.0
S081,75,Q424,SELECT,0.283,0,6.828,49.803,105.486,0.0
S081,76,Q167,PRIMARY KEY,0.442,0,1.344,46.54,106.83,0.0
S081,77,Q017,INNER JOIN,0.354,1,1.529,9.7,108.359,0.06
S081,78,Q400,VIEWS,0.655,1,0.413,41.158,108.772,0.06
S081,79,Q108,SELECT,0.311,0,1.234,4.519,110.006,0.0
S081,80,Q116,ORDER BY,0.363,0,4.451,49.06,114.456,0.0
S081,81,Q247,PRIMARY KEY,0.388,1,0.178,7.804,114.634,0.06
S081,82,Q229,TRANSACTIONS,0.702,1,2.785,117.42,117.42,0.06
S081,83,Q399,JOINS,0.524,0,1.192,52.54,118.612,0.0
S081,84,Q158,VIEWS,0.411,0,0.438,10.278,119.05,0.0
S081,85,Q110,GROUP BY,0.62,0,1.405,52.148,120.455,0.0
S081,86,Q467,TRIGGERS,0.624,0,5.199,32.508,125.655,0.0
S081,87,Q306,UNION,0.518,1,3.128,63.987,128.782,0.06
S081,88,Q422,TRIGGERS,0.65,0,1.623,4.751,130.405,0.0
S081,89,Q163,INNER JOIN,0.376,0,1.893,23.94,132.299,0.0
S081,90,Q153,LEFT JOIN,0.611,0,2.014,40.639,134.313,0.0
S081,91,Q326,AGGREGATE FUNCTIONS,0.323,0,1.724,106.885,136.037,0.0
S081,92,Q098,AGGREGATE FUNCTIONS,0.402,1,0.022,0.022,136.059,0.06
S081,93,Q113,ORDER BY,0.443,0,0.792,22.394,136.85,0.0
S081,94,Q187,HAVING,0.52,0,1.174,50.732,138.024,0.0
S081,95,Q129,SELECT,0.199,1,2.553,30.572,140.577,0.06
S081,96,Q235,AGGREGATE FUNCTIONS,0.512,0,0.169,4.688,140.746,0.0
S081,97,Q420,INNER JOIN,0.385,1,1.758,10.206,142.505,0.06
S081,98,Q288,VIEWS,0.651,1,2.547,26.002,145.051,0.06
S081,99,Q435,NORMALIZATION,0.623,1,0.798,54.214,145.849,0.06
S081,100,Q154,INDEXING,0.465,0,1.075,50.662,146.925,0.0
S082,1,Q435,NORMALIZATION,0.623,1,1.261,1.261,1.261,0.4105
S082,2,Q139,SELECT,0.229,1,1.57,2.831,2.831,0.4968
S082,3,Q220,TRANSACTIONS,0.748,0,0.398,3.229,3.229,0.2028
S082,4,Q183,FOREIGN KEY,0.495,0,5.277,8.506,8.506,0.0601
S082,5,Q413,LEFT JOIN,0.513,0,0.866,9.372,9.372,0.3173
S082,6,Q006,ORDER BY,0.205,0,0.302,9.674,9.674,0.0689
S082,7,Q013,NORMALIZATION,0.686,1,0.002,8.416,9.677,0.3442
S082,8,Q105,RIGHT JOIN,0.534,0,1.601,11.278,11.278,0.1326
S082,9,Q141,ORDER BY,0.343,1,0.386,1.989,11.663,0.099
S082,10,Q036,NORMALIZATION,0.55,0,1.294,3.28,12.957,0.27
S082,11,Q037,INNER JOIN,0.477,0,0.022,12.979,12.979,0.2525
S082,12,Q310,WHERE,0.401,1,0.129,13.108,13.108,0.3114
S082,13,Q199,UNION,0.466,1,0.304,13.412,13.412,0.2614
S082,14,Q097,STORED PROCEDURES,0.801,1,1.077,14.489,14.489,0.2454
S082,15,Q170,TRIGGERS,0.682,0,2.184,16.673,16.673,0.0
S082,16,Q315,WHERE,0.287,0,2.552,6.117,19.225,0.1946
S082,17,Q021,NORMALIZATION,0.705,1,3.819,10.087,23.044,0.1787
S082,18,Q006,ORDER BY,0.205,1,0.177,11.557,23.22,0.06
S082,19,Q150,PRIMARY KEY,0.22,0,6.598,29.818,29.818,0.0
S082,20,Q138,TRANSACTIONS,0.588,1,4.446,31.035,34.265,0.06
S082,21,Q407,ORDER BY,0.241,1,1.949,12.993,36.213,0.06
S082,22,Q010,UNION,0.357,0,1.593,24.394,37.806,0.0
S082,23,Q299,GROUP BY,0.419,0,0.8,38.606,38.606,0.0
S082,24,Q104,UNION,0.517,0,2.977,3.777,41.583,0.0
S082,25,Q297,RIGHT JOIN,0.489,1,1.138,31.444,42.721,0.06
S082,26,Q174,SELECT,0.261,1,0.003,39.893,42.724,0.06
S082,27,Q083,JOINS,0.473,0,2.394,45.118,45.118,0.0
S082,28,Q251,TRIGGERS,0.583,1,1.608,30.054,46.726,0.06
S082,29,Q014,UNION,0.504,1,3.599,8.742,50.325,0.06
S082,30,Q178,HAVING,0.584,0,2.584,52.91,52.91,0.0
S082,31,Q135,HAVING,0.678,0,4.775,4.775,57.685,0.0
S082,32,Q367,HAVING,0.509,0,0.952,0.952,58.637,0.0
S082,33,Q412,LEFT JOIN,0.536,1,0.824,50.089,59.461,0.06
S082,34,Q455,FOREIGN KEY,0.309,1,2.754,53.709,62.215,0.06
S082,35,Q232,PRIMARY KEY,0.433,0,1.123,33.52,63.339,0.0
S082,36,Q237,SUBQUERIES,0.801,0,2.011,65.349,65.349,0.0
S082,37,Q318,SUBQUERIES,0.809,0,2.132,2.132,67.481,0.0
S082,38,Q087,JOINS,0.52,0,0.594,22.957,68.075,0.0
S082,39,Q360,PRIMARY KEY,0.348,0,0.591,5.328,68.666,0.0
S082,40,Q243,HAVING,0.47,1,0.029,10.059,68.695,0.06
S082,41,Q093,ORDER BY,0.402,1,5.511,37.993,74.206,0.06
S082,42,Q203,FOREIGN KEY,0.255,1,0.163,12.154,74.369,0.06
S082,43,Q343,VIEWS,0.483,1,0.782,75.151,75.151,0.06
S082,44,Q432,NORMALIZATION,0.754,0,0.456,52.564,75.607,0.0
S082,45,Q211,GROUP BY,0.403,1,0.006,37.007,75.613,0.06
S082,46,Q120,LEFT JOIN,0.655,0,0.645,16.797,76.258,0.0
S082,47,Q158,VIEWS,0.411,0,2.555,3.662,78.813,0.0
S082,48,Q358,INNER JOIN,0.377,0,0.217,66.051,79.03,0.0
S082,49,Q228,HAVING,0.488,0,0.064,10.399,79.094,0.0
S082,50,Q048,ORDER BY,0.318,0,0.213,5.101,79.307,0.0
S082,51,Q105,RIGHT JOIN,0.534,1,0.717,37.303,80.024,0.06
S082,52,Q264,TRANSACTIONS,0.523,0,3.056,48.816,83.081,0.0
S082,53,Q251,TRIGGERS,0.583,0,3.149,39.503,86.23,0.0
S082,54,Q321,SUBQUERIES,0.781,1,3.41,22.159,89.639,0.06
S082,55,Q453,FOREIGN KEY,0.484,0,0.124,15.395,89.764,0.0
S082,56,Q406,HAVING,0.46,0,0.047,10.716,89.81,0.0
S082,57,Q446,NORMALIZATION,0.718,1,5.311,19.514,95.122,0.06
S082,58,Q231,INDEXING,0.687,0,0.49,95.612,95.612,0.0
S082,59,Q100,SUBQUERIES,0.627,0,0.27,6.243,95.882,0.0
S082,60,Q119,INDEXING,0.674,1,2.134,2.404,98.016,0.06
S082,61,Q480,STORED PROCEDURES,0.638,0,1.461,84.988,99.477,0.0
S082,62,Q333,HAVING,0.504,0,0.364,10.031,99.841,0.0
S082,63,Q433,TRANSACTIONS,0.619,1,0.535,17.296,100.376,0.06
S082,64,Q217,PRIMARY KEY,0.385,1,2.298,34.008,102.674,0.06
S082,65,Q264,TRANSACTIONS,0.523,1,1.486,3.785,104.161,0.0632
S082,66,Q305,UNION,0.595,1,0.344,54.179,104.505,0.06
S082,67,Q005,GROUP BY,0.393,0,1.95,30.842,106.455,0.0
S082,68,Q102,TRANSACTIONS,0.659,0,0.068,2.362,106.523,0.0028
S082,69,Q257,VIEWS,0.425,1,0.585,28.295,107.108,0.06
S082,70,Q499,FOREIGN KEY,0.458,0,1.065,18.409,108.173,0.0
S082,71,Q182,NORMALIZATION,0.512,0,5.542,18.593,113.715,0.0
S082,72,Q125,JOINS,0.518,1,0.961,46.601,114.676,0.06
S082,73,Q351,NORMALIZATION,0.753,0,1.115,2.077,115.791,0.0
S082,74,Q228,HAVING,0.488,0,0.97,16.919,116.761,0.0
S082,75,Q212,RIGHT JOIN,0.621,0,7.501,44.237,124.261,0.0
S082,76,Q031,INDEXING,0.548,1,0.003,26.249,124.265,0.06
S082,77,Q233,INNER JOIN,0.649,0,4.053,49.287,128.317,0.0
S082,78,Q444,PRIMARY KEY,0.235,0,0.408,26.051,128.725,0.0
S082,79,Q111,TRANSACTIONS,0.674,0,1.173,23.375,129.898,0.0
S082,80,Q434,LEFT JOIN,0.445,0,3.057,56.696,132.954,0.0
S082,81,Q393,HAVING,0.419,0,4.489,20.682,137.443,0.0
S082,82,Q251,TRIGGERS,0.583,0,0.854,52.067,138.297,0.0
S082,83,Q098,AGGREGATE FUNCTIONS,0.402,0,0.304,138.601,138.601,0.0
S082,84,Q222,VIEWS,0.416,0,2.819,34.313,141.421,0.0
S082,85,Q256,ORDER BY,0.346,0,0.07,62.184,141.491,0.0
S082,86,Q492,ORDER BY,0.258,0,1.604,1.604,143.096,0.0
S082,87,Q289,WHERE,0.209,0,0.338,124.208,143.433,0.0
S082,88,Q202,PRIMARY KEY,0.254,1,6.556,21.265,149.99,0.06
S082,89,Q235,AGGREGATE FUNCTIONS,0.512,1,2.47,13.858,152.459,0.06
S082,90,Q486,INNER JOIN,0.576,0,1.256,25.398,153.715,0.0
S082,91,Q118,GROUP BY,0.421,0,1.709,48.969,155.424,0.0
S082,92,Q317,NORMALIZATION,0.619,0,4.17,43.803,159.594,0.0
S082,93,Q012,INDEXING,0.52,1,0.905,36.235,160.499,0.06
S082,94,Q067,TRANSACTIONS,0.606,0,0.438,31.04,160.938,0.0
S082,95,Q337,FOREIGN KEY,0.341,0,1.546,54.311,162.484,0.0
S082,96,Q246,VIEWS,0.684,1,2.954,24.017,165.438,0.06
S082,97,Q200,SELECT,0.313,0,0.864,123.577,166.302,0.0
S082,98,Q013,NORMALIZATION,0.686,0,1.259,7.967,167.561,0.0
S082,99,Q071,SUBQUERIES,0.651,0,3.404,75.082,170.964,0.0
S082,100,Q357,INNER JOIN,0.447,0,0.802,18.052,171.767,0.0
S083,1,Q259,JOINS,0.641,1,0.101,0.101,0.101,0.5417
S083,2,Q166,LEFT JOIN,0.618,0,1.184,1.285,1.285,0.2984
S083,3,Q344,SELECT,0.171,1,0.348,1.633,1.633,0.4982
S083,4,Q314,NORMALIZATION,0.631,1,2.949,4.581,4.581,0.3341
S083,5,Q086,HAVING,0.59,0,3.053,7.634,7.634,0.2633
S083,6,Q436,PRIMARY KEY,0.38,1,0.739,8.373,8.373,0.2499
S083,7,Q388,FOREIGN KEY,0.322,1,1.895,10.268,10.268,0.3657
S083,8,Q087,JOINS,0.52,1,0.307,10.474,10.575,0.4446
S083,9,Q063,UNION,0.406,0,0.176,10.75,10.75,0.1633
S083,10,Q366,TRIGGERS,0.664,0,0.591,11.341,11.341,0.0057
S083,11,Q419,LEFT JOIN,0.469,1,0.927,10.984,12.268,0.1936
S083,12,Q369,PRIMARY KEY,0.283,0,3.171,7.066,15.439,0.1189
S083,13,Q494,NORMALIZATION,0.671,0,0.112,10.97,15.552,0.1445
S083,14,Q475,SELECT,0.227,0,1.195,15.113,16.746,0.2465
S083,15,Q334,SUBQUERIES,0.603,1,0.907,17.653,17.653,0.295
S083,16,Q445,STORED PROCEDURES,0.733,1,1.478,19.131,19.131,0.2043
S083,17,Q483,VIEWS,0.52,1,1.181,20.312,20.312,0.1457
S083,18,Q247,PRIMARY KEY,0.388,1,0.168,5.04,20.48,0.1033
S083,19,Q421,JOINS,0.5,0,0.417,10.322,20.896,0.2648
S083,20,Q049,HAVING,0.692,1,2.991,16.252,23.887,0.0795
S083,21,Q033,LEFT JOIN,0.653,1,0.883,12.502,24.77,0.0661
S083,22,Q118,GROUP BY,0.421,1,1.529,26.299,26.299,0.06
S083,23,Q499,FOREIGN KEY,0.458,0,0.961,16.993,27.26,0.0858
S083,24,Q333,HAVING,0.504,1,2.548,5.922,29.809,0.06
S083,25,Q403,UNION,0.464,0,1.33,20.389,31.139,0.0
S083,26,Q288,VIEWS,0.651,1,0.016,10.844,31.155,0.06
S083,27,Q247,PRIMARY KEY,0.388,0,2.356,13.032,33.511,0.0
S083,28,Q036,NORMALIZATION,0.55,0,3.324,21.284,36.835,0.0
S083,29,Q217,PRIMARY KEY,0.385,0,5.373,8.697,42.209,0.0
S083,30,Q269,AGGREGATE FUNCTIONS,0.384,1,1.298,43.507,43.507,0.06
S083,31,Q230,GROUP BY,0.634,0,0.022,17.23,43.529,0.0
S083,32,Q421,JOINS,0.5,0,0.469,23.102,43.998,0.0
S083,33,Q143,WHERE,0.264,0,6.628,50.626,50.626,0.0
S083,34,Q422,TRIGGERS,0.65,0,1.957,41.242,52.584,0.0
S083,35,Q132,VIEWS,0.698,0,3.094,24.522,55.677,0.0
S083,36,Q084,GROUP BY,0.374,1,1.224,13.373,56.902,0.06
S083,37,Q325,AGGREGATE FUNCTIONS,0.474,0,0.604,13.999,57.506,0.0
S083,38,Q269,AGGREGATE FUNCTIONS,0.384,0,1.924,1.924,59.429,0.0
S083,39,Q288,VIEWS,0.651,1,0.089,3.841,59.518,0.06
S083,40,Q207,WHERE,0.265,0,1.033,9.925,60.551,0.0
S083,41,Q488,FOREIGN KEY,0.382,1,5.461,38.752,66.012,0.06
S083,42,Q275,HAVING,0.692,0,5.371,41.574,71.383,0.0
S083,43,Q233,INNER JOIN,0.649,0,3.335,74.717,74.717,0.0
S083,44,Q148,SUBQUERIES,0.793,0,3.708,60.773,78.426,0.0
S083,45,Q454,AGGREGATE FUNCTIONS,0.435,1,0.495,19.491,78.921,0.06
S083,46,Q241,STORED PROCEDURES,0.818,0,4.94,64.73,83.86,0.0
S083,47,Q229,TRANSACTIONS,0.702,0,0.134,83.995,83.995,0.0
S083,48,Q399,JOINS,0.524,1,1.441,41.438,85.436,0.06
S083,49,Q430,SUBQUERIES,0.653,0,1.199,8.209,86.635,0.0
S083,50,Q039,AGGREGATE FUNCTIONS,0.36,0,0.839,8.553,87.474,0.0
S083,51,Q203,FOREIGN KEY,0.255,0,0.541,22.003,88.015,0.0
S083,52,Q150,PRIMARY KEY,0.22,0,0.196,46.002,88.211,0.0
S083,53,Q469,SELECT,0.241,0,3.285,74.75,91.496,0.0
S083,54,Q116,ORDER BY,0.363,0,0.185,91.682,91.682,0.0
S083,55,Q324,WHERE,0.282,0,0.676,31.806,92.358,0.0
S083,56,Q215,VIEWS,0.633,0,3.011,35.851,95.369,0.0
S083,57,Q366,TRIGGERS,0.664,1,2.291,45.076,97.66,0.06
S083,58,Q131,ORDER BY,0.392,1,0.205,6.183,97.865,0.06
S083,59,Q309,HAVING,0.586,1,0.785,27.267,98.65,0.06
S083,60,Q048,ORDER BY,0.318,0,0.792,1.578,99.442,0.0113
S083,61,Q355,NORMALIZATION,0.531,0,0.38,62.987,99.823,0.0
S083,62,Q355,NORMALIZATION,0.531,0,3.729,3.729,103.552,0.0
S083,63,Q286,STORED PROCEDURES,0.846,0,4.011,23.702,107.563,0.0
S083,64,Q196,STORED PROCEDURES,0.722,0,1.785,1.785,109.347,0.0
S083,65,Q023,NORMALIZATION,0.552,0,1.059,6.854,110.406,0.0
S083,66,Q101,INDEXING,0.695,0,1.05,111.457,111.457,0.0
S083,67,Q386,SELECT,0.334,0,0.555,20.515,112.012,0.0
S083,68,Q012,INDEXING,0.52,0,3.685,4.24,115.696,0.0
S083,69,Q358,INNER JOIN,0.377,0,0.403,41.382,116.099,0.0
S083,70,Q215,VIEWS,0.633,0,4.45,25.18,120.549,0.0
S083,71,Q358,INNER JOIN,0.377,0,3.127,7.577,123.676,0.0
S083,72,Q462,TRANSACTIONS,0.661,0,0.096,39.777,123.772,0.0
S083,73,Q293,JOINS,0.674,0,1.676,40.012,125.448,0.0
S083,74,Q315,WHERE,0.287,1,1.285,34.375,126.733,0.06
S083,75,Q403,UNION,0.464,1,1.224,96.817,127.956,0.06
S083,76,Q300,VIEWS,0.627,1,0.675,8.082,128.632,0.06
S083,77,Q019,RIGHT JOIN,0.455,1,0.4,129.032,129.032,0.06
S083,78,Q179,ORDER BY,0.262,1,1.895,31.484,130.927,0.06
S083,79,Q400,VIEWS,0.655,0,1.143,3.438,132.07,0.0
S083,80,Q187,HAVING,0.52,0,0.556,33.976,132.626,0.0
S083,81,Q189,GROUP BY,0.364,1,0.321,76.045,132.946,0.06
S083,82,Q124,FOREIGN KEY,0.397,1,4.808,49.739,137.755,0.06
S083,83,Q351,NORMALIZATION,0.753,0,1.473,28.821,139.227,0.0
S083,84,Q489,SELECT,0.156,0,0.124,27.34,139.352,0.0
S083,85,Q068,ORDER BY,0.202,1,0.607,9.031,139.958,0.06
S083,86,Q105,RIGHT JOIN,0.534,0,0.241,11.168,140.2,0.0
S083,87,Q142,STORED PROCEDURES,0.735,0,0.375,31.228,140.575,0.0
S083,88,Q124,FOREIGN KEY,0.397,0,1.993,4.814,142.568,0.0
S083,89,Q140,STORED PROCEDURES,0.717,1,0.315,2.308,142.883,0.06
S083,90,Q109,AGGREGATE FUNCTIONS,0.581,0,0.539,55.948,143.421,0.0
S083,91,Q020,WHERE,0.371,0,2.456,19.145,145.877,0.0
S083,92,Q277,TRANSACTIONS,0.681,0,0.216,22.322,146.093,0.0
S083,93,Q029,WHERE,0.299,1,0.052,0.268,146.145,0.06
S083,94,Q090,JOINS,0.609,0,1.463,22.161,147.609,0.0
S083,95,Q131,ORDER BY,0.392,0,5.826,13.476,153.434,0.0
S083,96,Q175,INDEXING,0.505,0,2.997,40.735,156.431,0.0
S083,97,Q205,VIEWS,0.597,0,0.523,24.884,156.954,0.0
S083,98,Q052,RIGHT JOIN,0.663,0,0.383,17.137,157.337,0.0
S083,99,Q048,ORDER BY,0.318,1,0.818,4.721,158.155,0.06
S083,100,Q254,TRANSACTIONS,0.536,0,5.353,17.415,163.508,0.0
S084,1,Q344,SELECT,0.171,1,0.583,0.583,0.583,0.3071
S084,2,Q099,STORED PROCEDURES,0.827,1,0.325,0.908,0.908,0.451
S084,3,Q006,ORDER BY,0.205,0,0.6,1.508,1.508,0.2771
S084,4,Q217,PRIMARY KEY,0.385,1,0.764,2.272,2.272,0.5052
S084,5,Q241,STORED PROCEDURES,0.818,1,0.259,1.624,2.531,0.4867
S084,6,Q413,LEFT JOIN,0.513,1,0.118,2.649,2.649,0.4146
S084,7,Q041,SELECT,0.301,1,0.36,2.426,3.009,0.3307
S084,8,Q211,GROUP BY,0.403,1,2.468,5.477,5.477,0.3937
S084,9,Q478,VIEWS,0.411,0,2.349,7.826,7.826,0.0733
S084,10,Q449,HAVING,0.677,1,1.396,9.222,9.222,0.233
S084,11,Q463,AGGREGATE FUNCTIONS,0.577,0,0.458,9.68,9.68,0.0406
S084,12,Q352,AGGREGATE FUNCTIONS,0.46,0,0.105,0.105,9.786,0.014
S084,13,Q356,HAVING,0.455,1,1.934,2.498,11.72,0.2556
S084,14,Q384,JOINS,0.69,0,0.756,12.476,12.476,0.2488
S084,15,Q186,GROUP BY,0.402,1,1.448,8.446,13.923,0.327
S084,16,Q103,WHERE,0.449,0,0.482,14.406,14.406,0.1245
S084,17,Q336,RIGHT JOIN,0.557,1,0.266,14.672,14.672,0.2788
S084,18,Q114,STORED PROCEDURES,0.598,0,0.551,12.691,15.223,0.2713
S084,19,Q021,NORMALIZATION,0.705,1,0.707,15.93,15.93,0.2422
S084,20,Q209,STORED PROCEDURES,0.739,0,2.762,3.469,18.691,0.1943
S084,21,Q347,FOREIGN KEY,0.405,0,0.353,19.044,19.044,0.0
S084,22,Q004,AGGREGATE FUNCTIONS,0.438,1,3.352,12.61,22.396,0.06
S084,23,Q086,HAVING,0.59,1,6.641,17.317,29.037,0.06
S084,24,Q031,INDEXING,0.548,0,0.005,29.042,29.042,0.0317
S084,25,Q424,SELECT,0.283,0,0.559,26.591,29.601,0.0
S084,26,Q483,VIEWS,0.52,1,0.134,21.909,29.735,0.06
S084,27,Q241,STORED PROCEDURES,0.818,1,2.051,13.094,31.786,0.06
S084,28,Q459,NORMALIZATION,0.516,1,0.264,16.12,32.05,0.0604
S084,29,Q056,GROUP BY,0.622,0,0.443,18.569,32.493,0.0235
S084,30,Q239,INNER JOIN,0.478,0,0.6,33.093,33.093,0.0
S084,31,Q214,INDEXING,0.488,1,1.867,5.918,34.96,0.06
S084,32,Q497,ORDER BY,0.261,1,0.412,33.864,35.372,0.06
S084,33,Q399,JOINS,0.524,0,1.102,23.998,36.474,0.0
S084,34,Q410,GROUP BY,0.445,1,1.882,5.863,38.356,0.06
S084,35,Q341,NORMALIZATION,0.653,0,2.549,8.855,40.905,0.0
S084,36,Q103,WHERE,0.449,1,0.718,27.217,41.623,0.06
S084,37,Q470,AGGREGATE FUNCTIONS,0.49,0,0.06,19.287,41.683,0.0
S084,38,Q456,FOREIGN KEY,0.297,0,0.985,23.624,42.668,0.0
S084,39,Q173,SELECT,0.193,1,0.483,13.55,43.151,0.06
S084,40,Q225,FOREIGN KEY,0.419,1,0.068,0.551,43.219,0.06
S084,41,Q224,RIGHT JOIN,0.546,1,0.056,28.603,43.275,0.06
S084,42,Q456,FOREIGN KEY,0.297,0,0.958,1.014,44.233,0.0198
S084,43,Q069,LEFT JOIN,0.56,1,3.571,45.155,47.804,0.06
S084,44,Q234,HAVING,0.621,0,4.845,23.612,52.648,0.0
S084,45,Q486,INNER JOIN,0.576,0,1.061,20.616,53.709,0.0
S084,46,Q175,INDEXING,0.505,1,1.475,20.224,55.184,0.06
S084,47,Q065,INNER JOIN,0.622,0,0.915,2.39,56.099,0.0
S084,48,Q476,TRIGGERS,0.613,1,4.497,60.596,60.596,0.06
S084,49,Q022,UNION,0.499,0,3.123,63.719,63.719,0.0
S084,50,Q469,SELECT,0.241,0,0.871,21.439,64.59,0.0
S084,51,Q476,TRIGGERS,0.613,1,0.362,4.356,64.952,0.06
S084,52,Q104,UNION,0.517,1,1.206,2.44,66.158,0.06
S084,53,Q269,AGGREGATE FUNCTIONS,0.384,1,0.483,24.958,66.641,0.06
S084,54,Q198,TRIGGERS,0.796,0,0.879,2.568,67.52,0.0
S084,55,Q410,GROUP BY,0.445,0,2.791,31.955,70.311,0.0
S084,56,Q139,SELECT,0.229,0,0.939,6.661,71.25,0.0
S084,57,Q496,NORMALIZATION,0.716,0,0.324,30.669,71.574,0.0
S084,58,Q252,ORDER BY,0.263,1,1.411,37.613,72.985,0.06
S084,59,Q352,AGGREGATE FUNCTIONS,0.46,0,0.555,6.898,73.54,0.0
S084,60,Q093,ORDER BY,0.402,0,2.944,3.499,76.484,0.0
S084,61,Q142,STORED PROCEDURES,0.735,1,0.252,44.95,76.736,0.06
S084,62,Q434,LEFT JOIN,0.445,1,2.042,30.974,78.778,0.06
S084,63,Q373,AGGREGATE FUNCTIONS,0.326,1,1.515,6.753,80.293,0.06
S084,64,Q266,FOREIGN KEY,0.324,1,0.397,36.456,80.689,0.06
S084,65,Q392,STORED PROCEDURES,0.686,1,3.561,7.514,84.25,0.06
S084,66,Q471,STORED PROCEDURES,0.749,0,0.898,0.898,85.147,0.0215
S084,67,Q001,INNER JOIN,0.589,0,1.852,30.9,86.999,0.0
S084,68,Q350,TRIGGERS,0.764,0,0.026,19.505,87.025,0.0
S084,69,Q259,JOINS,0.641,0,0.368,50.92,87.393,0.0
S084,70,Q460,RIGHT JOIN,0.512,0,0.14,44.259,87.533,0.0
S084,71,Q286,STORED PROCEDURES,0.846,0,0.712,3.098,88.246,0.0
S084,72,Q082,WHERE,0.333,1,1.912,48.535,90.158,0.06
S084,73,Q371,JOINS,0.51,1,1.147,3.911,91.304,0.06
S084,74,Q277,TRANSACTIONS,0.681,0,1.667,92.971,92.971,0.0
S084,75,Q040,LEFT JOIN,0.619,0,4.731,18.925,97.702,0.0
S084,76,Q373,AGGREGATE FUNCTIONS,0.326,0,0.82,18.23,98.522,0.0
S084,77,Q003,INNER JOIN,0.484,1,0.266,11.789,98.788,0.06
S084,78,Q451,VIEWS,0.573,1,0.996,70.049,99.784,0.06
S084,79,Q386,SELECT,0.334,0,2.928,31.462,102.712,0.0
S084,80,Q387,UNION,0.384,0,1.139,37.693,103.851,0.0
S084,81,Q033,LEFT JOIN,0.653,0,1.761,7.91,105.612,0.0
S084,82,Q100,SUBQUERIES,0.627,0,0.867,106.479,106.479,0.0
S084,83,Q428,SELECT,0.158,1,1.693,5.46,108.172,0.06
S084,84,Q227,NORMALIZATION,0.525,0,0.09,36.688,108.263,0.0
S084,85,Q187,HAVING,0.52,1,0.525,56.139,108.787,0.06
S084,86,Q019,RIGHT JOIN,0.455,0,1.772,23.026,110.559,0.0
S084,87,Q153,LEFT JOIN,0.611,0,0.049,4.996,110.608,0.0
S084,88,Q373,AGGREGATE FUNCTIONS,0.326,0,1.976,14.062,112.584,0.0
S084,89,Q074,VIEWS,0.476,1,1.015,13.815,113.599,0.06
S084,90,Q276,VIEWS,0.484,0,4.29,4.29,117.89,0.0
S084,91,Q042,SUBQUERIES,0.658,0,1.917,13.327,119.806,0.0
S084,92,Q421,JOINS,0.5,0,0.097,28.599,119.903,0.0
S084,93,Q095,TRANSACTIONS,0.782,0,3.475,30.407,123.377,0.0
S084,94,Q232,PRIMARY KEY,0.433,0,2.072,123.178,125.449,0.0
S084,95,Q221,PRIMARY KEY,0.424,1,1.553,1.553,127.003,0.06
S084,96,Q343,VIEWS,0.483,1,0.754,9.867,127.757,0.06
S084,97,Q380,JOINS,0.601,0,0.185,8.039,127.942,0.0
S084,98,Q464,INNER JOIN,0.454,1,0.561,29.715,128.503,0.06
S084,99,Q195,TRANSACTIONS,0.673,1,3.325,8.451,131.828,0.06
S084,100,Q415,SELECT,0.337,1,0.901,24.557,132.729,0.06
S085,1,Q321,SUBQUERIES,0.781,1,3.872,3.872,3.872,0.4752
S085,2,Q236,NORMALIZATION,0.543,1,0.459,4.331,4.331,0.4159
S085,3,Q142,STORED PROCEDURES,0.735,0,1.366,5.697,5.697,0.1695
S085,4,Q176,PRIMARY KEY,0.27,1,1.404,7.101,7.101,0.4381
S085,5,Q166,LEFT JOIN,0.618,0,1.228,8.329,8.329,0.2565
S085,6,Q268,ORDER BY,0.425,0,0.003,8.332,8.332,0.2501
S085,7,Q227,NORMALIZATION,0.525,0,3.431,7.432,11.763,0.2794
S085,8,Q052,RIGHT JOIN,0.663,0,0.459,12.222,12.222,0.0642
S085,9,Q339,RIGHT JOIN,0.478,0,0.355,0.355,12.577,0.0339
S085,10,Q339,RIGHT JOIN,0.478,0,2.583,2.583,15.16,0.0
S085,11,Q211,GROUP BY,0.403,1,1.527,16.686,16.686,0.2567
S085,12,Q197,SELECT,0.265,1,0.261,16.947,16.947,0.06
S085,13,Q491,LEFT JOIN,0.408,1,0.989,9.607,17.936,0.1724
S085,14,Q293,JOINS,0.674,0,6.802,24.738,24.738,0.0
S085,15,Q406,HAVING,0.46,0,1.14,25.877,25.877,0.0214
S085,16,Q131,ORDER BY,0.392,0,0.182,17.728,26.059,0.0
S085,17,Q490,STORED PROCEDURES,0.81,1,5.097,25.459,31.156,0.06
S085,18,Q192,PRIMARY KEY,0.241,1,1.433,25.488,32.589,0.1158
S085,19,Q198,TRIGGERS,0.796,1,0.951,33.54,33.54,0.06
S085,20,Q357,INNER JOIN,0.447,0,0.265,33.805,33.805,0.0
S085,21,Q253,STORED PROCEDURES,0.691,1,0.837,3.486,34.642,0.0677
S085,22,Q306,UNION,0.518,0,0.168,34.811,34.811,0.0
S085,23,Q169,VIEWS,0.52,1,1.396,36.207,36.207,0.06
S085,24,Q026,JOINS,0.462,0,2.149,13.618,38.356,0.0
S085,25,Q411,SUBQUERIES,0.668,1,1.019,35.503,39.375,0.06
S085,26,Q321,SUBQUERIES,0.781,1,0.616,0.616,39.991,0.1108
S085,27,Q037,INNER JOIN,0.477,1,0.409,6.596,40.4,0.06
S085,28,Q461,RIGHT JOIN,0.484,0,1.176,26.417,41.576,0.0
S085,29,Q027,GROUP BY,0.405,1,0.143,25.033,41.72,0.06
S085,30,Q195,TRANSACTIONS,0.673,0,1.406,43.126,43.126,0.0
S085,31,Q121,VIEWS,0.492,1,2.714,9.633,45.84,0.06
S085,32,Q014,UNION,0.504,1,1.513,12.543,47.353,0.06
S085,33,Q096,LEFT JOIN,0.516,0,0.048,29.465,47.401,0.0
S085,34,Q487,SUBQUERIES,0.631,0,1.097,8.508,48.499,0.0
S085,35,Q281,HAVING,0.584,1,0.274,22.895,48.772,0.06
S085,36,Q392,STORED PROCEDURES,0.686,1,0.712,14.842,49.484,0.06
S085,37,Q017,INNER JOIN,0.354,0,5.592,14.676,55.076,0.0
S085,38,Q357,INNER JOIN,0.447,0,1.569,1.569,56.646,0.0
S085,39,Q329,LEFT JOIN,0.609,1,0.5,9.744,57.145,0.06
S085,40,Q338,FOREIGN KEY,0.333,0,4.92,62.065,62.065,0.0
S085,41,Q225,FOREIGN KEY,0.419,1,1.568,1.568,63.633,0.06
S085,42,Q443,AGGREGATE FUNCTIONS,0.346,1,4.578,68.211,68.211,0.06
S085,43,Q415,SELECT,0.337,1,1.555,52.819,69.766,0.06
S085,44,Q424,SELECT,0.283,1,0.959,0.959,70.725,0.1056
S085,45,Q076,WHERE,0.378,1,4.627,75.352,75.352,0.06
S085,46,Q056,GROUP BY,0.622,0,1.181,34.813,76.532,0.0
S085,47,Q121,VIEWS,0.492,0,0.029,30.722,76.562,0.0
S085,48,Q378,AGGREGATE FUNCTIONS,0.56,0,3.29,11.64,79.851,0.0
S085,49,Q367,HAVING,0.509,0,3.789,34.868,83.64,0.0
S085,50,Q050,ORDER BY,0.39,1,4.01,61.591,87.65,0.06
S085,51,Q269,AGGREGATE FUNCTIONS,0.384,0,2.448,10.247,90.098,0.0
S085,52,Q475,SELECT,0.227,0,3.06,22.433,93.158,0.0
S085,53,Q281,HAVING,0.584,0,1.729,11.246,94.886,0.0
S085,54,Q399,JOINS,0.524,0,1.058,57.589,95.945,0.0
S085,55,Q447,AGGREGATE FUNCTIONS,0.58,0,0.275,6.122,96.22,0.0
S085,56,Q434,LEFT JOIN,0.445,0,1.985,41.06,98.205,0.0
S085,57,Q442,NORMALIZATION,0.586,1,0.578,87.02,98.783,0.06
S085,58,Q431,JOINS,0.561,0,1.189,4.028,99.972,0.0
S085,59,Q206,SUBQUERIES,0.557,0,0.793,52.267,100.766,0.0
S085,60,Q480,STORED PROCEDURES,0.638,0,0.793,52.074,101.559,0.0
S085,61,Q236,NORMALIZATION,0.543,0,2.152,4.927,103.71,0.0
S085,62,Q345,ORDER BY,0.246,0,3.948,20.008,107.658,0.0
S085,63,Q452,RIGHT JOIN,0.577,1,0.73,66.811,108.388,0.06
S085,64,Q332,TRIGGERS,0.562,0,0.332,75.18,108.72,0.0
S085,65,Q317,NORMALIZATION,0.619,1,0.133,5.142,108.852,0.06
S085,66,Q384,JOINS,0.69,0,0.991,9.872,109.844,0.0
S085,67,Q236,NORMALIZATION,0.543,0,0.843,1.834,110.687,0.0075
S085,68,Q205,VIEWS,0.597,1,0.918,35.043,111.604,0.06
S085,69,Q023,NORMALIZATION,0.552,0,1.173,2.09,112.777,0.0
S085,70,Q379,JOINS,0.693,0,1.889,4.822,114.666,0.0
S085,71,Q103,WHERE,0.449,0,0.037,39.351,114.703,0.0
S085,72,Q214,INDEXING,0.488,0,2.079,116.782,116.782,0.0
S085,73,Q145,VIEWS,0.655,1,1.0,6.178,117.782,0.06
S085,74,Q317,NORMALIZATION,0.619,0,0.108,5.113,117.89,0.0
S085,75,Q424,SELECT,0.283,0,0.241,24.973,118.131,0.0
S085,76,Q042,SUBQUERIES,0.658,0,0.802,18.167,118.933,0.0
S085,77,Q001,INNER JOIN,0.589,0,2.157,64.444,121.09,0.0
S085,78,Q064,AGGREGATE FUNCTIONS,0.397,0,2.396,27.265,123.485,0.0
S085,79,Q244,LEFT JOIN,0.512,1,2.238,27.518,125.723,0.06
S085,80,Q453,FOREIGN KEY,0.484,0,1.95,64.041,127.673,0.0
S085,81,Q380,JOINS,0.601,0,1.313,14.32,128.986,0.0
S085,82,Q149,ORDER BY,0.264,1,5.4,26.728,134.386,0.06
S085,83,Q157,TRIGGERS,0.69,0,0.18,25.846,134.565,0.0
S085,84,Q106,TRIGGERS,0.768,0,0.362,0.362,134.928,0.0
S085,85,Q161,SELECT,0.357,1,0.477,17.273,135.405,0.06
S085,86,Q412,LEFT JOIN,0.536,0,1.663,11.345,137.068,0.0
S085,87,Q254,TRANSACTIONS,0.536,0,0.514,94.457,137.582,0.0
S085,88,Q220,TRANSACTIONS,0.748,0,2.654,2.654,140.236,0.0
S085,89,Q115,STORED PROCEDURES,0.696,0,0.146,38.823,140.382,0.0
S085,90,Q172,RIGHT JOIN,0.657,0,2.079,34.073,142.461,0.0
S085,91,Q260,PRIMARY KEY,0.442,1,0.794,110.666,143.255,0.06
S085,92,Q448,GROUP BY,0.626,1,0.074,66.797,143.329,0.06
S085,93,Q343,VIEWS,0.483,0,1.665,27.212,144.994,0.0
S085,94,Q044,RIGHT JOIN,0.637,1,1.331,3.864,146.325,0.06
S085,95,Q260,PRIMARY KEY,0.442,0,1.569,4.638,147.894,0.0
S085,96,Q200,SELECT,0.313,1,0.055,12.544,147.949,0.06
S085,97,Q436,PRIMARY KEY,0.38,1,1.505,1.56,149.453,0.06
S085,98,Q422,TRIGGERS,0.65,0,4.023,18.548,153.476,0.0
S085,99,Q342,AGGREGATE FUNCTIONS,0.576,1,0.87,30.861,154.346,0.06
S085,100,Q127,WHERE,0.288,1,2.399,42.042,156.745,0.06
S086,1,Q048,ORDER BY,0.318,1,1.686,1.686,1.686,0.4634
S086,2,Q120,LEFT JOIN,0.655,1,0.102,1.788,1.788,0.4903
S086,3,Q275,HAVING,0.692,0,0.477,2.266,2.266,0.2212
S086,4,Q261,NORMALIZATION,0.767,0,1.895,4.161,4.161,0.2122
S086,5,Q074,VIEWS,0.476,0,2.381,6.541,6.541,0.2986
S086,6,Q135,HAVING,0.678,1,1.96,6.236,8.502,0.1877
S086,7,Q426,JOINS,0.626,0,1.783,10.285,10.285,0.0867
S086,8,Q382,LEFT JOIN,0.543,1,0.107,8.603,10.392,0.4213
S086,9,Q341,NORMALIZATION,0.653,0,1.778,8.009,12.17,0.0671
S086,10,Q342,AGGREGATE FUNCTIONS,0.576,0,0.717,12.887,12.887,0.0965
S086,11,Q201,AGGREGATE FUNCTIONS,0.359,0,2.638,2.638,15.525,0.0319
S086,12,Q394,UNION,0.411,0,1.296,16.821,16.821,0.033
S086,13,Q036,NORMALIZATION,0.55,0,0.591,5.242,17.412,0.0
S086,14,Q118,GROUP BY,0.421,0,2.93,20.342,20.342,0.0063
S086,15,Q463,AGGREGATE FUNCTIONS,0.577,0,0.456,5.272,20.798,0.0
S086,16,Q489,SELECT,0.156,1,1.544,22.341,22.341,0.06
S086,17,Q273,GROUP BY,0.489,0,0.625,2.625,22.966,0.0
S086,18,Q409,FOREIGN KEY,0.381,0,1.834,24.801,24.801,0.0
S086,19,Q294,HAVING,0.618,0,0.039,16.338,24.84,0.0
S086,20,Q360,PRIMARY KEY,0.348,0,0.222,25.062,25.062,0.0
S086,21,Q343,VIEWS,0.483,1,3.713,22.233,28.775,0.06
S086,22,Q010,UNION,0.357,0,0.111,12.065,28.886,0.0
S086,23,Q487,SUBQUERIES,0.631,0,0.82,29.707,29.707,0.0
S086,24,Q007,WHERE,0.38,1,9.016,38.723,38.723,0.06
S086,25,Q400,VIEWS,0.655,1,1.413,11.36,40.135,0.06
S086,26,Q216,HAVING,0.472,1,0.533,15.829,40.669,0.06
S086,27,Q454,AGGREGATE FUNCTIONS,0.435,0,2.197,22.068,42.866,0.0
S086,28,Q242,WHERE,0.22,0,1.064,5.207,43.93,0.0
S086,29,Q467,TRIGGERS,0.624,0,0.171,44.101,44.101,0.0
S086,30,Q234,HAVING,0.621,0,2.451,5.883,46.552,0.0
S086,31,Q122,INDEXING,0.478,0,2.146,48.698,48.698,0.0
S086,32,Q281,HAVING,0.584,1,0.315,2.461,49.013,0.06
S086,33,Q123,TRIGGERS,0.741,0,0.158,5.069,49.17,0.0
S086,34,Q428,SELECT,0.158,0,0.89,27.719,50.06,0.0
S086,35,Q387,UNION,0.384,1,2.735,23.91,52.796,0.06
S086,36,Q422,TRIGGERS,0.65,0,0.944,4.569,53.74,0.0
S086,37,Q228,HAVING,0.488,0,2.658,7.385,56.397,0.0
S086,38,Q358,INNER JOIN,0.377,0,0.047,56.444,56.444,0.0
S086,39,Q014,UNION,0.504,0,3.629,7.277,60.073,0.0
S086,40,Q034,PRIMARY KEY,0.268,0,0.868,35.879,60.941,0.0
S086,41,Q168,SUBQUERIES,0.647,0,0.531,31.765,61.472,0.0
S086,42,Q404,SELECT,0.335,0,2.007,13.419,63.479,0.0
S086,43,Q252,ORDER BY,0.263,0,1.216,63.009,64.695,0.0
S086,44,Q004,AGGREGATE FUNCTIONS,0.438,0,1.327,23.156,66.021,0.0
S086,45,Q431,JOINS,0.561,0,1.681,57.418,67.702,0.0
S086,46,Q234,HAVING,0.621,1,1.788,13.093,69.49,0.06
S086,47,Q074,VIEWS,0.476,0,0.734,30.089,70.225,0.0
S086,48,Q194,VIEWS,0.66,0,1.817,1.817,72.041,0.0
S086,49,Q437,TRIGGERS,0.758,0,1.743,20.045,73.784,0.0
S086,50,Q292,HAVING,0.7,0,1.993,6.287,75.777,0.0
S086,51,Q088,INDEXING,0.69,0,3.519,30.599,79.296,0.0
S086,52,Q070,HAVING,0.608,0,0.026,3.546,79.323,0.0
S086,53,Q118,GROUP BY,0.421,1,0.764,57.12,80.087,0.06
S086,54,Q399,JOINS,0.524,0,0.446,12.83,80.532,0.0
S086,55,Q262,AGGREGATE FUNCTIONS,0.576,1,0.02,14.53,80.552,0.06
S086,56,Q120,LEFT JOIN,0.655,0,2.991,73.151,83.543,0.0
S086,57,Q460,RIGHT JOIN,0.512,1,2.766,86.309,86.309,0.06
S086,58,Q078,VIEWS,0.48,0,0.052,14.321,86.362,0.0
S086,59,Q377,JOINS,0.519,0,0.119,5.948,86.48,0.0
S086,60,Q201,AGGREGATE FUNCTIONS,0.359,0,5.218,11.146,91.698,0.0
S086,61,Q460,RIGHT JOIN,0.512,0,1.768,7.156,93.466,0.0
S086,62,Q087,JOINS,0.52,1,1.653,8.638,95.119,0.06
S086,63,Q484,JOINS,0.63,0,2.052,2.052,97.17,0.0042
S086,64,Q013,NORMALIZATION,0.686,1,2.44,82.198,99.61,0.06
S086,65,Q384,JOINS,0.69,1,1.391,3.831,101.001,0.06
S086,66,Q022,UNION,0.499,0,0.547,41.475,101.548,0.0
S086,67,Q412,LEFT JOIN,0.536,0,4.714,22.719,106.262,0.0
S086,68,Q191,SELECT,0.285,1,4.706,47.489,110.968,0.06
S086,69,Q340,NORMALIZATION,0.688,0,1.491,12.849,112.459,0.0
S086,70,Q350,TRIGGERS,0.764,1,2.507,41.182,114.966,0.06
S086,71,Q495,TRIGGERS,0.746,0,2.259,2.259,117.225,0.0011
S086,72,Q059,PRIMARY KEY,0.219,0,0.061,56.345,117.286,0.0
S086,73,Q318,SUBQUERIES,0.809,1,1.364,57.178,118.65,0.06
S086,74,Q046,HAVING,0.619,0,1.858,41.185,120.508,0.0
S086,75,Q024,VIEWS,0.478,0,0.431,34.578,120.939,0.0
S086,76,Q335,JOINS,0.436,0,0.658,20.597,121.598,0.0
S086,77,Q263,GROUP BY,0.516,1,0.68,42.191,122.277,0.06
S086,78,Q140,STORED PROCEDURES,0.717,0,1.948,124.225,124.225,0.0
S086,79,Q043,RIGHT JOIN,0.724,0,2.38,33.139,126.605,0.0
S086,80,Q123,TRIGGERS,0.741,0,5.165,14.545,131.77,0.0
S086,81,Q232,PRIMARY KEY,0.433,1,0.017,14.501,131.787,0.06
S086,82,Q472,INNER JOIN,0.643,0,2.194,77.537,133.981,0.0
S086,83,Q300,VIEWS,0.627,0,0.064,13.106,134.046,0.0
S086,84,Q341,NORMALIZATION,0.653,0,4.061,25.647,138.106,0.0
S086,85,Q224,RIGHT JOIN,0.546,1,1.324,12.825,139.431,0.06
S086,86,Q396,SELECT,0.185,1,4.359,32.822,143.79,0.06
S086,87,Q364,WHERE,0.339,0,0.34,100.2,144.13,0.0
S086,88,Q246,VIEWS,0.684,1,0.793,10.877,144.923,0.06
S086,89,Q080,HAVING,0.504,0,0.103,24.518,145.026,0.0
S086,90,Q232,PRIMARY KEY,0.433,1,1.628,14.867,146.654,0.06
S086,91,Q094,TRANSACTIONS,0.694,0,3.446,150.101,150.101,0.0
S086,92,Q058,AGGREGATE FUNCTIONS,0.361,0,0.316,58.719,150.417,0.0
S086,93,Q221,PRIMARY KEY,0.424,0,1.052,4.814,151.469,0.0
S086,94,Q047,LEFT JOIN,0.482,0,0.729,45.935,152.197,0.0
S086,95,Q140,STORED PROCEDURES,0.717,0,1.836,29.808,154.033,0.0
S086,96,Q373,AGGREGATE FUNCTIONS,0.326,0,2.117,5.734,156.151,0.0
S086,97,Q167,PRIMARY KEY,0.442,0,0.79,5.472,156.941,0.0
S086,98,Q072,NORMALIZATION,0.55,0,0.827,19.662,157.768,0.0
S086,99,Q348,FOREIGN KEY,0.366,0,1.983,134.951,159.751,0.0
S086,100,Q095,TRANSACTIONS,0.782,0,0.188,9.839,159.939,0.0
S087,1,Q227,NORMALIZATION,0.525,0,1.266,1.266,1.266,0.337
S087,2,Q219,VIEWS,0.56,0,0.696,1.961,1.961,0.1635
S087,3,Q191,SELECT,0.285,1,0.906,2.868,2.868,0.3874
S087,4,Q226,TRANSACTIONS,0.672,0,0.183,3.051,3.051,0.4263
S087,5,Q217,PRIMARY KEY,0.385,0,1.572,4.624,4.624,0.3187
S087,6,Q434,LEFT JOIN,0.445,0,0.403,5.026,5.026,0.2814
S087,7,Q475,SELECT,0.227,1,1.32,3.479,6.347,0.3952
S087,8,Q059,PRIMARY KEY,0.219,0,1.084,2.807,7.431,0.2516
S087,9,Q221,PRIMARY KEY,0.424,1,0.096,0.096,7.526,0.3101
S087,10,Q377,JOINS,0.519,0,3.764,11.29,11.29,0.1697
S087,11,Q480,STORED PROCEDURES,0.638,0,0.088,11.378,11.378,0.2058
S087,12,Q419,LEFT JOIN,0.469,1,3.269,9.621,14.648,0.1971
S087,13,Q083,JOINS,0.473,1,0.798,4.155,15.446,0.1674
S087,14,Q346,NORMALIZATION,0.661,0,0.555,14.735,16.0,0.091
S087,15,Q035,PRIMARY KEY,0.235,0,1.034,9.508,17.034,0.1425
S087,16,Q158,VIEWS,0.411,0,0.055,15.128,17.089,0.0
S087,17,Q185,INDEXING,0.692,0,0.076,17.165,17.165,0.0595
S087,18,Q015,ORDER BY,0.415,1,1.243,18.408,18.408,0.1484
S087,19,Q142,STORED PROCEDURES,0.735,0,2.787,9.817,21.196,0.0336
S087,20,Q119,INDEXING,0.674,1,0.309,4.34,21.505,0.06
S087,21,Q248,JOINS,0.612,0,0.442,6.501,21.946,0.0449
S087,22,Q445,STORED PROCEDURES,0.733,1,1.471,2.222,23.417,0.0602
S087,23,Q418,WHERE,0.336,1,0.29,23.708,23.708,0.1033
S087,24,Q459,NORMALIZATION,0.516,0,0.153,7.861,23.861,0.0
S087,25,Q256,ORDER BY,0.346,1,1.574,7.027,25.435,0.103
S087,26,Q014,UNION,0.504,0,4.465,29.9,29.9,0.0
S087,27,Q077,HAVING,0.485,1,1.812,31.712,31.712,0.06
S087,28,Q026,JOINS,0.462,1,0.687,10.453,32.399,0.06
S087,29,Q024,VIEWS,0.478,0,4.13,19.44,36.529,0.0
S087,30,Q341,NORMALIZATION,0.653,0,1.401,14.069,37.93,0.0
S087,31,Q461,RIGHT JOIN,0.484,1,0.956,38.886,38.886,0.06
S087,32,Q329,LEFT JOIN,0.609,1,2.228,26.466,41.114,0.06
S087,33,Q178,HAVING,0.584,0,0.338,9.74,41.452,0.0
S087,34,Q399,JOINS,0.524,0,0.452,9.504,41.903,0.0
S087,35,Q079,WHERE,0.326,0,2.392,20.588,44.295,0.0
S087,36,Q328,INDEXING,0.642,1,2.26,25.051,46.555,0.06
S087,37,Q323,WHERE,0.355,1,0.12,2.38,46.675,0.06
S087,38,Q317,NORMALIZATION,0.619,0,0.173,8.918,46.848,0.0
S087,39,Q194,VIEWS,0.66,0,0.846,11.165,47.694,0.0
S087,40,Q389,HAVING,0.552,0,2.493,8.736,50.187,0.0
S087,41,Q422,TRIGGERS,0.65,1,0.941,51.128,51.128,0.06
S087,42,Q486,INNER JOIN,0.576,0,2.09,53.218,53.218,0.0
S087,43,Q288,VIEWS,0.651,1,1.326,6.851,54.545,0.06
S087,44,Q440,SUBQUERIES,0.653,1,1.497,56.042,56.042,0.06
S087,45,Q183,FOREIGN KEY,0.495,0,1.08,57.122,57.122,0.0
S087,46,Q465,WHERE,0.43,0,0.462,10.909,57.584,0.0
S087,47,Q385,GROUP BY,0.478,0,2.752,60.336,60.336,0.0
S087,48,Q322,TRANSACTIONS,0.638,0,1.174,58.458,61.509,0.0
S087,49,Q340,NORMALIZATION,0.688,1,0.105,14.766,61.614,0.06
S087,50,Q037,INNER JOIN,0.477,1,0.778,9.174,62.392,0.06
S087,51,Q114,STORED PROCEDURES,0.598,1,1.076,40.051,63.468,0.06
S087,52,Q107,ORDER BY,0.414,0,4.8,42.833,68.268,0.0
S087,53,Q361,GROUP BY,0.457,0,0.755,8.687,69.023,0.0
S087,54,Q454,AGGREGATE FUNCTIONS,0.435,1,0.201,69.224,69.224,0.06
S087,55,Q438,GROUP BY,0.565,0,0.057,0.258,69.281,0.0
S087,56,Q019,RIGHT JOIN,0.455,0,5.345,35.739,74.625,0.0
S087,57,Q209,STORED PROCEDURES,0.739,0,0.268,11.425,74.893,0.0
S087,58,Q135,HAVING,0.678,0,2.119,26.825,77.012,0.0
S087,59,Q094,TRANSACTIONS,0.694,0,0.733,16.236,77.745,0.0
S087,60,Q325,AGGREGATE FUNCTIONS,0.474,1,1.54,10.062,79.286,0.06
S087,61,Q231,INDEXING,0.687,0,2.072,34.803,81.358,0.0
S087,62,Q080,HAVING,0.504,1,0.29,4.636,81.648,0.06
S087,63,Q314,NORMALIZATION,0.631,0,0.461,20.495,82.109,0.0
S087,64,Q032,FOREIGN KEY,0.299,1,0.12,25.107,82.229,0.06
S087,65,Q228,HAVING,0.488,0,1.177,1.758,83.406,0.0086
S087,66,Q389,HAVING,0.552,1,0.801,0.801,84.207,0.06
S087,67,Q241,STORED PROCEDURES,0.818,0,5.049,14.362,89.256,0.0
S087,68,Q055,INNER JOIN,0.493,1,0.652,27.516,89.908,0.06
S087,69,Q344,SELECT,0.171,0,0.804,84.365,90.711,0.0
S087,70,Q433,TRANSACTIONS,0.619,0,0.245,13.211,90.957,0.0
S087,71,Q440,SUBQUERIES,0.653,0,2.79,37.704,93.747,0.0
S087,72,Q062,JOINS,0.537,0,1.695,53.538,95.441,0.0
S087,73,Q293,JOINS,0.674,0,2.207,2.207,97.648,0.0
S087,74,Q449,HAVING,0.677,0,0.334,13.775,97.982,0.0
S087,75,Q223,RIGHT JOIN,0.704,1,0.602,23.959,98.584,0.06
S087,76,Q319,HAVING,0.639,0,0.687,1.289,99.271,0.0
S087,77,Q240,LEFT JOIN,0.422,1,0.389,58.546,99.66,0.06
S087,78,Q364,WHERE,0.339,1,0.953,43.03,100.613,0.06
S087,79,Q365,LEFT JOIN,0.529,0,3.456,4.41,104.07,0.0
S087,80,Q432,NORMALIZATION,0.754,1,1.662,23.623,105.732,0.06
S087,81,Q042,SUBQUERIES,0.658,1,0.15,12.136,105.883,0.06
S087,82,Q089,RIGHT JOIN,0.546,0,7.202,14.5,113.084,0.0
S087,83,Q459,NORMALIZATION,0.516,0,0.581,7.933,113.665,0.0
S087,84,Q016,INNER JOIN,0.401,1,0.657,24.414,114.322,0.06
S087,85,Q224,RIGHT JOIN,0.546,0,0.49,1.728,114.812,0.0
S087,86,Q464,INNER JOIN,0.454,1,0.733,1.223,115.546,0.1016
S087,87,Q113,ORDER BY,0.443,0,0.387,47.664,115.932,0.0
S087,88,Q480,STORED PROCEDURES,0.638,0,0.968,27.644,116.9,0.0
S087,89,Q008,JOINS,0.4,1,0.923,20.175,117.823,0.06
S087,90,Q337,FOREIGN KEY,0.341,1,0.539,36.133,118.362,0.06
S087,91,Q377,JOINS,0.519,0,0.054,0.593,118.415,0.0261
S087,92,Q197,SELECT,0.265,0,7.347,35.051,125.762,0.0
S087,93,Q325,AGGREGATE FUNCTIONS,0.474,0,2.58,49.056,128.342,0.0
S087,94,Q136,VIEWS,0.566,0,2.221,76.019,130.563,0.0
S087,95,Q178,HAVING,0.584,0,0.12,31.412,130.683,0.0
S087,96,Q424,SELECT,0.283,1,1.274,6.195,131.957,0.06
S087,97,Q383,PRIMARY KEY,0.392,0,0.317,115.24,132.274,0.0
S087,98,Q308,NORMALIZATION,0.626,0,1.473,20.082,133.747,0.0
S087,99,Q352,AGGREGATE FUNCTIONS,0.46,0,2.926,8.331,136.673,0.0
S087,100,Q316,JOINS,0.535,1,1.204,19.462,137.878,0.06
S088,1,Q479,INDEXING,0.619,0,3.476,3.476,3.476,0.3948
S088,2,Q128,SELECT,0.294,1,3.313,6.79,6.79,0.2299
S088,3,Q137,ORDER BY,0.445,0,2.533,9.323,9.323,0.2304
S088,4,Q415,SELECT,0.337,1,0.742,3.275,10.065,0.2408
S088,5,Q036,NORMALIZATION,0.55,0,1.1,11.164,11.164,0.1657
S088,6,Q211,GROUP BY,0.403,1,0.514,11.679,11.679,0.2782
S088,7,Q172,RIGHT JOIN,0.657,1,1.264,12.943,12.943,0.2518
S088,8,Q022,UNION,0.499,1,2.882,15.825,15.825,0.1172
S088,9,Q296,VIEWS,0.472,0,2.624,18.449,18.449,0.0
S088,10,Q117,RIGHT JOIN,0.503,0,0.003,5.509,18.452,0.1441
S088,11,Q499,FOREIGN KEY,0.458,0,5.968,24.42,24.42,0.1032
S088,12,Q431,JOINS,0.561,0,0.224,24.644,24.644,0.0384
S088,13,Q121,VIEWS,0.492,0,0.329,6.525,24.974,0.0
S088,14,Q185,INDEXING,0.692,1,0.067,21.565,25.041,0.1313
S088,15,Q487,SUBQUERIES,0.631,0,0.392,25.433,25.433,0.0623
S088,16,Q346,NORMALIZATION,0.661,0,1.501,15.77,26.934,0.0
S088,17,Q003,INNER JOIN,0.484,0,1.581,28.515,28.515,0.0
S088,18,Q472,INNER JOIN,0.643,0,3.583,3.583,32.097,0.0
S088,19,Q283,STORED PROCEDURES,0.715,0,1.262,33.36,33.36,0.0
S088,20,Q138,TRANSACTIONS,0.588,0,1.809,35.169,35.169,0.0
S088,21,Q480,STORED PROCEDURES,0.638,0,1.942,3.75,37.11,0.0
S088,22,Q428,SELECT,0.158,0,0.884,27.93,37.995,0.0
S088,23,Q423,TRANSACTIONS,0.738,0,8.344,11.17,46.338,0.0
S088,24,Q006,ORDER BY,0.205,0,3.15,40.166,49.489,0.0
S088,25,Q223,RIGHT JOIN,0.704,0,0.184,31.221,49.673,0.0
S088,26,Q181,FOREIGN KEY,0.273,0,0.911,26.163,50.583,0.0
S088,27,Q380,JOINS,0.601,1,1.442,27.381,52.026,0.06
S088,28,Q256,ORDER BY,0.346,0,0.33,2.867,52.356,0.0
S088,29,Q384,JOINS,0.69,0,0.914,1.244,53.27,0.0163
S088,30,Q282,WHERE,0.221,0,3.0,56.27,56.27,0.0
S088,31,Q379,JOINS,0.693,0,0.555,3.555,56.825,0.0
S088,32,Q484,JOINS,0.63,0,0.16,0.16,56.985,0.0
S088,33,Q383,PRIMARY KEY,0.392,0,2.116,59.101,59.101,0.0
S088,34,Q278,INDEXING,0.499,1,0.95,35.01,60.051,0.06
S088,35,Q410,GROUP BY,0.445,1,1.936,50.309,61.988,0.06
S088,36,Q470,AGGREGATE FUNCTIONS,0.49,1,0.476,62.464,62.464,0.06
S088,37,Q228,HAVING,0.488,0,0.263,62.727,62.727,0.0
S088,38,Q399,JOINS,0.524,1,0.283,6.025,63.01,0.06
S088,39,Q394,UNION,0.411,1,0.058,47.243,63.068,0.06
S088,40,Q124,FOREIGN KEY,0.397,0,0.702,13.187,63.77,0.0
S088,41,Q109,AGGREGATE FUNCTIONS,0.581,1,3.287,4.593,67.057,0.06
S088,42,Q095,TRANSACTIONS,0.782,0,1.013,21.731,68.07,0.0
S088,43,Q251,TRIGGERS,0.583,1,0.794,68.864,68.864,0.06
S088,44,Q126,LEFT JOIN,0.589,0,1.917,70.781,70.781,0.0
S088,45,Q176,PRIMARY KEY,0.27,1,2.748,14.428,73.529,0.06
S088,46,Q249,TRIGGERS,0.783,0,0.737,5.403,74.266,0.0
S088,47,Q125,JOINS,0.518,0,0.064,11.32,74.33,0.0
S088,48,Q092,GROUP BY,0.355,0,0.544,12.886,74.874,0.0
S088,49,Q129,SELECT,0.199,0,2.935,39.815,77.809,0.0
S088,50,Q090,JOINS,0.609,0,3.275,6.755,81.085,0.0
S088,51,Q087,JOINS,0.52,0,0.115,0.115,81.2,0.0
S088,52,Q180,INDEXING,0.498,0,1.014,22.162,82.214,0.0
S088,53,Q191,SELECT,0.285,0,0.983,5.387,83.196,0.0
S088,54,Q114,STORED PROCEDURES,0.598,1,0.611,46.698,83.808,0.06
S088,55,Q013,NORMALIZATION,0.686,1,0.273,57.147,84.081,0.06
S088,56,Q127,WHERE,0.288,0,3.793,31.605,87.875,0.0
S088,57,Q432,NORMALIZATION,0.754,0,1.004,4.798,88.879,0.0
S088,58,Q334,SUBQUERIES,0.603,0,0.074,63.521,88.954,0.0
S088,59,Q357,INNER JOIN,0.447,0,0.135,56.991,89.089,0.0
S088,60,Q139,SELECT,0.229,0,4.55,10.442,93.638,0.0
S088,61,Q128,SELECT,0.294,1,1.207,1.207,94.846,0.06
S088,62,Q084,GROUP BY,0.374,0,1.048,21.019,95.893,0.0
S088,63,Q293,JOINS,0.674,0,0.791,15.485,96.685,0.0
S088,64,Q202,PRIMARY KEY,0.254,1,0.067,23.222,96.752,0.06
S088,65,Q439,HAVING,0.648,0,0.533,34.558,97.285,0.0
S088,66,Q204,TRIGGERS,0.735,0,0.083,23.102,97.368,0.0
S088,67,Q222,VIEWS,0.416,0,1.35,73.744,98.718,0.0
S088,68,Q426,JOINS,0.626,0,2.499,4.532,101.217,0.0
S088,69,Q060,TRIGGERS,0.598,0,0.68,4.529,101.897,0.0
S088,70,Q385,GROUP BY,0.478,0,0.515,6.519,102.413,0.0
S088,71,Q189,GROUP BY,0.364,0,0.044,0.044,102.457,0.0
S088,72,Q213,ORDER BY,0.448,0,0.492,50.593,102.949,0.0
S088,73,Q155,TRIGGERS,0.651,0,2.302,3.353,105.251,0.0
S088,74,Q499,FOREIGN KEY,0.458,0,2.382,43.862,107.632,0.0
S088,75,Q498,FOREIGN KEY,0.401,1,0.187,0.187,107.819,0.06
S088,76,Q374,RIGHT JOIN,0.474,1,2.73,60.877,110.549,0.06
S088,77,Q471,STORED PROCEDURES,0.749,0,1.72,28.462,112.27,0.0
S088,78,Q442,NORMALIZATION,0.586,0,0.112,23.503,112.382,0.0
S088,79,Q304,ORDER BY,0.33,0,1.197,10.63,113.579,0.0
S088,80,Q124,FOREIGN KEY,0.397,1,0.001,5.76,113.579,0.06
S088,81,Q073,RIGHT JOIN,0.571,0,0.958,3.988,114.537,0.0
S088,82,Q021,NORMALIZATION,0.705,0,4.586,6.742,119.124,0.0
S088,83,Q300,VIEWS,0.627,0,0.559,20.965,119.683,0.0
S088,84,Q311,INNER JOIN,0.391,1,0.493,31.087,120.176,0.06
S088,85,Q092,GROUP BY,0.355,0,2.03,19.75,122.206,0.0
S088,86,Q117,RIGHT JOIN,0.503,0,0.49,8.159,122.696,0.0
S088,87,Q435,NORMALIZATION,0.623,0,0.816,4.389,123.512,0.0
S088,88,Q074,VIEWS,0.476,0,0.408,4.237,123.92,0.0
S088,89,Q416,NORMALIZATION,0.673,0,2.73,3.138,126.65,0.0
S088,90,Q323,WHERE,0.355,1,0.691,39.466,127.341,0.06
S088,91,Q119,INDEXING,0.674,0,0.033,45.16,127.374,0.0
S088,92,Q483,VIEWS,0.52,1,4.886,8.34,132.26,0.06
S088,93,Q071,SUBQUERIES,0.651,1,0.347,43.653,132.607,0.06
S088,94,Q279,FOREIGN KEY,0.269,1,2.115,21.142,134.721,0.06
S088,95,Q419,LEFT JOIN,0.469,0,1.451,65.391,136.172,0.0
S088,96,Q241,STORED PROCEDURES,0.818,0,2.528,26.43,138.7,0.0
S088,97,Q426,JOINS,0.626,0,0.35,37.833,139.05,0.0
S088,98,Q035,PRIMARY KEY,0.235,1,1.03,43.329,140.08,0.06
S088,99,Q055,INNER JOIN,0.493,1,1.441,21.346,141.522,0.06
S088,100,Q247,PRIMARY KEY,0.388,1,1.554,2.995,143.075,0.0751
S089,1,Q320,SUBQUERIES,0.828,0,0.048,0.048,0.048,0.1876
S089,2,Q049,HAVING,0.692,1,3.387,3.436,3.436,0.4155
S089,3,Q263,GROUP BY,0.516,0,3.706,7.142,7.142,0.0861
S089,4,Q122,INDEXING,0.478,1,1.218,8.36,8.36,0.4233
S089,5,Q176,PRIMARY KEY,0.27,0,1.481,9.841,9.841,0.2557
S089,6,Q359,UNION,0.42,0,0.181,10.022,10.022,0.1152
S089,7,Q475,SELECT,0.227,0,1.052,11.074,11.074,0.1101
S089,8,Q050,ORDER BY,0.39,0,0.864,11.938,11.938,0.1576
S089,9,Q349,PRIMARY KEY,0.216,0,3.104,5.2,15.042,0.1527
S089,10,Q348,FOREIGN KEY,0.366,0,2.227,17.269,17.269,0.0222
S089,11,Q181,FOREIGN KEY,0.273,0,0.5,0.5,17.769,0.0
S089,12,Q180,INDEXING,0.498,1,0.237,9.646,18.006,0.3386
S089,13,Q142,STORED PROCEDURES,0.735,0,1.652,19.658,19.658,0.1587
S089,14,Q118,GROUP BY,0.421,1,0.421,12.937,20.079,0.06
S089,15,Q188,SUBQUERIES,0.835,1,0.671,20.702,20.75,0.06
S089,16,Q426,JOINS,0.626,0,1.877,22.627,22.627,0.0426
S089,17,Q286,STORED PROCEDURES,0.846,0,2.948,5.917,25.575,0.045
S089,18,Q153,LEFT JOIN,0.611,1,2.811,28.386,28.386,0.06
S089,19,Q099,STORED PROCEDURES,0.827,0,0.25,3.061,28.637,0.0
S089,20,Q490,STORED PROCEDURES,0.81,1,1.125,1.125,29.762,0.06
S089,21,Q459,NORMALIZATION,0.516,0,4.46,34.222,34.222,0.0
S089,22,Q349,PRIMARY KEY,0.216,1,0.368,19.548,34.59,0.06
S089,23,Q058,AGGREGATE FUNCTIONS,0.361,0,3.955,38.545,38.545,0.0
S089,24,Q247,PRIMARY KEY,0.388,0,0.465,4.421,39.011,0.0
S089,25,Q081,SELECT,0.21,1,0.182,28.119,39.192,0.06
S089,26,Q478,VIEWS,0.411,0,5.76,44.952,44.952,0.0
S089,27,Q498,FOREIGN KEY,0.401,0,4.707,31.89,49.659,0.0
S089,28,Q281,HAVING,0.584,0,2.096,48.32,51.755,0.0
S089,29,Q333,HAVING,0.504,0,0.781,0.781,52.536,0.0
S089,30,Q027,GROUP BY,0.405,0,0.292,32.749,52.828,0.0
S089,31,Q227,NORMALIZATION,0.525,0,0.949,19.555,53.777,0.0
S089,32,Q146,RIGHT JOIN,0.661,0,0.318,54.095,54.095,0.0
S089,33,Q180,INDEXING,0.498,0,0.989,37.077,55.084,0.0
S089,34,Q396,SELECT,0.185,0,5.208,21.1,60.292,0.0
S089,35,Q425,INNER JOIN,0.522,0,0.662,60.954,60.954,0.0
S089,36,Q057,INNER JOIN,0.473,0,1.017,1.017,61.971,0.0
S089,37,Q311,INNER JOIN,0.391,0,0.321,0.321,62.292,0.0
S089,38,Q288,VIEWS,0.651,0,7.539,24.879,69.831,0.0
S089,39,Q297,RIGHT JOIN,0.489,1,2.466,18.202,72.297,0.06
S089,40,Q393,HAVING,0.419,1,2.076,21.837,74.373,0.06
S089,41,Q026,JOINS,0.462,0,0.034,51.78,74.407,0.0
S089,42,Q265,NORMALIZATION,0.689,0,0.968,21.599,75.376,0.0
S089,43,Q308,NORMALIZATION,0.626,0,0.336,0.336,75.711,0.0
S089,44,Q238,VIEWS,0.43,0,0.011,5.891,75.722,0.0
S089,45,Q447,AGGREGATE FUNCTIONS,0.58,0,0.999,38.176,76.721,0.0
S089,46,Q210,GROUP BY,0.475,1,1.562,25.455,78.283,0.06
S089,47,Q231,INDEXING,0.687,0,0.429,23.628,78.712,0.0
S089,48,Q038,SELECT,0.2,0,4.366,22.785,83.077,0.0
S089,49,Q404,SELECT,0.335,0,0.519,0.519,83.596,0.0
S089,50,Q079,WHERE,0.326,1,0.974,84.57,84.57,0.06
S089,51,Q152,PRIMARY KEY,0.249,0,0.599,46.158,85.169,0.0
S089,52,Q088,INDEXING,0.69,0,0.454,6.911,85.623,0.0
S089,53,Q493,LEFT JOIN,0.431,1,2.708,59.945,88.331,0.06
S089,54,Q210,GROUP BY,0.475,0,1.513,11.561,89.844,0.0
S089,55,Q428,SELECT,0.158,1,0.06,6.308,89.904,0.06
S089,56,Q078,VIEWS,0.48,0,5.363,19.545,95.267,0.0
S089,57,Q038,SELECT,0.2,1,8.895,14.258,104.162,0.06
S089,58,Q225,FOREIGN KEY,0.419,0,0.709,55.212,104.871,0.0
S089,59,Q124,FOREIGN KEY,0.397,0,0.135,0.135,105.006,0.0
S089,60,Q348,FOREIGN KEY,0.366,0,4.931,4.931,109.937,0.0
S089,61,Q165,NORMALIZATION,0.71,0,1.465,35.691,111.402,0.0
S089,62,Q012,INDEXING,0.52,1,1.676,27.455,113.078,0.06
S089,63,Q360,PRIMARY KEY,0.348,0,1.184,29.093,114.262,0.0
S089,64,Q140,STORED PROCEDURES,0.717,0,0.52,85.02,114.782,0.0
S089,65,Q366,TRIGGERS,0.664,1,0.245,115.027,115.027,0.06
S089,66,Q161,SELECT,0.357,0,1.257,12.122,116.284,0.0
S089,67,Q477,TRIGGERS,0.655,1,3.492,4.749,119.776,0.06
S089,68,Q283,STORED PROCEDURES,0.715,0,0.872,5.866,120.648,0.0
S089,69,Q112,INDEXING,0.48,1,3.069,10.639,123.717,0.06
S089,70,Q134,ORDER BY,0.387,1,0.652,112.431,124.369,0.06
S089,71,Q243,HAVING,0.47,0,2.869,52.864,127.238,0.0
S089,72,Q134,ORDER BY,0.387,0,0.599,3.467,127.836,0.0
S089,73,Q001,INNER JOIN,0.589,0,0.447,65.991,128.283,0.0
S089,74,Q425,INNER JOIN,0.522,1,1.806,1.806,130.09,0.06
S089,75,Q012,INDEXING,0.52,0,0.347,6.719,130.436,0.0
S089,76,Q250,INNER JOIN,0.477,1,0.406,0.753,130.842,0.1087
S089,77,Q149,ORDER BY,0.264,1,0.752,3.758,131.594,0.06
S089,78,Q362,RIGHT JOIN,0.6,0,2.546,61.843,134.14,0.0
S089,79,Q096,LEFT JOIN,0.516,0,2.121,47.93,136.261,0.0
S089,80,Q175,INDEXING,0.505,1,0.927,6.751,137.188,0.06
S089,81,Q497,ORDER BY,0.261,0,0.198,5.791,137.385,0.0
S089,82,Q371,JOINS,0.51,1,1.435,64.413,138.82,0.06
S089,83,Q309,HAVING,0.586,0,0.522,12.105,139.342,0.0
S089,84,Q390,GROUP BY,0.446,0,0.219,49.718,139.561,0.0
S089,85,Q402,AGGREGATE FUNCTIONS,0.582,0,0.672,63.512,140.233,0.0
S089,86,Q303,WHERE,0.319,0,0.204,55.867,140.437,0.0
S089,87,Q127,WHERE,0.288,1,2.308,2.308,142.744,0.06
S089,88,Q073,RIGHT JOIN,0.571,0,0.379,8.984,143.124,0.0
S089,89,Q044,RIGHT JOIN,0.637,0,0.1,0.1,143.224,0.0
S089,90,Q356,HAVING,0.455,0,0.073,3.954,143.296,0.0
S089,91,Q314,NORMALIZATION,0.631,1,0.13,32.025,143.427,0.06
S089,92,Q040,LEFT JOIN,0.619,0,2.056,9.222,145.483,0.0
S089,93,Q193,INDEXING,0.643,1,4.776,13.072,150.259,0.06
S089,94,Q049,HAVING,0.692,0,4.275,11.238,154.535,0.0
S089,95,Q252,ORDER BY,0.263,0,4.103,21.253,158.638,0.0
S089,96,Q139,SELECT,0.229,0,1.159,43.513,159.797,0.0
S089,97,Q168,SUBQUERIES,0.647,0,0.451,139.497,160.248,0.0
S089,98,Q414,TRIGGERS,0.737,0,1.999,42.47,162.247,0.0
S089,99,Q318,SUBQUERIES,0.809,0,0.546,2.545,162.793,0.0
S089,100,Q046,HAVING,0.619,0,0.117,8.376,162.91,0.0
S090,1,Q396,SELECT,0.185,0,1.176,1.176,1.176,0.2114
S090,2,Q344,SELECT,0.171,1,1.572,1.572,2.749,0.2479
S090,3,Q124,FOREIGN KEY,0.397,0,0.374,3.123,3.123,0.3191
S090,4,Q456,FOREIGN KEY,0.297,0,0.5,0.5,3.623,0.2866
S090,5,Q113,ORDER BY,0.443,1,2.012,5.635,5.635,0.3437
S090,6,Q043,RIGHT JOIN,0.724,1,2.396,8.031,8.031,0.438
S090,7,Q060,TRIGGERS,0.598,0,2.901,10.932,10.932,0.0768
S090,8,Q159,JOINS,0.491,1,0.599,11.531,11.531,0.3563
S090,9,Q174,SELECT,0.261,1,0.086,8.868,11.617,0.1748
S090,10,Q196,STORED PROCEDURES,0.722,0,4.171,15.788,15.788,0.0949
S090,11,Q463,AGGREGATE FUNCTIONS,0.577,0,0.309,16.097,16.097,0.0511
S090,12,Q165,NORMALIZATION,0.71,1,0.743,16.84,16.84,0.1569
S090,13,Q237,SUBQUERIES,0.801,0,1.237,18.077,18.077,0.062
S090,14,Q293,JOINS,0.674,0,0.66,7.206,18.737,0.2232
S090,15,Q468,INNER JOIN,0.4,0,2.88,21.618,21.618,0.053
S090,16,Q146,RIGHT JOIN,0.661,0,2.128,15.715,23.746,0.1773
S090,17,Q192,PRIMARY KEY,0.241,0,0.682,24.428,24.428,0.0
S090,18,Q436,PRIMARY KEY,0.38,0,0.628,0.628,25.056,0.0
S090,19,Q238,VIEWS,0.43,0,3.373,28.429,28.429,0.0345
S090,20,Q336,RIGHT JOIN,0.557,0,5.318,10.001,33.747,0.0023
S090,21,Q338,FOREIGN KEY,0.333,0,1.842,31.967,35.59,0.0
S090,22,Q297,RIGHT JOIN,0.489,0,1.103,2.945,36.693,0.0
S090,23,Q235,AGGREGATE FUNCTIONS,0.512,0,1.591,22.186,38.283,0.0
S090,24,Q096,LEFT JOIN,0.516,1,0.617,38.901,38.901,0.06
S090,25,Q473,RIGHT JOIN,0.495,0,1.386,3.594,40.287,0.0
S090,26,Q209,STORED PROCEDURES,0.739,1,0.414,24.912,40.701,0.06
S090,27,Q104,UNION,0.517,1,3.483,44.184,44.184,0.06
S090,28,Q387,UNION,0.384,0,1.659,1.659,45.843,0.0101
S090,29,Q118,GROUP BY,0.421,0,4.077,49.92,49.92,0.0
S090,30,Q337,FOREIGN KEY,0.341,0,1.866,16.196,51.786,0.0
S090,31,Q235,AGGREGATE FUNCTIONS,0.512,0,1.455,14.957,53.241,0.0
S090,32,Q458,TRIGGERS,0.727,0,0.04,42.348,53.281,0.0
S090,33,Q117,RIGHT JOIN,0.503,0,2.121,15.115,55.402,0.0
S090,34,Q379,JOINS,0.693,0,3.713,40.377,59.114,0.0
S090,35,Q004,AGGREGATE FUNCTIONS,0.438,0,1.371,7.245,60.486,0.0
S090,36,Q248,JOINS,0.612,1,0.181,1.553,60.667,0.06
S090,37,Q203,FOREIGN KEY,0.255,0,5.385,14.266,66.052,0.0
S090,38,Q355,NORMALIZATION,0.531,0,6.191,55.404,72.244,0.0
S090,39,Q315,WHERE,0.287,1,7.481,79.725,79.725,0.06
S090,40,Q031,INDEXING,0.548,0,4.636,84.361,84.361,0.0
S090,41,Q431,JOINS,0.561,0,0.438,24.132,84.799,0.0
S090,42,Q450,LEFT JOIN,0.595,0,3.402,49.301,88.201,0.0
S090,43,Q011,SUBQUERIES,0.564,1,7.435,77.559,95.637,0.06
S090,44,Q118,GROUP BY,0.421,0,0.822,46.538,96.458,0.0
S090,45,Q153,LEFT JOIN,0.611,0,0.176,8.433,96.635,0.0
S090,46,Q030,GROUP BY,0.529,1,1.242,1.418,97.876,0.06
S090,47,Q353,PRIMARY KEY,0.417,0,0.557,73.378,98.434,0.0
S090,48,Q459,NORMALIZATION,0.516,0,2.923,29.113,101.357,0.0
S090,49,Q019,RIGHT JOIN,0.455,1,0.549,46.504,101.906,0.06
S090,50,Q436,PRIMARY KEY,0.38,0,2.944,6.416,104.85,0.0
S090,51,Q093,ORDER BY,0.402,0,0.33,99.545,105.18,0.0
S090,52,Q404,SELECT,0.335,0,0.575,94.138,105.755,0.0
S090,53,Q089,RIGHT JOIN,0.546,0,4.094,7.944,109.849,0.0
S090,54,Q468,INNER JOIN,0.4,0,2.744,90.976,112.593,0.0
S090,55,Q107,ORDER BY,0.414,0,0.903,8.316,113.496,0.0
S090,56,Q204,TRIGGERS,0.735,0,0.611,60.826,114.107,0.0
S090,57,Q431,JOINS,0.561,0,1.131,30.438,115.237,0.0
S090,58,Q140,STORED PROCEDURES,0.717,0,0.365,74.902,115.602,0.0
S090,59,Q266,FOREIGN KEY,0.324,0,1.576,51.126,117.178,0.0
S090,60,Q208,INNER JOIN,0.385,0,0.501,5.086,117.679,0.0
S090,61,Q261,NORMALIZATION,0.767,0,0.555,16.877,118.234,0.0
S090,62,Q032,FOREIGN KEY,0.299,0,0.724,1.779,118.958,0.0
S090,63,Q007,WHERE,0.38,0,0.854,40.087,119.812,0.0
S090,64,Q368,WHERE,0.261,0,0.226,0.226,120.038,0.0
S090,65,Q499,FOREIGN KEY,0.458,1,0.308,1.389,120.346,0.06
S090,66,Q371,JOINS,0.51,0,0.997,6.106,121.343,0.0
S090,67,Q038,SELECT,0.2,0,1.117,16.705,122.46,0.0
S090,68,Q225,FOREIGN KEY,0.419,0,0.031,2.146,122.492,0.0028
S090,69,Q286,STORED PROCEDURES,0.846,0,0.095,6.985,122.587,0.0
S090,70,Q225,FOREIGN KEY,0.419,0,3.25,3.345,125.837,0.0
S090,71,Q221,PRIMARY KEY,0.424,0,0.36,21.348,126.197,0.0
S090,72,Q331,STORED PROCEDURES,0.731,0,2.962,6.572,129.159,0.0
S090,73,Q264,TRANSACTIONS,0.523,0,1.723,130.883,130.883,0.0
S090,74,Q497,ORDER BY,0.261,0,0.067,17.453,130.949,0.0
S090,75,Q481,TRIGGERS,0.686,0,1.514,18.357,132.464,0.0
S090,76,Q146,RIGHT JOIN,0.661,0,0.009,22.623,132.473,0.0
S090,77,Q031,INDEXING,0.548,0,0.355,48.466,132.828,0.0
S090,78,Q090,JOINS,0.609,1,0.231,11.716,133.059,0.06
S090,79,Q029,WHERE,0.299,0,0.436,13.456,133.495,0.0
S090,80,Q440,SUBQUERIES,0.653,0,0.601,38.459,134.096,0.0
S090,81,Q488,FOREIGN KEY,0.382,0,2.393,10.652,136.489,0.0
S090,82,Q295,SUBQUERIES,0.805,0,1.67,4.064,138.159,0.0
S090,83,Q265,NORMALIZATION,0.689,0,2.271,22.197,140.431,0.0
S090,84,Q315,WHERE,0.287,0,6.762,13.698,147.193,0.0
S090,85,Q239,INNER JOIN,0.478,0,1.047,30.561,148.24,0.0
S090,86,Q462,TRANSACTIONS,0.661,1,1.059,18.417,149.299,0.06
S090,87,Q146,RIGHT JOIN,0.661,0,1.388,18.214,150.687,0.0
S090,88,Q380,JOINS,0.601,0,2.549,20.177,153.236,0.0
S090,89,Q450,LEFT JOIN,0.595,1,6.356,62.957,159.592,0.06
S090,90,Q005,GROUP BY,0.393,1,1.384,63.1,160.976,0.06
S090,91,Q148,SUBQUERIES,0.793,0,5.845,28.661,166.821,0.0
S090,92,Q236,NORMALIZATION,0.543,0,1.663,28.053,168.484,0.0
S090,93,Q285,SELECT,0.344,0,0.026,46.049,168.51,0.0
S090,94,Q059,PRIMARY KEY,0.219,0,0.143,42.455,168.653,0.0
S090,95,Q416,NORMALIZATION,0.673,0,1.433,1.602,170.085,0.0
S090,96,Q216,HAVING,0.472,1,1.142,171.227,171.227,0.06
S090,97,Q061,WHERE,0.356,0,0.043,24.077,171.27,0.0
S090,98,Q405,LEFT JOIN,0.648,0,0.492,12.171,171.762,0.0
S090,99,Q347,FOREIGN KEY,0.405,1,0.188,35.462,171.951,0.06
S090,100,Q219,VIEWS,0.56,0,0.452,143.974,172.403,0.0
S091,1,Q488,FOREIGN KEY,0.382,0,4.414,4.414,4.414,0.365
S091,2,Q297,RIGHT JOIN,0.489,1,2.267,6.682,6.682,0.3693
S091,3,Q012,INDEXING,0.52,0,2.039,8.72,8.72,0.1372
S091,4,Q290,SELECT,0.153,1,0.029,8.749,8.749,0.4046
S091,5,Q341,NORMALIZATION,0.653,0,1.368,10.118,10.118,0.2552
S091,6,Q252,ORDER BY,0.263,1,0.933,11.051,11.051,0.1584
S091,7,Q495,TRIGGERS,0.746,0,0.393,11.444,11.444,0.2377
S091,8,Q364,WHERE,0.339,0,0.727,12.172,12.172,0.0453
S091,9,Q100,SUBQUERIES,0.627,0,0.044,12.216,12.216,0.1103
S091,10,Q353,PRIMARY KEY,0.417,1,2.343,14.559,14.559,0.1595
S091,11,Q427,HAVING,0.634,0,0.153,14.712,14.712,0.0
S091,12,Q031,INDEXING,0.548,0,0.827,6.819,15.539,0.0099
S091,13,Q052,RIGHT JOIN,0.663,0,0.959,9.816,16.498,0.197
S091,14,Q100,SUBQUERIES,0.627,0,0.045,4.327,16.543,0.0204
S091,15,Q061,WHERE,0.356,0,3.343,7.714,19.886,0.0
S091,16,Q408,HAVING,0.471,0,1.541,6.715,21.427,0.0
S091,17,Q420,INNER JOIN,0.385,0,0.039,21.466,21.466,0.0726
S091,18,Q148,SUBQUERIES,0.793,0,2.875,7.798,24.341,0.0
S091,19,Q114,STORED PROCEDURES,0.598,1,1.689,26.03,26.03,0.06
S091,20,Q124,FOREIGN KEY,0.397,0,3.212,24.827,29.242,0.0
S091,21,Q287,VIEWS,0.513,0,0.73,29.972,29.972,0.0
S091,22,Q008,JOINS,0.4,0,0.147,30.119,30.119,0.0
S091,23,Q310,WHERE,0.401,0,0.442,10.675,30.561,0.0
S091,24,Q034,PRIMARY KEY,0.268,1,0.528,16.53,31.089,0.06
S091,25,Q062,JOINS,0.537,0,1.837,2.807,32.926,0.0
S091,26,Q297,RIGHT JOIN,0.489,0,0.944,17.372,33.869,0.0
S091,27,Q116,ORDER BY,0.363,0,2.688,25.506,36.557,0.0
S091,28,Q327,INDEXING,0.496,1,1.002,22.02,37.559,0.06
S091,29,Q488,FOREIGN KEY,0.382,0,0.429,8.746,37.988,0.0
S091,30,Q259,JOINS,0.641,1,1.822,6.884,39.81,0.06
S091,31,Q411,SUBQUERIES,0.668,0,0.247,15.717,40.058,0.0
S091,32,Q370,SELECT,0.152,0,0.508,31.817,40.566,0.0
S091,33,Q040,LEFT JOIN,0.619,1,0.031,40.597,40.597,0.06
S091,34,Q091,ORDER BY,0.348,0,0.078,4.118,40.675,0.0
S091,35,Q256,ORDER BY,0.346,0,0.142,0.142,40.817,0.0
S091,36,Q377,JOINS,0.519,0,1.051,2.058,41.868,0.0041
S091,37,Q188,SUBQUERIES,0.835,1,1.042,2.853,42.91,0.06
S091,38,Q287,VIEWS,0.513,1,1.39,14.328,44.3,0.06
S091,39,Q315,WHERE,0.287,0,1.915,15.654,46.214,0.0
S091,40,Q267,SELECT,0.307,0,1.141,6.79,47.356,0.0
S091,41,Q408,HAVING,0.471,1,0.243,26.172,47.599,0.06
S091,42,Q302,LEFT JOIN,0.407,0,0.81,7.812,48.409,0.0
S091,43,Q158,VIEWS,0.411,1,0.881,4.991,49.29,0.06
S091,44,Q266,FOREIGN KEY,0.324,0,0.265,11.567,49.555,0.0
S091,45,Q466,AGGREGATE FUNCTIONS,0.31,1,3.041,52.596,52.596,0.06
S091,46,Q302,LEFT JOIN,0.407,1,0.56,4.747,53.156,0.06
S091,47,Q063,UNION,0.406,0,0.328,53.484,53.484,0.0
S091,48,Q368,WHERE,0.261,0,0.072,7.342,53.556,0.0
S091,49,Q453,FOREIGN KEY,0.484,0,0.477,4.477,54.033,0.0
S091,50,Q467,TRIGGERS,0.624,0,0.397,42.986,54.43,0.0
S091,51,Q300,VIEWS,0.627,0,1.496,6.636,55.926,0.0
S091,52,Q021,NORMALIZATION,0.705,0,0.915,46.724,56.841,0.0
S091,53,Q280,JOINS,0.685,0,1.584,16.558,58.426,0.0
S091,54,Q103,WHERE,0.449,1,1.41,6.28,59.836,0.06
S091,55,Q117,RIGHT JOIN,0.503,0,3.416,29.383,63.252,0.0
S091,56,Q370,SELECT,0.152,0,1.911,17.807,65.163,0.0
S091,57,Q273,GROUP BY,0.489,1,0.152,65.315,65.315,0.06
S091,58,Q284,HAVING,0.408,0,0.003,17.719,65.318,0.0
S091,59,Q170,TRIGGERS,0.682,1,1.221,12.108,66.538,0.06
S091,60,Q038,SELECT,0.2,1,0.475,1.85,67.013,0.06
S091,61,Q378,AGGREGATE FUNCTIONS,0.56,0,3.221,17.638,70.234,0.0
S091,62,Q127,WHERE,0.288,0,3.17,13.569,73.404,0.0
S091,63,Q050,ORDER BY,0.39,0,1.387,33.974,74.791,0.0
S091,64,Q399,JOINS,0.524,0,0.015,16.38,74.806,0.0
S091,65,Q232,PRIMARY KEY,0.433,1,0.141,43.858,74.947,0.06
S091,66,Q408,HAVING,0.471,0,1.766,11.396,76.713,0.0
S091,67,Q016,INNER JOIN,0.401,0,3.416,58.663,80.129,0.0
S091,68,Q036,NORMALIZATION,0.55,1,2.592,25.88,82.721,0.06
S091,69,Q409,FOREIGN KEY,0.381,0,2.647,31.336,85.368,0.0
S091,70,Q405,LEFT JOIN,0.648,0,1.279,33.492,86.648,0.0
S091,71,Q030,GROUP BY,0.529,0,0.44,21.773,87.088,0.0
S091,72,Q473,RIGHT JOIN,0.495,0,2.966,26.802,90.054,0.0
S091,73,Q133,FOREIGN KEY,0.479,0,0.278,4.964,90.332,0.0
S091,74,Q077,HAVING,0.485,0,0.112,13.731,90.444,0.0
S091,75,Q465,WHERE,0.43,0,1.033,18.073,91.477,0.0
S091,76,Q298,TRIGGERS,0.632,1,0.553,25.492,92.031,0.06
S091,77,Q118,GROUP BY,0.421,0,1.984,6.926,94.014,0.0
S091,78,Q005,GROUP BY,0.393,0,1.84,1.84,95.854,0.0
S091,79,Q053,SUBQUERIES,0.682,0,1.032,53.976,96.886,0.0
S091,80,Q492,ORDER BY,0.258,0,0.381,22.477,97.268,0.0
S091,81,Q364,WHERE,0.339,0,7.916,13.706,105.184,0.0
S091,82,Q327,INDEXING,0.496,0,1.784,69.409,106.968,0.0
S091,83,Q099,STORED PROCEDURES,0.827,0,3.192,84.13,110.16,0.0
S091,84,Q256,ORDER BY,0.346,0,0.547,13.439,110.707,0.0
S091,85,Q157,TRIGGERS,0.69,0,1.855,20.532,112.562,0.0
S091,86,Q364,WHERE,0.339,1,3.862,11.241,116.424,0.06
S091,87,Q244,LEFT JOIN,0.512,0,1.023,30.8,117.448,0.0
S091,88,Q194,VIEWS,0.66,0,2.338,63.859,119.786,0.0
S091,89,Q498,FOREIGN KEY,0.401,1,0.373,29.827,120.159,0.06
S091,90,Q116,ORDER BY,0.363,0,3.368,12.82,123.527,0.0
S091,91,Q283,STORED PROCEDURES,0.715,1,1.691,15.058,125.218,0.06
S091,92,Q266,FOREIGN KEY,0.324,0,0.014,5.074,125.233,0.0
S091,93,Q202,PRIMARY KEY,0.254,0,2.132,52.417,127.364,0.0
S091,94,Q218,ORDER BY,0.226,0,0.722,4.559,128.086,0.0
S091,95,Q475,SELECT,0.227,1,1.148,62.221,129.234,0.06
S091,96,Q046,HAVING,0.619,1,2.407,41.197,131.641,0.06
S091,97,Q226,TRANSACTIONS,0.672,0,1.375,133.016,133.016,0.0
S091,98,Q025,LEFT JOIN,0.627,0,0.439,16.008,133.455,0.0
S091,99,Q364,WHERE,0.339,0,0.997,18.028,134.453,0.0
S091,100,Q394,UNION,0.411,1,2.578,83.546,137.03,0.06
S092,1,Q295,SUBQUERIES,0.805,0,1.148,1.148,1.148,0.4002
S092,2,Q172,RIGHT JOIN,0.657,1,0.587,1.735,1.735,0.2478
S092,3,Q349,PRIMARY KEY,0.216,0,0.0,1.735,1.735,0.3915
S092,4,Q411,SUBQUERIES,0.668,1,0.752,1.339,2.488,0.4401
S092,5,Q193,INDEXING,0.643,1,0.297,2.785,2.785,0.3391
S092,6,Q196,STORED PROCEDURES,0.722,0,3.097,5.882,5.882,0.0869
S092,7,Q308,NORMALIZATION,0.626,1,0.997,6.879,6.879,0.2306
S092,8,Q329,LEFT JOIN,0.609,0,2.462,9.341,9.341,0.2763
S092,9,Q418,WHERE,0.336,0,2.201,11.542,11.542,0.2584
S092,10,Q002,NORMALIZATION,0.72,1,4.265,8.928,15.807,0.1566
S092,11,Q166,LEFT JOIN,0.618,1,1.945,8.411,17.752,0.2101
S092,12,Q276,VIEWS,0.484,1,0.129,17.881,17.881,0.2602
S092,13,Q107,ORDER BY,0.414,0,0.526,18.408,18.408,0.0798
S092,14,Q164,PRIMARY KEY,0.249,0,0.416,17.088,18.823,0.1101
S092,15,Q137,ORDER BY,0.445,0,0.504,0.92,19.327,0.041
S092,16,Q492,ORDER BY,0.258,0,0.851,0.851,20.178,0.0032
S092,17,Q105,RIGHT JOIN,0.534,1,0.733,19.176,20.911,0.06
S092,18,Q333,HAVING,0.504,1,0.51,21.422,21.422,0.174
S092,19,Q142,STORED PROCEDURES,0.735,1,0.636,16.176,22.057,0.06
S092,20,Q416,NORMALIZATION,0.673,0,0.449,6.699,22.506,0.0312
S092,21,Q437,TRIGGERS,0.758,1,2.599,25.105,25.105,0.1538
S092,22,Q286,STORED PROCEDURES,0.846,0,0.977,4.025,26.082,0.0
S092,23,Q069,LEFT JOIN,0.56,0,0.255,8.585,26.337,0.0564
S092,24,Q453,FOREIGN KEY,0.484,1,2.723,29.06,29.06,0.06
S092,25,Q231,INDEXING,0.687,0,1.349,27.624,30.409,0.0
S092,26,Q219,VIEWS,0.56,0,0.46,12.988,30.869,0.0404
S092,27,Q099,STORED PROCEDURES,0.827,0,3.605,8.392,34.474,0.0
S092,28,Q136,VIEWS,0.566,1,2.736,6.34,37.209,0.06
S092,29,Q105,RIGHT JOIN,0.534,0,0.701,16.999,37.91,0.0
S092,30,Q117,RIGHT JOIN,0.503,0,0.653,0.653,38.563,0.0
S092,31,Q436,PRIMARY KEY,0.38,0,0.707,20.446,39.269,0.0
S092,32,Q341,NORMALIZATION,0.653,0,5.083,21.847,44.353,0.0
S092,33,Q128,SELECT,0.294,0,0.423,44.776,44.776,0.0
S092,34,Q403,UNION,0.464,1,1.637,46.413,46.413,0.06
S092,35,Q071,SUBQUERIES,0.651,1,0.857,44.782,47.27,0.06
S092,36,Q464,INNER JOIN,0.454,1,2.527,49.797,49.797,0.06
S092,37,Q029,WHERE,0.299,1,1.995,40.25,51.792,0.06
S092,38,Q355,NORMALIZATION,0.531,0,0.217,7.656,52.008,0.0
S092,39,Q255,RIGHT JOIN,0.673,0,1.313,14.759,53.321,0.0
S092,40,Q333,HAVING,0.504,0,0.443,32.343,53.764,0.0
S092,41,Q188,SUBQUERIES,0.835,0,0.63,7.125,54.395,0.0
S092,42,Q075,UNION,0.426,0,0.42,8.402,54.814,0.0
S092,43,Q415,SELECT,0.337,0,3.226,13.265,58.041,0.0
S092,44,Q438,GROUP BY,0.565,0,1.665,59.705,59.705,0.0
S092,45,Q266,FOREIGN KEY,0.324,1,0.102,30.747,59.807,0.06
S092,46,Q180,INDEXING,0.498,1,1.243,30.641,61.05,0.06
S092,47,Q356,HAVING,0.455,0,2.544,9.83,63.594,0.0
S092,48,Q016,INNER JOIN,0.401,0,0.156,13.954,63.75,0.0
S092,49,Q182,NORMALIZATION,0.512,1,1.093,12.836,64.844,0.06
S092,50,Q300,VIEWS,0.627,0,1.33,28.964,66.174,0.0
S092,51,Q467,TRIGGERS,0.624,0,0.733,41.801,66.907,0.0
S092,52,Q218,ORDER BY,0.226,1,2.271,48.999,69.178,0.06
S092,53,Q056,GROUP BY,0.622,0,0.527,10.0,69.705,0.0
S092,54,Q401,UNION,0.473,0,1.415,16.306,71.12,0.0
S092,55,Q451,VIEWS,0.573,0,0.659,5.605,71.779,0.0
S092,56,Q172,RIGHT JOIN,0.657,1,2.152,20.61,73.931,0.06
S092,57,Q354,JOINS,0.56,1,4.556,78.487,78.487,0.06
S092,58,Q367,HAVING,0.509,0,0.976,15.869,79.463,0.0
S092,59,Q118,GROUP BY,0.421,0,0.341,10.099,79.804,0.0
S092,60,Q500,GROUP BY,0.633,0,2.176,2.176,81.979,0.0
S092,61,Q314,NORMALIZATION,0.631,0,0.022,17.158,82.002,0.0
S092,62,Q372,INDEXING,0.498,0,0.096,21.048,82.098,0.0
S092,63,Q158,VIEWS,0.411,0,2.758,13.077,84.855,0.0
S092,64,Q308,NORMALIZATION,0.626,1,0.852,3.706,85.708,0.06
S092,65,Q214,INDEXING,0.488,1,1.077,4.687,86.785,0.06
S092,66,Q133,FOREIGN KEY,0.479,1,3.329,30.307,90.114,0.06
S092,67,Q106,TRIGGERS,0.768,0,1.345,24.553,91.46,0.0
S092,68,Q482,WHERE,0.334,0,0.554,40.222,92.014,0.0
S092,69,Q318,SUBQUERIES,0.809,0,0.451,38.07,92.465,0.0
S092,70,Q155,TRIGGERS,0.651,1,5.01,6.015,97.475,0.06
S092,71,Q313,WHERE,0.359,0,3.133,8.594,100.608,0.0
S092,72,Q077,HAVING,0.485,1,0.742,21.887,101.35,0.06
S092,73,Q335,JOINS,0.436,0,0.324,23.187,101.674,0.0
S092,74,Q455,FOREIGN KEY,0.309,0,0.165,11.724,101.838,0.0
S092,75,Q140,STORED PROCEDURES,0.717,0,0.218,67.583,102.056,0.0
S092,76,Q324,WHERE,0.282,1,0.335,1.783,102.391,0.06
S092,77,Q320,SUBQUERIES,0.828,0,1.153,11.079,103.544,0.0
S092,78,Q416,NORMALIZATION,0.673,1,4.952,22.788,108.496,0.06
S092,79,Q161,SELECT,0.357,0,0.848,51.303,109.343,0.0
S092,80,Q473,RIGHT JOIN,0.495,1,2.445,37.858,111.789,0.06
S092,81,Q069,LEFT JOIN,0.56,0,0.11,85.561,111.898,0.0
S092,82,Q001,INNER JOIN,0.589,0,4.944,53.091,116.842,0.0
S092,83,Q343,VIEWS,0.483,0,1.588,33.575,118.43,0.0
S092,84,Q343,VIEWS,0.483,0,0.088,0.088,118.517,0.0
S092,85,Q136,VIEWS,0.566,0,4.543,4.543,123.061,0.0
S092,86,Q416,NORMALIZATION,0.673,0,0.085,14.65,123.146,0.0
S092,87,Q386,SELECT,0.334,0,5.686,19.488,128.832,0.0
S092,88,Q177,INDEXING,0.605,1,3.906,45.952,132.737,0.06
S092,89,Q486,INNER JOIN,0.576,0,2.018,17.913,134.755,0.0
S092,90,Q083,JOINS,0.473,0,2.904,35.986,137.66,0.0
S092,91,Q395,LEFT JOIN,0.643,0,0.032,25.794,137.692,0.0
S092,92,Q418,WHERE,0.336,0,0.806,36.106,138.498,0.0
S092,93,Q380,JOINS,0.601,1,0.084,0.922,138.582,0.06
S092,94,Q193,INDEXING,0.643,0,0.212,6.057,138.794,0.0
S092,95,Q280,JOINS,0.685,0,2.271,2.483,141.065,0.0
S092,96,Q221,PRIMARY KEY,0.424,0,1.557,103.352,142.622,0.0
S092,97,Q272,LEFT JOIN,0.451,1,1.069,5.999,143.691,0.06
S092,98,Q443,AGGREGATE FUNCTIONS,0.346,0,1.315,145.006,145.006,0.0
S092,99,Q491,LEFT JOIN,0.408,0,2.874,4.189,147.88,0.0
S092,100,Q383,PRIMARY KEY,0.392,0,0.567,5.825,148.447,0.0
S093,1,Q463,AGGREGATE FUNCTIONS,0.577,0,0.008,0.008,0.008,0.2575
S093,2,Q432,NORMALIZATION,0.754,1,0.22,0.228,0.228,0.4287
S093,3,Q325,AGGREGATE FUNCTIONS,0.474,0,3.919,4.139,4.147,0.1705
S093,4,Q084,GROUP BY,0.374,0,0.723,4.87,4.87,0.2558
S093,5,Q155,TRIGGERS,0.651,0,0.2,5.07,5.07,0.3622
S093,6,Q067,TRANSACTIONS,0.606,1,1.549,6.619,6.619,0.453
S093,7,Q374,RIGHT JOIN,0.474,0,0.666,7.285,7.285,0.083
S093,8,Q237,SUBQUERIES,0.801,0,0.427,7.712,7.712,0.1926
S093,9,Q108,SELECT,0.311,1,0.404,8.116,8.116,0.4353
S093,10,Q113,ORDER BY,0.443,1,2.205,10.321,10.321,0.2536
S093,11,Q065,INNER JOIN,0.622,1,0.734,11.055,11.055,0.1214
S093,12,Q236,NORMALIZATION,0.543,0,0.583,11.411,11.639,0.2326
S093,13,Q235,AGGREGATE FUNCTIONS,0.512,0,1.558,9.05,13.197,0.0097
S093,14,Q093,ORDER BY,0.402,1,0.367,3.244,13.564,0.2649
S093,15,Q219,VIEWS,0.56,1,0.409,13.973,13.973,0.3046
S093,16,Q466,AGGREGATE FUNCTIONS,0.31,1,1.947,2.723,15.92,0.06
S093,17,Q207,WHERE,0.265,0,0.438,16.359,16.359,0.2161
S093,18,Q071,SUBQUERIES,0.651,0,1.347,9.994,17.705,0.0177
S093,19,Q466,AGGREGATE FUNCTIONS,0.31,0,0.765,2.55,18.47,0.0
S093,20,Q215,VIEWS,0.633,0,1.448,5.944,19.918,0.1904
S093,21,Q095,TRANSACTIONS,0.782,0,2.155,15.454,22.072,0.1962
S093,22,Q189,GROUP BY,0.364,1,0.386,17.589,22.459,0.06
S093,23,Q067,TRANSACTIONS,0.606,1,0.664,1.05,23.122,0.2405
S093,24,Q205,VIEWS,0.597,0,3.87,7.075,26.992,0.0593
S093,25,Q287,VIEWS,0.513,0,3.898,3.898,30.891,0.0
S093,26,Q115,STORED PROCEDURES,0.696,0,0.647,31.538,31.538,0.0
S093,27,Q374,RIGHT JOIN,0.474,0,6.247,30.5,37.785,0.0
S093,28,Q438,GROUP BY,0.565,1,0.783,16.109,38.567,0.06
S093,29,Q222,VIEWS,0.416,0,0.595,8.272,39.163,0.0
S093,30,Q118,GROUP BY,0.421,0,2.037,2.633,41.2,0.0
S093,31,Q150,PRIMARY KEY,0.22,1,0.975,42.176,42.176,0.06
S093,32,Q189,GROUP BY,0.364,0,1.972,2.947,44.148,0.0
S093,33,Q093,ORDER BY,0.402,1,1.839,32.422,45.986,0.06
S093,34,Q314,NORMALIZATION,0.631,0,0.983,35.33,46.969,0.0
S093,35,Q378,AGGREGATE FUNCTIONS,0.56,1,3.385,31.884,50.354,0.06
S093,36,Q130,INDEXING,0.534,0,0.522,50.876,50.876,0.0
S093,37,Q485,GROUP BY,0.405,1,1.41,8.139,52.287,0.06
S093,38,Q221,PRIMARY KEY,0.424,1,0.087,10.198,52.373,0.06
S093,39,Q371,JOINS,0.51,0,2.085,54.458,54.458,0.0
S093,40,Q204,TRIGGERS,0.735,0,0.244,49.632,54.702,0.0
S093,41,Q033,LEFT JOIN,0.653,0,2.591,57.293,57.293,0.0
S093,42,Q453,FOREIGN KEY,0.484,1,4.083,61.376,61.376,0.06
S093,43,Q211,GROUP BY,0.403,0,0.586,9.675,61.962,0.0
S093,44,Q314,NORMALIZATION,0.631,1,0.117,15.11,62.079,0.06
S093,45,Q120,LEFT JOIN,0.655,0,0.614,5.4,62.693,0.0
S093,46,Q282,WHERE,0.221,1,1.526,47.86,64.219,0.06
S093,47,Q446,NORMALIZATION,0.718,0,1.632,3.772,65.851,0.0
S093,48,Q034,PRIMARY KEY,0.268,0,1.625,15.103,67.476,0.0
S093,49,Q225,FOREIGN KEY,0.419,0,1.696,7.796,69.172,0.0
S093,50,Q057,INNER JOIN,0.473,0,2.174,60.29,71.346,0.0
S093,51,Q227,NORMALIZATION,0.525,1,2.825,8.319,74.17,0.06
S093,52,Q197,SELECT,0.265,0,1.154,67.208,75.324,0.0
S093,53,Q380,JOINS,0.601,0,3.254,24.12,78.578,0.0
S093,54,Q280,JOINS,0.685,1,2.169,2.169,80.746,0.06
S093,55,Q032,FOREIGN KEY,0.299,1,0.058,11.633,80.805,0.06
S093,56,Q431,JOINS,0.561,0,3.985,4.043,84.789,0.0
S093,57,Q189,GROUP BY,0.364,0,1.783,24.61,86.572,0.0
S093,58,Q136,VIEWS,0.566,0,0.437,47.846,87.009,0.0
S093,59,Q339,RIGHT JOIN,0.478,0,5.208,54.433,92.217,0.0
S093,60,Q174,SELECT,0.261,0,3.998,20.892,96.216,0.0
S093,61,Q437,TRIGGERS,0.758,0,0.381,41.894,96.596,0.0
S093,62,Q023,NORMALIZATION,0.552,0,0.694,23.12,97.29,0.0
S093,63,Q202,PRIMARY KEY,0.254,1,0.625,30.439,97.915,0.06
S093,64,Q452,RIGHT JOIN,0.577,1,1.115,6.812,99.03,0.06
S093,65,Q047,LEFT JOIN,0.482,0,1.16,37.497,100.19,0.0
S093,66,Q212,RIGHT JOIN,0.621,1,0.236,1.397,100.427,0.099
S093,67,Q212,RIGHT JOIN,0.621,0,0.628,0.628,101.055,0.0646
S093,68,Q029,WHERE,0.299,1,0.097,36.933,101.152,0.06
S093,69,Q155,TRIGGERS,0.651,1,4.587,9.142,105.738,0.06
S093,70,Q256,ORDER BY,0.346,0,2.61,62.362,108.348,0.0
S093,71,Q416,NORMALIZATION,0.673,0,0.964,12.023,109.312,0.0
S093,72,Q029,WHERE,0.299,1,0.097,8.258,109.41,0.06
S093,73,Q085,VIEWS,0.618,0,1.296,23.697,110.706,0.0
S093,74,Q233,INNER JOIN,0.649,0,0.27,39.631,110.976,0.0
S093,75,Q286,STORED PROCEDURES,0.846,0,1.716,81.155,112.693,0.0
S093,76,Q389,HAVING,0.552,0,0.419,113.111,113.111,0.0
S093,77,Q137,ORDER BY,0.445,0,0.128,4.891,113.239,0.0
S093,78,Q207,WHERE,0.265,0,1.015,4.845,114.255,0.0
S093,79,Q413,LEFT JOIN,0.513,0,1.855,15.919,116.11,0.0
S093,80,Q331,STORED PROCEDURES,0.731,0,0.054,3.471,116.164,0.0
S093,81,Q388,FOREIGN KEY,0.322,1,0.473,35.832,116.636,0.06
S093,82,Q018,FOREIGN KEY,0.452,0,0.424,0.424,117.06,0.0286
S093,83,Q153,LEFT JOIN,0.611,1,0.518,1.468,117.578,0.06
S093,84,Q146,RIGHT JOIN,0.661,0,0.317,16.84,117.895,0.0
S093,85,Q240,LEFT JOIN,0.422,1,1.679,1.996,119.574,0.0901
S093,86,Q007,WHERE,0.38,1,0.541,5.86,120.115,0.06
S093,87,Q027,GROUP BY,0.405,1,0.5,34.042,120.614,0.06
S093,88,Q093,ORDER BY,0.402,0,2.397,9.772,123.012,0.0
S093,89,Q215,VIEWS,0.633,0,0.372,12.677,123.383,0.0
S093,90,Q125,JOINS,0.518,1,0.673,39.267,124.056,0.06
S093,91,Q158,VIEWS,0.411,0,0.083,0.756,124.139,0.0
S093,92,Q274,STORED PROCEDURES,0.63,0,0.411,8.387,124.55,0.0
S093,93,Q062,JOINS,0.537,1,1.373,1.867,125.924,0.092
S093,94,Q316,JOINS,0.535,1,0.946,0.946,126.87,0.1378
S093,95,Q143,WHERE,0.264,0,0.35,7.105,127.22,0.0
S093,96,Q126,LEFT JOIN,0.589,0,0.148,7.794,127.368,0.0
S093,97,Q383,PRIMARY KEY,0.392,0,4.013,33.467,131.382,0.0
S093,98,Q440,SUBQUERIES,0.653,0,1.972,115.649,133.354,0.0
S093,99,Q246,VIEWS,0.684,1,1.498,10.713,134.852,0.06
S093,100,Q227,NORMALIZATION,0.525,1,1.164,26.704,136.017,0.06
S094,1,Q424,SELECT,0.283,0,0.678,0.678,0.678,0.1731
S094,2,Q226,TRANSACTIONS,0.672,1,1.922,2.6,2.6,0.4499
S094,3,Q107,ORDER BY,0.414,0,0.747,3.347,3.347,0.3503
S094,4,Q160,AGGREGATE FUNCTIONS,0.338,0,1.325,4.672,4.672,0.2739
S094,5,Q313,WHERE,0.359,1,0.175,4.847,4.847,0.4392
S094,6,Q422,TRIGGERS,0.65,0,0.591,5.438,5.438,0.2137
S094,7,Q238,VIEWS,0.43,1,0.271,5.709,5.709,0.4455
S094,8,Q299,GROUP BY,0.419,1,2.107,7.816,7.816,0.2114
S094,9,Q186,GROUP BY,0.402,0,0.531,0.531,8.347,0.1784
S094,10,Q475,SELECT,0.227,0,2.12,9.788,10.467,0.0013
S094,11,Q083,JOINS,0.473,0,2.223,12.69,12.69,0.0291
S094,12,Q307,VIEWS,0.44,0,0.841,7.822,13.531,0.3032
S094,13,Q320,SUBQUERIES,0.828,0,0.119,13.65,13.65,0.186
S094,14,Q070,HAVING,0.608,0,2.767,16.417,16.417,0.2156
S094,15,Q105,RIGHT JOIN,0.534,0,1.161,17.578,17.578,0.0407
S094,16,Q431,JOINS,0.561,0,0.621,5.51,18.199,0.0
S094,17,Q411,SUBQUERIES,0.668,1,1.543,6.092,19.742,0.1546
S094,18,Q115,STORED PROCEDURES,0.696,0,0.878,20.621,20.621,0.1194
S094,19,Q350,TRIGGERS,0.764,0,0.239,15.421,20.859,0.0
S094,20,Q415,SELECT,0.337,1,1.503,11.895,22.362,0.06
S094,21,Q410,GROUP BY,0.445,0,1.951,15.966,24.313,0.0
S094,22,Q377,JOINS,0.519,1,0.041,6.155,24.354,0.06
S094,23,Q365,LEFT JOIN,0.529,1,2.962,27.316,27.316,0.06
S094,24,Q223,RIGHT JOIN,0.704,1,0.153,9.891,27.469,0.06
S094,25,Q212,RIGHT JOIN,0.621,0,0.771,0.771,28.24,0.0234
S094,26,Q247,PRIMARY KEY,0.388,0,0.445,28.685,28.685,0.0
S094,27,Q072,NORMALIZATION,0.55,0,0.147,28.832,28.832,0.0
S094,28,Q246,VIEWS,0.684,1,0.715,16.016,29.547,0.1229
S094,29,Q421,JOINS,0.5,1,0.892,6.086,30.44,0.06
S094,30,Q411,SUBQUERIES,0.668,0,0.155,10.852,30.595,0.0
S094,31,Q078,VIEWS,0.48,0,4.076,5.123,34.67,0.0211
S094,32,Q320,SUBQUERIES,0.828,0,2.531,6.607,37.201,0.0
S094,33,Q160,AGGREGATE FUNCTIONS,0.338,1,1.81,34.34,39.012,0.06
S094,34,Q297,RIGHT JOIN,0.489,0,3.86,14.631,42.871,0.0
S094,35,Q101,INDEXING,0.695,1,4.768,47.639,47.639,0.06
S094,36,Q027,GROUP BY,0.405,1,0.186,23.511,47.825,0.06
S094,37,Q285,SELECT,0.344,0,4.379,29.842,52.204,0.0
S094,38,Q190,SUBQUERIES,0.738,0,0.675,15.678,52.879,0.0
S094,39,Q490,STORED PROCEDURES,0.81,0,1.472,33.731,54.351,0.0
S094,40,Q441,JOINS,0.52,0,1.875,25.787,56.226,0.0
S094,41,Q337,FOREIGN KEY,0.341,0,0.973,57.199,57.199,0.0
S094,42,Q247,PRIMARY KEY,0.388,0,0.747,29.261,57.946,0.0
S094,43,Q406,HAVING,0.46,1,0.22,41.749,58.166,0.06
S094,44,Q128,SELECT,0.294,0,0.525,6.486,58.69,0.0
S094,45,Q114,STORED PROCEDURES,0.598,0,0.643,4.982,59.333,0.0
S094,46,Q244,LEFT JOIN,0.512,1,3.429,35.447,62.763,0.06
S094,47,Q001,INNER JOIN,0.589,0,0.606,63.368,63.368,0.0
S094,48,Q104,UNION,0.517,1,1.029,64.398,64.398,0.06
S094,49,Q338,FOREIGN KEY,0.333,0,0.28,7.479,64.678,0.0
S094,50,Q341,NORMALIZATION,0.653,0,0.421,36.266,65.099,0.0
S094,51,Q371,JOINS,0.51,0,0.971,9.843,66.069,0.0
S094,52,Q360,PRIMARY KEY,0.348,1,0.917,9.04,66.986,0.06
S094,53,Q238,VIEWS,0.43,0,2.8,35.115,69.785,0.0
S094,54,Q482,WHERE,0.334,1,1.361,66.3,71.147,0.06
S094,55,Q160,AGGREGATE FUNCTIONS,0.338,0,3.19,35.325,74.337,0.0
S094,56,Q256,ORDER BY,0.346,1,2.542,73.531,76.879,0.06
S094,57,Q450,LEFT JOIN,0.595,0,1.656,15.772,78.534,0.0
S094,58,Q321,SUBQUERIES,0.781,1,1.047,26.702,79.581,0.06
S094,59,Q045,WHERE,0.224,0,1.67,10.104,81.251,0.0
S094,60,Q414,TRIGGERS,0.737,0,0.623,61.014,81.874,0.0
S094,61,Q256,ORDER BY,0.346,0,1.536,6.531,83.41,0.0
S094,62,Q260,PRIMARY KEY,0.442,0,1.661,18.085,85.07,0.0
S094,63,Q059,PRIMARY KEY,0.219,0,1.807,1.807,86.878,0.0
S094,64,Q434,LEFT JOIN,0.445,0,3.633,11.976,90.51,0.0
S094,65,Q017,INNER JOIN,0.354,0,0.596,27.738,91.106,0.0
S094,66,Q326,AGGREGATE FUNCTIONS,0.323,0,0.042,16.812,91.148,0.0
S094,67,Q198,TRIGGERS,0.796,0,0.625,9.899,91.773,0.0
S094,68,Q434,LEFT JOIN,0.445,0,0.246,1.509,92.019,0.0
S094,69,Q456,FOREIGN KEY,0.297,0,0.527,27.868,92.546,0.0
S094,70,Q183,FOREIGN KEY,0.495,0,2.341,2.341,94.887,0.0
S094,71,Q064,AGGREGATE FUNCTIONS,0.397,0,3.854,7.594,98.742,0.0
S094,72,Q096,LEFT JOIN,0.516,0,0.391,7.114,99.133,0.0
S094,73,Q207,WHERE,0.265,1,1.803,19.685,100.935,0.06
S094,74,Q462,TRANSACTIONS,0.661,0,0.737,99.072,101.672,0.0
S094,75,Q083,JOINS,0.473,0,0.391,35.994,102.063,0.0
S094,76,Q237,SUBQUERIES,0.801,0,2.671,25.153,104.734,0.0
S094,77,Q271,UNION,0.382,0,0.063,40.399,104.797,0.0
S094,78,Q107,ORDER BY,0.414,0,0.093,21.48,104.89,0.0
S094,79,Q272,LEFT JOIN,0.451,1,1.526,7.282,106.415,0.06
S094,80,Q375,TRIGGERS,0.555,0,0.033,14.675,106.448,0.0
S094,81,Q235,AGGREGATE FUNCTIONS,0.512,0,3.007,10.714,109.455,0.0
S094,82,Q321,SUBQUERIES,0.781,0,3.092,7.814,112.547,0.0
S094,83,Q232,PRIMARY KEY,0.433,0,3.074,28.744,115.622,0.0
S094,84,Q357,INNER JOIN,0.447,0,1.043,25.558,116.665,0.0
S094,85,Q030,GROUP BY,0.529,0,0.207,69.047,116.872,0.0
S094,86,Q363,NORMALIZATION,0.675,1,0.43,52.204,117.302,0.06
S094,87,Q167,PRIMARY KEY,0.442,0,1.197,2.877,118.499,0.0
S094,88,Q488,FOREIGN KEY,0.382,0,2.16,25.772,120.659,0.0
S094,89,Q122,INDEXING,0.478,1,1.009,74.029,121.668,0.06
S094,90,Q259,JOINS,0.641,1,0.158,19.763,121.826,0.06
S094,91,Q382,LEFT JOIN,0.543,0,1.536,16.947,123.362,0.0
S094,92,Q052,RIGHT JOIN,0.663,0,3.475,83.966,126.837,0.0
S094,93,Q101,INDEXING,0.695,0,0.886,6.055,127.723,0.0
S094,94,Q489,SELECT,0.156,0,1.958,70.991,129.681,0.0
S094,95,Q239,INNER JOIN,0.478,0,1.888,14.904,131.569,0.0
S094,96,Q144,SUBQUERIES,0.813,0,3.762,22.783,135.331,0.0
S094,97,Q054,TRIGGERS,0.559,0,0.713,29.595,136.043,0.0
S094,98,Q136,VIEWS,0.566,1,2.005,68.264,138.049,0.06
S094,99,Q064,AGGREGATE FUNCTIONS,0.397,0,1.681,30.274,139.73,0.0
S094,100,Q012,INDEXING,0.52,0,0.53,12.536,140.26,0.0
S095,1,Q415,SELECT,0.337,0,0.157,0.157,0.157,0.4196
S095,2,Q348,FOREIGN KEY,0.366,0,1.25,1.406,1.406,0.1824
S095,3,Q329,LEFT JOIN,0.609,1,0.735,2.141,2.141,0.2377
S095,4,Q105,RIGHT JOIN,0.534,0,2.142,4.283,4.283,0.3016
S095,5,Q212,RIGHT JOIN,0.621,0,2.429,2.429,6.713,0.2401
S095,6,Q096,LEFT JOIN,0.516,0,0.149,4.721,6.862,0.1419
S095,7,Q363,NORMALIZATION,0.675,1,1.007,7.869,7.869,0.39
S095,8,Q409,FOREIGN KEY,0.381,0,0.039,6.501,7.907,0.0599
S095,9,Q431,JOINS,0.561,0,0.369,8.277,8.277,0.1396
S095,10,Q131,ORDER BY,0.392,1,1.635,9.912,9.912,0.2747
S095,11,Q364,WHERE,0.339,1,1.523,11.435,11.435,0.3551
S095,12,Q087,JOINS,0.52,0,0.667,3.826,12.102,0.0572
S095,13,Q149,ORDER BY,0.264,0,2.286,4.477,14.388,0.1825
S095,14,Q084,GROUP BY,0.374,0,3.247,17.635,17.635,0.0
S095,15,Q109,AGGREGATE FUNCTIONS,0.581,0,2.618,20.253,20.253,0.0
S095,16,Q273,GROUP BY,0.489,0,0.483,3.101,20.736,0.0
S095,17,Q075,UNION,0.426,1,0.162,20.898,20.898,0.2104
S095,18,Q249,TRIGGERS,0.783,0,3.293,24.191,24.191,0.0
S095,19,Q201,AGGREGATE FUNCTIONS,0.359,0,0.831,4.769,25.021,0.0
S095,20,Q020,WHERE,0.371,0,3.143,16.729,28.164,0.0792
S095,21,Q296,VIEWS,0.472,0,0.25,28.414,28.414,0.0
S095,22,Q033,LEFT JOIN,0.653,0,0.851,22.403,29.264,0.0
S095,23,Q447,AGGREGATE FUNCTIONS,0.58,0,3.323,7.566,32.588,0.0
S095,24,Q108,SELECT,0.311,0,0.838,33.269,33.426,0.0
S095,25,Q221,PRIMARY KEY,0.424,1,0.2,33.626,33.626,0.06
S095,26,Q271,UNION,0.382,0,0.012,12.74,33.638,0.0
S095,27,Q016,INNER JOIN,0.401,0,1.71,35.348,35.348,0.0
S095,28,Q083,JOINS,0.473,0,0.815,24.061,36.163,0.0
S095,29,Q495,TRIGGERS,0.746,0,1.259,13.232,37.423,0.0
S095,30,Q104,UNION,0.517,1,3.906,7.691,41.329,0.06
S095,31,Q152,PRIMARY KEY,0.249,0,7.332,15.035,48.661,0.0
S095,32,Q046,HAVING,0.619,0,2.331,50.992,50.992,0.0
S095,33,Q023,NORMALIZATION,0.552,1,0.057,43.181,51.049,0.06
S095,34,Q149,ORDER BY,0.264,0,0.133,36.794,51.182,0.0
S095,35,Q284,HAVING,0.408,0,0.122,0.311,51.304,0.0
S095,36,Q454,AGGREGATE FUNCTIONS,0.435,0,2.058,20.774,53.362,0.0
S095,37,Q044,RIGHT JOIN,0.637,0,0.203,46.852,53.565,0.0
S095,38,Q073,RIGHT JOIN,0.571,0,3.771,3.771,57.336,0.0
S095,39,Q090,JOINS,0.609,0,0.558,21.73,57.894,0.0
S095,40,Q383,PRIMARY KEY,0.392,0,1.129,10.362,59.023,0.0
S095,41,Q163,INNER JOIN,0.376,0,4.153,27.828,63.176,0.0
S095,42,Q371,JOINS,0.51,0,1.391,6.674,64.568,0.0
S095,43,Q031,INDEXING,0.548,0,0.228,64.795,64.795,0.0
S095,44,Q409,FOREIGN KEY,0.381,0,0.379,57.267,65.175,0.0
S095,45,Q457,SELECT,0.367,0,4.395,36.144,69.569,0.0
S095,46,Q022,UNION,0.499,0,0.311,28.551,69.88,0.0
S095,47,Q263,GROUP BY,0.516,0,0.905,50.049,70.785,0.0
S095,48,Q252,ORDER BY,0.263,1,1.25,20.853,72.035,0.06
S095,49,Q320,SUBQUERIES,0.828,0,0.941,72.976,72.976,0.0
S095,50,Q306,UNION,0.518,0,0.325,3.421,73.301,0.0
S095,51,Q095,TRANSACTIONS,0.782,0,5.334,78.634,78.634,0.0
S095,52,Q462,TRANSACTIONS,0.661,0,0.035,0.035,78.67,0.0
S095,53,Q454,AGGREGATE FUNCTIONS,0.435,0,0.021,25.329,78.691,0.0
S095,54,Q035,PRIMARY KEY,0.235,0,1.815,21.483,80.506,0.0
S095,55,Q357,INNER JOIN,0.447,1,0.899,18.229,81.405,0.06
S095,56,Q361,GROUP BY,0.457,0,1.589,12.209,82.994,0.0
S095,57,Q104,UNION,0.517,0,1.17,10.864,84.164,0.0
S095,58,Q324,WHERE,0.282,0,2.828,58.829,86.993,0.0
S095,59,Q280,JOINS,0.685,0,1.497,23.922,88.49,0.0
S095,60,Q382,LEFT JOIN,0.543,1,1.806,61.031,90.295,0.06
S095,61,Q452,RIGHT JOIN,0.577,1,0.896,33.855,91.191,0.06
S095,62,Q214,INDEXING,0.488,0,1.449,27.846,92.641,0.0
S095,63,Q053,SUBQUERIES,0.682,0,0.275,19.94,92.916,0.0
S095,64,Q331,STORED PROCEDURES,0.731,0,4.567,97.483,97.483,0.0
S095,65,Q291,JOINS,0.608,1,1.652,10.645,99.135,0.06
S095,66,Q449,HAVING,0.677,1,2.221,50.052,101.356,0.06
S095,67,Q051,FOREIGN KEY,0.373,1,1.171,37.352,102.527,0.06
S095,68,Q013,NORMALIZATION,0.686,1,0.302,51.779,102.828,0.06
S095,69,Q259,JOINS,0.641,0,1.115,4.808,103.943,0.0
S095,70,Q195,TRANSACTIONS,0.673,0,1.361,26.634,105.304,0.0
S095,71,Q329,LEFT JOIN,0.609,0,2.582,17.591,107.886,0.0
S095,72,Q052,RIGHT JOIN,0.663,0,0.554,17.249,108.44,0.0
S095,73,Q052,RIGHT JOIN,0.663,0,0.034,0.034,108.474,0.0
S095,74,Q216,HAVING,0.472,0,0.239,7.358,108.713,0.0
S095,75,Q197,SELECT,0.265,0,1.011,40.155,109.725,0.0
S095,76,Q106,TRIGGERS,0.768,0,0.271,72.573,109.996,0.0
S095,77,Q414,TRIGGERS,0.737,0,0.73,0.73,110.725,0.0
S095,78,Q043,RIGHT JOIN,0.724,1,3.108,5.359,113.834,0.06
S095,79,Q126,LEFT JOIN,0.589,0,0.562,6.509,114.395,0.0
S095,80,Q389,HAVING,0.552,0,1.454,7.136,115.85,0.0
S095,81,Q194,VIEWS,0.66,0,0.248,87.684,116.098,0.0
S095,82,Q083,JOINS,0.473,0,2.462,14.617,118.56,0.0
S095,83,Q222,VIEWS,0.416,0,2.844,5.306,121.404,0.0
S095,84,Q188,SUBQUERIES,0.835,0,1.92,30.408,123.324,0.0
S095,85,Q025,LEFT JOIN,0.627,0,1.33,10.258,124.654,0.0
S095,86,Q197,SELECT,0.265,0,2.5,17.428,127.153,0.0
S095,87,Q115,STORED PROCEDURES,0.696,0,3.967,33.638,131.12,0.0
S095,88,Q219,VIEWS,0.56,1,0.298,10.014,131.418,0.06
S095,89,Q237,SUBQUERIES,0.801,1,1.079,9.173,132.497,0.06
S095,90,Q287,VIEWS,0.513,0,2.265,3.344,134.762,0.0
S095,91,Q195,TRANSACTIONS,0.673,1,0.526,29.984,135.288,0.06
S095,92,Q424,SELECT,0.283,0,2.276,10.412,137.565,0.0
S095,93,Q096,LEFT JOIN,0.516,1,1.637,14.548,139.202,0.06
S095,94,Q330,ORDER BY,0.419,0,1.991,69.157,141.192,0.0
S095,95,Q045,WHERE,0.224,0,0.188,54.387,141.38,0.0
S095,96,Q199,UNION,0.466,0,0.115,57.331,141.495,0.0
S095,97,Q201,AGGREGATE FUNCTIONS,0.359,0,1.728,64.532,143.223,0.0
S095,98,Q078,VIEWS,0.48,0,0.353,8.814,143.576,0.0
S095,99,Q113,ORDER BY,0.443,0,1.548,3.932,145.124,0.0
S095,100,Q377,JOINS,0.519,0,1.021,27.586,146.145,0.0
S096,1,Q210,GROUP BY,0.475,0,0.411,0.411,0.411,0.2558
S096,2,Q254,TRANSACTIONS,0.536,1,0.104,0.514,0.514,0.3453
S096,3,Q229,TRANSACTIONS,0.702,0,0.12,0.12,0.634,0.3185
S096,4,Q312,WHERE,0.288,1,0.225,0.859,0.859,0.3861
S096,5,Q141,ORDER BY,0.343,1,1.329,2.187,2.187,0.2408
S096,6,Q470,AGGREGATE FUNCTIONS,0.49,0,2.615,4.803,4.803,0.2116
S096,7,Q014,UNION,0.504,1,1.383,6.186,6.186,0.3841
S096,8,Q485,GROUP BY,0.405,0,0.539,6.315,6.725,0.1361
S096,9,Q089,RIGHT JOIN,0.546,0,1.447,8.173,8.173,0.2295
S096,10,Q498,FOREIGN KEY,0.401,1,0.268,8.44,8.44,0.1945
S096,11,Q145,VIEWS,0.655,0,1.367,9.808,9.808,0.2927
S096,12,Q123,TRIGGERS,0.741,1,0.539,10.347,10.347,0.1621
S096,13,Q488,FOREIGN KEY,0.382,0,0.834,2.741,11.181,0.1284
S096,14,Q094,TRANSACTIONS,0.694,0,3.219,13.766,14.4,0.087
S096,15,Q297,RIGHT JOIN,0.489,0,2.259,8.486,16.659,0.0772
S096,16,Q112,INDEXING,0.48,0,1.703,18.362,18.362,0.0308
S096,17,Q247,PRIMARY KEY,0.388,0,0.425,18.787,18.787,0.0
S096,18,Q001,INNER JOIN,0.589,0,1.359,20.146,20.146,0.0368
S096,19,Q238,VIEWS,0.43,1,0.749,11.086,20.894,0.1864
S096,20,Q284,HAVING,0.408,0,0.282,21.176,21.176,0.1367
S096,21,Q305,UNION,0.595,0,1.265,16.255,22.441,0.1153
S096,22,Q153,LEFT JOIN,0.611,0,1.093,23.535,23.535,0.0
S096,23,Q337,FOREIGN KEY,0.341,1,0.177,12.53,23.711,0.06
S096,24,Q438,GROUP BY,0.565,0,1.227,18.214,24.939,0.0
S096,25,Q435,NORMALIZATION,0.623,0,0.475,25.414,25.414,0.0
S096,26,Q244,LEFT JOIN,0.512,0,0.35,2.229,25.764,0.0
S096,27,Q187,HAVING,0.52,0,0.302,4.889,26.066,0.0383
S096,28,Q497,ORDER BY,0.261,0,0.761,24.639,26.826,0.0
S096,29,Q450,LEFT JOIN,0.595,0,1.252,2.314,28.078,0.0
S096,30,Q245,SELECT,0.37,0,5.807,33.885,33.885,0.0
S096,31,Q068,ORDER BY,0.202,0,2.523,9.581,36.407,0.0
S096,32,Q455,FOREIGN KEY,0.309,0,2.101,14.797,38.509,0.0
S096,33,Q338,FOREIGN KEY,0.333,1,0.217,0.217,38.725,0.06
S096,34,Q475,SELECT,0.227,0,2.749,7.59,41.474,0.0
S096,35,Q462,TRANSACTIONS,0.661,0,0.891,27.965,42.365,0.0
S096,36,Q197,SELECT,0.265,0,0.0,0.891,42.365,0.0
S096,37,Q380,JOINS,0.601,0,0.986,43.351,43.351,0.0
S096,38,Q375,TRIGGERS,0.555,0,2.499,35.503,45.85,0.0
S096,39,Q306,UNION,0.518,0,0.047,23.456,45.897,0.0
S096,40,Q273,GROUP BY,0.489,0,5.28,26.239,51.178,0.0
S096,41,Q436,PRIMARY KEY,0.38,1,1.142,33.533,52.319,0.06
S096,42,Q239,INNER JOIN,0.478,1,0.361,32.535,52.681,0.06
S096,43,Q276,VIEWS,0.484,0,0.624,32.41,53.305,0.0
S096,44,Q049,HAVING,0.692,0,2.155,29.394,55.46,0.0
S096,45,Q373,AGGREGATE FUNCTIONS,0.326,1,2.601,53.258,58.061,0.06
S096,46,Q063,UNION,0.406,0,1.838,14.001,59.899,0.0
S096,47,Q325,AGGREGATE FUNCTIONS,0.474,0,1.111,2.949,61.009,0.0
S096,48,Q158,VIEWS,0.411,0,0.033,7.738,61.043,0.0
S096,49,Q142,STORED PROCEDURES,0.735,1,1.082,62.125,62.125,0.06
S096,50,Q025,LEFT JOIN,0.627,0,2.803,36.85,64.928,0.0
S096,51,Q053,SUBQUERIES,0.682,0,1.622,66.55,66.55,0.0
S096,52,Q408,HAVING,0.471,0,1.623,12.713,68.173,0.0
S096,53,Q413,LEFT JOIN,0.513,0,1.379,4.624,69.552,0.0
S096,54,Q331,STORED PROCEDURES,0.731,0,0.598,8.025,70.15,0.0
S096,55,Q345,ORDER BY,0.246,0,4.675,38.417,74.825,0.0
S096,56,Q346,NORMALIZATION,0.661,0,3.0,52.41,77.825,0.0
S096,57,Q467,TRIGGERS,0.624,0,1.166,33.14,78.99,0.0
S096,58,Q147,INDEXING,0.616,1,0.213,60.841,79.203,0.06
S096,59,Q087,JOINS,0.52,0,0.482,36.334,79.685,0.0
S096,60,Q309,HAVING,0.586,0,0.306,11.818,79.992,0.0
S096,61,Q438,GROUP BY,0.565,0,1.493,30.307,81.485,0.0
S096,62,Q200,SELECT,0.313,0,0.727,39.846,82.211,0.0
S096,63,Q281,HAVING,0.584,0,0.511,2.731,82.722,0.0
S096,64,Q407,ORDER BY,0.241,1,0.819,8.716,83.541,0.06
S096,65,Q021,NORMALIZATION,0.705,1,3.55,9.266,87.091,0.06
S096,66,Q351,NORMALIZATION,0.753,0,5.332,5.332,92.423,0.0
S096,67,Q456,FOREIGN KEY,0.297,0,4.016,57.713,96.439,0.0
S096,68,Q475,SELECT,0.227,0,2.883,17.111,99.322,0.0
S096,69,Q131,ORDER BY,0.392,0,0.633,16.414,99.955,0.0
S096,70,Q033,LEFT JOIN,0.653,0,1.007,31.41,100.962,0.0
S096,71,Q410,GROUP BY,0.445,0,0.134,19.611,101.096,0.0
S096,72,Q299,GROUP BY,0.419,0,0.511,0.511,101.606,0.0
S096,73,Q261,NORMALIZATION,0.767,1,1.679,10.863,103.286,0.06
S096,74,Q313,WHERE,0.359,0,2.105,104.532,105.391,0.0
S096,75,Q328,INDEXING,0.642,0,0.568,26.756,105.959,0.0
S096,76,Q161,SELECT,0.357,0,1.383,8.02,107.342,0.0
S096,77,Q071,SUBQUERIES,0.651,1,3.213,44.005,110.555,0.06
S096,78,Q321,SUBQUERIES,0.781,0,0.098,0.098,110.653,0.0335
S096,79,Q403,UNION,0.464,0,0.612,51.367,111.265,0.0
S096,80,Q416,NORMALIZATION,0.673,0,0.934,8.914,112.199,0.0
S096,81,Q222,VIEWS,0.416,0,0.865,52.022,113.064,0.0
S096,82,Q343,VIEWS,0.483,0,0.655,0.655,113.719,0.0
S096,83,Q190,SUBQUERIES,0.738,0,2.014,5.08,115.733,0.0
S096,84,Q054,TRIGGERS,0.559,0,2.441,39.184,118.174,0.0
S096,85,Q285,SELECT,0.344,0,2.659,13.492,120.833,0.0
S096,86,Q301,WHERE,0.29,0,0.731,16.174,121.565,0.0
S096,87,Q379,JOINS,0.693,0,0.439,42.319,122.004,0.0
S096,88,Q141,ORDER BY,0.343,1,5.134,27.184,127.138,0.06
S096,89,Q106,TRIGGERS,0.768,0,0.122,9.086,127.261,0.0
S096,90,Q455,FOREIGN KEY,0.309,1,0.413,31.235,127.674,0.06
S096,91,Q453,FOREIGN KEY,0.484,1,1.225,1.225,128.899,0.1016
S096,92,Q458,TRIGGERS,0.727,0,2.605,4.243,131.504,0.0
S096,93,Q459,NORMALIZATION,0.516,0,0.115,19.419,131.619,0.0
S096,94,Q187,HAVING,0.52,0,1.09,49.987,132.709,0.0
S096,95,Q302,LEFT JOIN,0.407,1,3.44,35.187,136.149,0.06
S096,96,Q257,VIEWS,0.425,0,0.093,22.523,136.242,0.0
S096,97,Q215,VIEWS,0.633,0,5.999,5.999,142.241,0.0
S096,98,Q210,GROUP BY,0.475,0,1.233,41.867,143.473,0.0
S096,99,Q162,UNION,0.64,1,1.039,33.247,144.513,0.06
S096,100,Q299,GROUP BY,0.419,1,4.178,5.217,148.69,0.06
S097,1,Q275,HAVING,0.692,1,0.573,0.573,0.573,0.4343
S097,2,Q053,SUBQUERIES,0.682,1,0.777,1.35,1.35,0.2774
S097,3,Q400,VIEWS,0.655,1,1.98,3.33,3.33,0.2549
S097,4,Q144,SUBQUERIES,0.813,0,0.783,2.763,4.113,0.2109
S097,5,Q409,FOREIGN KEY,0.381,0,2.187,6.3,6.3,0.1466
S097,6,Q422,TRIGGERS,0.65,0,3.56,9.86,9.86,0.1514
S097,7,Q334,SUBQUERIES,0.603,0,4.117,9.864,13.977,0.038
S097,8,Q269,AGGREGATE FUNCTIONS,0.384,1,1.463,15.44,15.44,0.1295
S097,9,Q145,VIEWS,0.655,0,0.459,12.569,15.899,0.0414
S097,10,Q390,GROUP BY,0.446,0,0.635,16.534,16.534,0.1547
S097,11,Q313,WHERE,0.359,0,0.945,17.479,17.479,0.105
S097,12,Q290,SELECT,0.153,0,1.347,18.825,18.825,0.1121
S097,13,Q042,SUBQUERIES,0.658,0,0.911,5.76,19.737,0.0
S097,14,Q445,STORED PROCEDURES,0.733,0,0.252,19.989,19.989,0.0
S097,15,Q263,GROUP BY,0.516,0,3.228,6.683,23.216,0.0295
S097,16,Q142,STORED PROCEDURES,0.735,0,0.04,3.267,23.256,0.0
S097,17,Q416,NORMALIZATION,0.673,0,1.3,24.556,24.556,0.0354
S097,18,Q185,INDEXING,0.692,0,0.123,24.679,24.679,0.0
S097,19,Q173,SELECT,0.193,0,5.381,11.235,30.061,0.0
S097,20,Q128,SELECT,0.294,0,2.261,2.261,32.322,0.0
S097,21,Q473,RIGHT JOIN,0.495,1,0.466,32.788,32.788,0.06
S097,22,Q331,STORED PROCEDURES,0.731,0,1.792,11.324,34.58,0.0
S097,23,Q200,SELECT,0.313,0,0.876,3.134,35.456,0.0
S097,24,Q432,NORMALIZATION,0.754,0,0.443,11.343,35.9,0.0
S097,25,Q103,WHERE,0.449,0,3.511,21.932,39.411,0.0
S097,26,Q343,VIEWS,0.483,0,1.019,24.531,40.43,0.0
S097,27,Q368,WHERE,0.261,1,0.127,1.146,40.557,0.06
S097,28,Q269,AGGREGATE FUNCTIONS,0.384,0,0.918,26.035,41.475,0.0
S097,29,Q176,PRIMARY KEY,0.27,0,2.274,43.749,43.749,0.0
S097,30,Q347,FOREIGN KEY,0.405,0,0.587,38.037,44.337,0.0
S097,31,Q099,STORED PROCEDURES,0.827,1,0.9,10.657,45.237,0.06
S097,32,Q486,INNER JOIN,0.576,1,2.083,47.32,47.32,0.06
S097,33,Q379,JOINS,0.693,0,0.337,47.657,47.657,0.0
S097,34,Q438,GROUP BY,0.565,0,1.389,25.83,49.046,0.0
S097,35,Q368,WHERE,0.261,0,0.862,9.352,49.909,0.0
S097,36,Q349,PRIMARY KEY,0.216,0,0.582,6.742,50.491,0.0
S097,37,Q375,TRIGGERS,0.555,0,1.049,41.68,51.54,0.0
S097,38,Q085,VIEWS,0.618,1,0.542,11.652,52.082,0.06
S097,39,Q361,GROUP BY,0.457,0,1.34,4.376,53.422,0.0
S097,40,Q293,JOINS,0.674,0,0.351,6.116,53.773,0.0
S097,41,Q166,LEFT JOIN,0.618,0,2.349,56.122,56.122,0.0
S097,42,Q064,AGGREGATE FUNCTIONS,0.397,0,2.719,17.367,58.842,0.0
S097,43,Q105,RIGHT JOIN,0.534,1,1.088,27.142,59.93,0.06
S097,44,Q474,LEFT JOIN,0.551,0,0.906,4.713,60.836,0.0
S097,45,Q137,ORDER BY,0.445,0,0.223,61.059,61.059,0.0
S097,46,Q136,VIEWS,0.566,0,0.538,9.514,61.597,0.0
S097,47,Q039,AGGREGATE FUNCTIONS,0.36,1,2.443,5.198,64.039,0.06
S097,48,Q353,PRIMARY KEY,0.417,0,1.667,15.216,65.707,0.0
S097,49,Q483,VIEWS,0.52,0,0.216,4.326,65.922,0.0
S097,50,Q494,NORMALIZATION,0.671,1,1.682,31.705,67.605,0.06
S097,51,Q325,AGGREGATE FUNCTIONS,0.474,0,1.029,4.594,68.633,0.0
S097,52,Q373,AGGREGATE FUNCTIONS,0.326,0,2.745,2.745,71.379,0.0
S097,53,Q153,LEFT JOIN,0.611,0,4.997,15.539,76.375,0.0
S097,54,Q243,HAVING,0.47,0,0.772,76.575,77.148,0.0
S097,55,Q353,PRIMARY KEY,0.417,1,0.827,12.268,77.975,0.06
S097,56,Q257,VIEWS,0.425,0,2.25,14.302,80.225,0.0
S097,57,Q477,TRIGGERS,0.655,0,0.405,29.089,80.63,0.0
S097,58,Q331,STORED PROCEDURES,0.731,0,0.735,36.127,81.364,0.0
S097,59,Q186,GROUP BY,0.402,0,1.329,29.271,82.693,0.0
S097,60,Q243,HAVING,0.47,0,0.279,5.825,82.972,0.0
S097,61,Q464,INNER JOIN,0.454,0,1.38,37.032,84.353,0.0
S097,62,Q490,STORED PROCEDURES,0.81,0,0.215,3.204,84.568,0.0
S097,63,Q333,HAVING,0.504,0,0.562,2.157,85.13,0.0
S097,64,Q334,SUBQUERIES,0.603,1,1.549,66.942,86.679,0.06
S097,65,Q122,INDEXING,0.478,0,0.02,62.02,86.699,0.0
S097,66,Q388,FOREIGN KEY,0.322,0,0.579,42.942,87.278,0.0
S097,67,Q267,SELECT,0.307,0,3.805,55.627,91.083,0.0
S097,68,Q480,STORED PROCEDURES,0.638,1,4.616,11.131,95.699,0.06
S097,69,Q368,WHERE,0.261,0,1.08,46.871,96.779,0.0
S097,70,Q144,SUBQUERIES,0.813,0,0.103,10.204,96.883,0.0
S097,71,Q138,TRANSACTIONS,0.588,0,3.152,100.034,100.034,0.0
S097,72,Q278,INDEXING,0.499,0,0.239,13.575,100.274,0.0
S097,73,Q437,TRIGGERS,0.758,0,1.933,21.577,102.207,0.0
S097,74,Q154,INDEXING,0.465,0,0.428,2.36,102.634,0.0
S097,75,Q389,HAVING,0.552,0,2.889,20.393,105.523,0.0
S097,76,Q317,NORMALIZATION,0.619,1,0.582,38.501,106.105,0.06
S097,77,Q418,WHERE,0.336,1,0.941,10.267,107.046,0.06
S097,78,Q279,FOREIGN KEY,0.269,0,0.34,20.107,107.386,0.0
S097,79,Q175,INDEXING,0.505,1,3.429,8.18,110.814,0.06
S097,80,Q014,UNION,0.504,0,2.674,113.488,113.488,0.0
S097,81,Q452,RIGHT JOIN,0.577,0,0.216,53.775,113.705,0.0
S097,82,Q193,INDEXING,0.643,0,0.356,3.246,114.061,0.0
S097,83,Q224,RIGHT JOIN,0.546,0,0.561,0.917,114.622,0.0
S097,84,Q066,SELECT,0.207,1,4.97,28.509,119.592,0.06
S097,85,Q102,TRANSACTIONS,0.659,0,0.62,20.178,120.212,0.0
S097,86,Q227,NORMALIZATION,0.525,0,7.305,21.411,127.517,0.0
S097,87,Q035,PRIMARY KEY,0.235,1,0.256,49.798,127.773,0.06
S097,88,Q429,WHERE,0.391,0,1.515,22.242,129.288,0.0
S097,89,Q304,ORDER BY,0.33,0,4.37,72.599,133.657,0.0
S097,90,Q298,TRIGGERS,0.632,1,0.069,31.52,133.726,0.06
S097,91,Q255,RIGHT JOIN,0.673,0,4.84,23.944,138.566,0.0
S097,92,Q144,SUBQUERIES,0.813,0,0.312,41.996,138.879,0.0
S097,93,Q245,SELECT,0.37,0,0.547,19.834,139.426,0.0
S097,94,Q408,HAVING,0.471,0,0.615,34.517,140.04,0.0
S097,95,Q239,INNER JOIN,0.478,0,0.489,56.176,140.529,0.0
S097,96,Q120,LEFT JOIN,0.655,0,1.171,65.325,141.7,0.0
S097,97,Q044,RIGHT JOIN,0.637,0,4.559,7.694,146.26,0.0
S097,98,Q432,NORMALIZATION,0.754,0,1.675,20.418,147.935,0.0
S097,99,Q302,LEFT JOIN,0.407,1,1.312,7.547,149.247,0.06
S097,100,Q180,INDEXING,0.498,0,0.237,35.423,149.484,0.0
S098,1,Q110,GROUP BY,0.62,1,0.212,0.212,0.212,0.3375
S098,2,Q406,HAVING,0.46,0,1.125,1.338,1.338,0.3435
S098,3,Q393,HAVING,0.419,1,0.593,0.593,1.931,0.3946
S098,4,Q366,TRIGGERS,0.664,0,1.334,3.265,3.265,0.1555
S098,5,Q262,AGGREGATE FUNCTIONS,0.576,1,2.158,5.423,5.423,0.3467
S098,6,Q399,JOINS,0.524,0,0.117,5.539,5.539,0.2365
S098,7,Q266,FOREIGN KEY,0.324,0,0.822,6.361,6.361,0.1312
S098,8,Q341,NORMALIZATION,0.653,0,1.603,7.964,7.964,0.3473
S098,9,Q288,VIEWS,0.651,1,2.862,10.826,10.826,0.1453
S098,10,Q109,AGGREGATE FUNCTIONS,0.581,1,1.752,7.155,12.577,0.2994
S098,11,Q226,TRANSACTIONS,0.672,1,0.11,12.688,12.688,0.3107
S098,12,Q324,WHERE,0.282,1,3.093,15.781,15.781,0.104
S098,13,Q132,VIEWS,0.698,1,1.21,6.165,16.991,0.1128
S098,14,Q194,VIEWS,0.66,1,0.028,0.028,17.019,0.1724
S098,15,Q181,FOREIGN KEY,0.273,1,2.076,12.734,19.095,0.06
S098,16,Q005,GROUP BY,0.393,0,1.122,20.004,20.217,0.0124
S098,17,Q098,AGGREGATE FUNCTIONS,0.402,0,0.219,7.858,20.435,0.1565
S098,18,Q025,LEFT JOIN,0.627,0,1.227,21.662,21.662,0.1348
S098,19,Q024,VIEWS,0.478,1,2.028,6.671,23.69,0.1324
S098,20,Q123,TRIGGERS,0.741,0,0.065,20.491,23.756,0.0
S098,21,Q224,RIGHT JOIN,0.546,1,1.707,25.463,25.463,0.0677
S098,22,Q306,UNION,0.518,0,2.277,27.74,27.74,0.0
S098,23,Q187,HAVING,0.52,1,0.34,26.149,28.08,0.0623
S098,24,Q149,ORDER BY,0.264,0,1.169,29.249,29.249,0.0
S098,25,Q232,PRIMARY KEY,0.433,0,0.563,29.812,29.812,0.0
S098,26,Q448,GROUP BY,0.626,0,1.623,11.219,31.435,0.0
S098,27,Q173,SELECT,0.193,0,0.697,32.133,32.133,0.0
S098,28,Q475,SELECT,0.227,0,1.575,1.575,33.708,0.0
S098,29,Q401,UNION,0.473,0,0.644,6.612,34.352,0.0
S098,30,Q186,GROUP BY,0.402,1,2.813,5.729,37.165,0.06
S098,31,Q458,TRIGGERS,0.727,1,0.538,13.947,37.703,0.06
S098,32,Q484,JOINS,0.63,1,1.099,33.262,38.802,0.06
S098,33,Q129,SELECT,0.199,0,0.57,5.664,39.372,0.0
S098,34,Q454,AGGREGATE FUNCTIONS,0.435,0,3.491,22.427,42.863,0.0
S098,35,Q265,NORMALIZATION,0.689,1,6.643,41.542,49.506,0.06
S098,36,Q056,GROUP BY,0.622,1,0.576,12.917,50.082,0.06
S098,37,Q069,LEFT JOIN,0.56,1,0.148,28.568,50.23,0.06
S098,38,Q161,SELECT,0.357,0,1.052,11.911,51.283,0.0
S098,39,Q065,INNER JOIN,0.622,0,0.358,51.641,51.641,0.0
S098,40,Q367,HAVING,0.509,0,0.148,23.709,51.789,0.0
S098,41,Q234,HAVING,0.621,1,1.79,1.79,53.579,0.06
S098,42,Q369,PRIMARY KEY,0.283,1,0.178,23.945,53.757,0.06
S098,43,Q095,TRANSACTIONS,0.782,0,0.25,41.319,54.007,0.0
S098,44,Q290,SELECT,0.153,0,5.739,8.463,59.746,0.0
S098,45,Q103,WHERE,0.449,0,3.825,47.791,63.572,0.0
S098,46,Q261,NORMALIZATION,0.767,0,0.802,14.868,64.374,0.0
S098,47,Q438,GROUP BY,0.565,1,0.516,14.808,64.89,0.06
S098,48,Q147,INDEXING,0.616,0,0.063,64.953,64.953,0.0
S098,49,Q336,RIGHT JOIN,0.557,0,0.099,39.589,65.052,0.0
S098,50,Q005,GROUP BY,0.393,1,1.304,1.466,66.356,0.098
S098,51,Q401,UNION,0.473,0,0.254,32.258,66.609,0.0
S098,52,Q170,TRIGGERS,0.682,0,3.186,32.093,69.796,0.0
S098,53,Q381,WHERE,0.339,1,0.198,6.422,69.993,0.06
S098,54,Q127,WHERE,0.288,0,0.796,0.796,70.789,0.0231
S098,55,Q378,AGGREGATE FUNCTIONS,0.56,0,0.303,28.23,71.093,0.0
S098,56,Q496,NORMALIZATION,0.716,1,0.23,6.949,71.323,0.06
S098,57,Q496,NORMALIZATION,0.716,1,1.38,1.38,72.703,0.0993
S098,58,Q293,JOINS,0.674,0,1.468,35.369,74.171,0.0
S098,59,Q161,SELECT,0.357,0,2.568,16.993,76.739,0.0
S098,60,Q003,INNER JOIN,0.484,1,1.931,27.029,78.67,0.06
S098,61,Q240,LEFT JOIN,0.422,0,0.075,28.515,78.745,0.0
S098,62,Q060,TRIGGERS,0.598,0,1.252,10.202,79.997,0.0
S098,63,Q059,PRIMARY KEY,0.219,0,0.795,27.035,80.792,0.0
S098,64,Q286,STORED PROCEDURES,0.846,0,0.516,81.308,81.308,0.0
S098,65,Q393,HAVING,0.419,1,0.217,27.945,81.525,0.06
S098,66,Q018,FOREIGN KEY,0.452,0,1.05,63.48,82.575,0.0
S098,67,Q399,JOINS,0.524,0,0.628,9.032,83.204,0.0
S098,68,Q286,STORED PROCEDURES,0.846,0,0.092,1.987,83.295,0.0
S098,69,Q251,TRIGGERS,0.583,0,3.22,6.518,86.515,0.0
S098,70,Q118,GROUP BY,0.421,1,1.551,21.711,88.066,0.06
S098,71,Q138,TRANSACTIONS,0.588,1,0.932,34.992,88.999,0.06
S098,72,Q286,STORED PROCEDURES,0.846,0,2.549,8.252,91.547,0.0
S098,73,Q087,JOINS,0.52,0,0.046,8.389,91.593,0.0
S098,74,Q293,JOINS,0.674,0,1.206,1.206,92.799,0.0
S098,75,Q230,GROUP BY,0.634,1,1.856,6.589,94.655,0.06
S098,76,Q318,SUBQUERIES,0.809,0,0.007,94.663,94.663,0.0
S098,77,Q040,LEFT JOIN,0.619,0,1.889,17.807,96.552,0.0
S098,78,Q393,HAVING,0.419,0,2.228,17.255,98.78,0.0
S098,79,Q318,SUBQUERIES,0.809,0,1.76,5.877,100.54,0.0
S098,80,Q279,FOREIGN KEY,0.269,1,1.437,19.402,101.977,0.06
S098,81,Q309,HAVING,0.586,1,0.251,3.449,102.228,0.06
S098,82,Q313,WHERE,0.359,0,1.461,32.899,103.689,0.0
S098,83,Q112,INDEXING,0.48,0,4.218,42.954,107.907,0.0
S098,84,Q188,SUBQUERIES,0.835,0,0.379,7.746,108.286,0.0
S098,85,Q424,SELECT,0.283,1,3.99,35.537,112.276,0.06
S098,86,Q009,SELECT,0.226,0,0.575,0.575,112.851,0.0264
S098,87,Q296,VIEWS,0.472,0,0.104,89.265,112.955,0.0
S098,88,Q326,AGGREGATE FUNCTIONS,0.323,1,0.326,42.189,113.282,0.06
S098,89,Q489,SELECT,0.156,1,1.067,1.497,114.348,0.0639
S098,90,Q021,NORMALIZATION,0.705,1,2.026,43.671,116.374,0.06
S098,91,Q068,ORDER BY,0.202,1,1.809,88.934,118.184,0.06
S098,92,Q169,VIEWS,0.52,0,0.545,5.774,118.729,0.0
S098,93,Q238,VIEWS,0.43,1,2.469,2.469,121.198,0.06
S098,94,Q137,ORDER BY,0.445,1,2.764,5.778,123.962,0.06
S098,95,Q446,NORMALIZATION,0.718,0,0.881,8.468,124.842,0.0
S098,96,Q355,NORMALIZATION,0.531,1,0.406,0.406,125.249,0.06
S098,97,Q030,GROUP BY,0.529,0,0.988,31.581,126.236,0.0
S098,98,Q404,SELECT,0.335,0,1.784,13.672,128.02,0.0
S098,99,Q432,NORMALIZATION,0.754,0,2.351,5.122,130.371,0.0
S098,100,Q176,PRIMARY KEY,0.27,1,0.904,50.482,131.274,0.06
S099,1,Q012,INDEXING,0.52,0,2.539,2.539,2.539,0.2305
S099,2,Q250,INNER JOIN,0.477,0,0.667,3.206,3.206,0.1696
S099,3,Q306,UNION,0.518,1,1.022,4.228,4.228,0.426
S099,4,Q336,RIGHT JOIN,0.557,0,0.115,4.342,4.342,0.3094
S099,5,Q305,UNION,0.595,0,0.575,0.69,4.918,0.3906
S099,6,Q024,VIEWS,0.478,1,0.565,5.483,5.483,0.3225
S099,7,Q321,SUBQUERIES,0.781,0,0.23,5.714,5.714,0.1365
S099,8,Q216,HAVING,0.472,0,3.649,9.362,9.362,0.0438
S099,9,Q011,SUBQUERIES,0.564,0,1.985,5.634,11.348,0.027
S099,10,Q208,INNER JOIN,0.385,0,4.318,12.459,15.665,0.0
S099,11,Q332,TRIGGERS,0.562,0,0.7,16.365,16.365,0.0457
S099,12,Q100,SUBQUERIES,0.627,0,0.29,5.308,16.655,0.0
S099,13,Q293,JOINS,0.674,0,0.447,17.102,17.102,0.0
S099,14,Q439,HAVING,0.648,0,1.078,8.818,18.181,0.0
S099,15,Q100,SUBQUERIES,0.627,0,1.082,2.607,19.262,0.0
S099,16,Q374,RIGHT JOIN,0.474,1,1.038,15.957,20.3,0.13
S099,17,Q018,FOREIGN KEY,0.452,0,0.093,20.392,20.392,0.0
S099,18,Q153,LEFT JOIN,0.611,1,0.549,20.941,20.941,0.06
S099,19,Q067,TRANSACTIONS,0.606,0,0.508,21.45,21.45,0.1252
S099,20,Q428,SELECT,0.158,0,0.855,22.305,22.305,0.0
S099,21,Q085,VIEWS,0.618,0,1.544,18.366,23.849,0.022
S099,22,Q237,SUBQUERIES,0.801,0,0.781,5.368,24.63,0.0
S099,23,Q155,TRIGGERS,0.651,1,1.722,9.986,26.352,0.06
S099,24,Q169,VIEWS,0.52,0,1.735,4.238,28.087,0.0
S099,25,Q440,SUBQUERIES,0.653,0,0.09,3.547,28.177,0.0
S099,26,Q328,INDEXING,0.642,0,1.515,27.152,29.692,0.0
S099,27,Q345,ORDER BY,0.246,0,0.347,30.039,30.039,0.0
S099,28,Q288,VIEWS,0.651,0,2.318,4.27,32.357,0.0
S099,29,Q009,SELECT,0.226,0,0.066,10.118,32.423,0.0
S099,30,Q497,ORDER BY,0.261,0,0.045,2.429,32.468,0.0
S099,31,Q015,ORDER BY,0.415,1,1.93,1.93,34.398,0.06
S099,32,Q445,STORED PROCEDURES,0.733,0,0.524,34.922,34.922,0.0
S099,33,Q014,UNION,0.504,1,0.199,30.203,35.121,0.06
S099,34,Q160,AGGREGATE FUNCTIONS,0.338,0,0.486,35.607,35.607,0.0
S099,35,Q144,SUBQUERIES,0.813,1,0.889,8.319,36.496,0.06
S099,36,Q153,LEFT JOIN,0.611,0,2.027,17.582,38.524,0.0
S099,37,Q429,WHERE,0.391,1,2.647,41.171,41.171,0.06
S099,38,Q195,TRANSACTIONS,0.673,0,1.189,20.911,42.36,0.0
S099,39,Q439,HAVING,0.648,0,1.673,25.852,44.033,0.0
S099,40,Q136,VIEWS,0.566,0,0.644,12.32,44.677,0.0
S099,41,Q143,WHERE,0.264,0,2.734,6.24,47.411,0.0
S099,42,Q426,JOINS,0.626,0,0.163,30.471,47.574,0.0
S099,43,Q330,ORDER BY,0.419,1,1.334,14.509,48.907,0.06
S099,44,Q320,SUBQUERIES,0.828,0,0.511,12.922,49.418,0.0
S099,45,Q177,INDEXING,0.605,0,1.337,21.064,50.756,0.0
S099,46,Q027,GROUP BY,0.405,0,0.021,50.777,50.777,0.0
S099,47,Q188,SUBQUERIES,0.835,0,0.61,1.968,51.386,0.0
S099,48,Q334,SUBQUERIES,0.603,0,0.267,0.267,51.653,0.0
S099,49,Q013,NORMALIZATION,0.686,0,3.859,55.512,55.512,0.0
S099,50,Q086,HAVING,0.59,0,0.882,12.361,56.394,0.0
S099,51,Q025,LEFT JOIN,0.627,0,2.129,19.999,58.523,0.0
S099,52,Q387,UNION,0.384,0,2.604,26.006,61.127,0.0
S099,53,Q183,FOREIGN KEY,0.495,0,3.108,43.843,64.235,0.0
S099,54,Q278,INDEXING,0.499,0,2.976,16.455,67.211,0.0
S099,55,Q014,UNION,0.504,0,0.334,6.417,67.544,0.0
S099,56,Q339,RIGHT JOIN,0.478,0,3.972,51.216,71.516,0.0
S099,57,Q407,ORDER BY,0.241,0,0.353,22.962,71.869,0.0
S099,58,Q316,JOINS,0.535,0,2.64,26.935,74.509,0.0
S099,59,Q247,PRIMARY KEY,0.388,0,0.812,75.321,75.321,0.0
S099,60,Q473,RIGHT JOIN,0.495,0,0.377,4.181,75.698,0.0
S099,61,Q017,INNER JOIN,0.354,0,1.028,61.06,76.726,0.0
S099,62,Q334,SUBQUERIES,0.603,0,0.002,25.075,76.728,0.0
S099,63,Q157,TRIGGERS,0.69,1,1.084,51.46,77.812,0.06
S099,64,Q181,FOREIGN KEY,0.273,0,2.636,16.212,80.448,0.0
S099,65,Q478,VIEWS,0.411,0,3.927,39.698,84.375,0.0
S099,66,Q221,PRIMARY KEY,0.424,0,1.288,10.342,85.663,0.0
S099,67,Q134,ORDER BY,0.387,0,1.719,15.513,87.382,0.0
S099,68,Q035,PRIMARY KEY,0.235,0,3.768,5.487,91.15,0.0
S099,69,Q093,ORDER BY,0.402,1,0.727,4.495,91.877,0.06
S099,70,Q484,JOINS,0.63,0,2.112,19.479,93.988,0.0
S099,71,Q018,FOREIGN KEY,0.452,0,0.945,14.486,94.934,0.0
S099,72,Q066,SELECT,0.207,0,0.155,62.666,95.089,0.0
S099,73,Q459,NORMALIZATION,0.516,1,1.325,40.901,96.413,0.06
S099,74,Q155,TRIGGERS,0.651,0,2.687,21.288,99.1,0.0
S099,75,Q355,NORMALIZATION,0.531,0,0.213,2.9,99.313,0.0
S099,76,Q106,TRIGGERS,0.768,0,0.405,0.618,99.718,0.0
S099,77,Q396,SELECT,0.185,0,4.377,9.006,104.095,0.0
S099,78,Q033,LEFT JOIN,0.653,0,0.522,46.094,104.617,0.0
S099,79,Q274,STORED PROCEDURES,0.63,0,2.498,72.193,107.115,0.0
S099,80,Q367,HAVING,0.509,0,2.576,53.296,109.69,0.0
S099,81,Q221,PRIMARY KEY,0.424,0,2.223,20.764,111.914,0.0
S099,82,Q069,LEFT JOIN,0.56,0,0.602,7.899,112.516,0.0
S099,83,Q325,AGGREGATE FUNCTIONS,0.474,0,1.436,78.345,113.952,0.0
S099,84,Q419,LEFT JOIN,0.469,0,3.131,4.568,117.083,0.0
S099,85,Q367,HAVING,0.509,0,2.232,9.625,119.315,0.0
S099,86,Q336,RIGHT JOIN,0.557,0,3.458,47.076,122.773,0.0
S099,87,Q384,JOINS,0.69,0,0.418,29.203,123.192,0.0
S099,88,Q378,AGGREGATE FUNCTIONS,0.56,0,0.204,9.443,123.395,0.0
S099,89,Q047,LEFT JOIN,0.482,0,0.037,6.348,123.432,0.0
S099,90,Q230,GROUP BY,0.634,0,1.061,73.716,124.493,0.0
S099,91,Q317,NORMALIZATION,0.619,0,3.69,28.87,128.183,0.0
S099,92,Q404,SELECT,0.335,1,0.138,24.226,128.321,0.06
S099,93,Q194,VIEWS,0.66,0,0.033,43.979,128.354,0.0
S099,94,Q091,ORDER BY,0.348,0,3.666,40.143,132.019,0.0
S099,95,Q366,TRIGGERS,0.664,0,0.973,33.274,132.993,0.0
S099,96,Q293,JOINS,0.674,0,0.11,9.911,133.103,0.0
S099,97,Q363,NORMALIZATION,0.675,0,2.374,7.294,135.477,0.0
S099,98,Q389,HAVING,0.552,0,2.628,18.789,138.104,0.0
S099,99,Q334,SUBQUERIES,0.603,0,2.575,63.951,140.679,0.0
S099,100,Q029,WHERE,0.299,0,7.546,100.814,148.225,0.0
S100,1,Q169,VIEWS,0.52,0,0.594,0.594,0.594,0.4545
S100,2,Q209,STORED PROCEDURES,0.739,0,0.254,0.848,0.848,0.3766
S100,3,Q247,PRIMARY KEY,0.388,0,1.097,1.946,1.946,0.2747
S100,4,Q009,SELECT,0.226,0,0.09,2.036,2.036,0.1493
S100,5,Q129,SELECT,0.199,0,12.146,12.146,14.181,0.0
S100,6,Q331,STORED PROCEDURES,0.731,0,5.111,18.444,19.292,0.0749
S100,7,Q088,INDEXING,0.69,1,1.517,20.809,20.809,0.06
S100,8,Q349,PRIMARY KEY,0.216,1,2.018,20.882,22.828,0.06
S100,9,Q465,WHERE,0.43,0,0.108,22.935,22.935,0.0656
S100,10,Q093,ORDER BY,0.402,0,0.278,23.213,23.213,0.0
S100,11,Q043,RIGHT JOIN,0.724,0,2.087,25.3,25.3,0.0
S100,12,Q395,LEFT JOIN,0.643,0,0.496,25.796,25.796,0.0
S100,13,Q328,INDEXING,0.642,0,0.675,5.662,26.472,0.0
S100,14,Q156,WHERE,0.223,0,5.843,9.38,32.315,0.0
S100,15,Q278,INDEXING,0.499,0,2.06,7.903,34.375,0.0
S100,16,Q046,HAVING,0.619,0,5.723,40.097,40.097,0.0
S100,17,Q271,UNION,0.382,0,0.169,40.266,40.266,0.0
S100,18,Q376,HAVING,0.695,1,0.128,0.297,40.394,0.06
S100,19,Q232,PRIMARY KEY,0.433,0,0.718,18.284,41.112,0.0
S100,20,Q368,WHERE,0.261,0,2.121,10.918,43.233,0.0
S100,21,Q308,NORMALIZATION,0.626,0,1.263,44.496,44.496,0.0
S100,22,Q230,GROUP BY,0.634,0,0.028,44.525,44.525,0.0
S100,23,Q288,VIEWS,0.651,1,1.75,45.68,46.275,0.06
S100,24,Q442,NORMALIZATION,0.586,0,2.021,3.799,48.296,0.0
S100,25,Q463,AGGREGATE FUNCTIONS,0.577,0,0.809,49.104,49.104,0.0
S100,26,Q483,VIEWS,0.52,0,1.139,3.968,50.243,0.0
S100,27,Q035,PRIMARY KEY,0.235,0,0.311,9.442,50.554,0.0
S100,28,Q253,STORED PROCEDURES,0.691,0,1.386,32.648,51.94,0.0
S100,29,Q236,NORMALIZATION,0.543,0,3.634,7.278,55.574,0.0
S100,30,Q462,TRANSACTIONS,0.661,1,1.655,57.229,57.229,0.06
S100,31,Q404,SELECT,0.335,0,1.379,44.426,58.608,0.0
S100,32,Q086,HAVING,0.59,1,1.406,19.62,60.014,0.06
S100,33,Q205,VIEWS,0.597,0,1.968,11.739,61.982,0.0
S100,34,Q040,LEFT JOIN,0.619,0,2.781,38.967,64.763,0.0
S100,35,Q168,SUBQUERIES,0.647,0,1.109,65.872,65.872,0.0
S100,36,Q175,INDEXING,0.505,0,0.601,32.099,66.473,0.0
S100,37,Q206,SUBQUERIES,0.557,0,1.303,1.904,67.776,0.0
S100,38,Q310,WHERE,0.401,0,4.008,28.551,71.784,0.0
S100,39,Q024,VIEWS,0.478,0,0.832,10.633,72.615,0.0
S100,40,Q064,AGGREGATE FUNCTIONS,0.397,1,1.058,24.569,73.673,0.06
S100,41,Q289,WHERE,0.209,0,1.319,3.209,74.993,0.0
S100,42,Q236,NORMALIZATION,0.543,0,0.993,20.412,75.986,0.0
S100,43,Q096,LEFT JOIN,0.516,0,2.322,13.545,78.308,0.0
S100,44,Q102,TRANSACTIONS,0.659,1,1.872,22.952,80.18,0.06
S100,45,Q143,WHERE,0.264,0,3.539,8.727,83.72,0.0
S100,46,Q023,NORMALIZATION,0.552,0,1.569,9.303,85.289,0.0
S100,47,Q336,RIGHT JOIN,0.557,1,0.719,60.707,86.007,0.06
S100,48,Q119,INDEXING,0.674,0,0.557,20.091,86.564,0.0
S100,49,Q430,SUBQUERIES,0.653,1,1.253,20.041,87.817,0.06
S100,50,Q167,PRIMARY KEY,0.442,0,0.382,37.645,88.199,0.0
S100,51,Q210,GROUP BY,0.475,0,1.285,44.959,89.484,0.0
S100,52,Q278,INDEXING,0.499,0,2.923,5.842,92.407,0.0
S100,53,Q099,STORED PROCEDURES,0.827,0,2.809,43.276,95.216,0.0
S100,54,Q115,STORED PROCEDURES,0.696,0,0.175,0.175,95.39,0.0
S100,55,Q154,INDEXING,0.465,0,0.601,3.584,95.991,0.0
S100,56,Q327,INDEXING,0.496,0,0.635,0.635,96.626,0.0
S100,57,Q428,SELECT,0.158,1,1.108,39.126,97.734,0.06
S100,58,Q443,AGGREGATE FUNCTIONS,0.346,0,0.304,24.364,98.037,0.0
S100,59,Q429,WHERE,0.391,1,0.217,14.535,98.254,0.06
S100,60,Q031,INDEXING,0.548,0,3.202,4.831,101.457,0.0
S100,61,Q045,WHERE,0.224,1,0.236,3.438,101.693,0.0684
S100,62,Q052,RIGHT JOIN,0.663,0,0.617,16.302,102.31,0.0
S100,63,Q318,SUBQUERIES,0.809,1,2.803,17.295,105.112,0.06
S100,64,Q230,GROUP BY,0.634,0,3.523,19.152,108.635,0.0
S100,65,Q292,HAVING,0.7,0,1.708,50.329,110.343,0.0
S100,66,Q022,UNION,0.499,1,3.658,73.735,114.002,0.06
S100,67,Q350,TRIGGERS,0.764,1,3.417,117.419,117.419,0.06
S100,68,Q246,VIEWS,0.684,0,1.793,46.597,119.212,0.0
S100,69,Q189,GROUP BY,0.364,0,3.295,13.872,122.507,0.0
S100,70,Q025,LEFT JOIN,0.627,0,4.334,48.533,126.841,0.0
S100,71,Q160,AGGREGATE FUNCTIONS,0.338,1,0.16,28.964,127.001,0.06
S100,72,Q406,HAVING,0.46,0,1.687,18.344,128.688,0.0
S100,73,Q387,UNION,0.384,0,1.143,15.829,129.831,0.0
S100,74,Q375,TRIGGERS,0.555,0,1.956,14.367,131.786,0.0
S100,75,Q386,SELECT,0.334,1,0.125,34.177,131.911,0.06
S100,76,Q274,STORED PROCEDURES,0.63,0,1.913,38.433,133.824,0.0
S100,77,Q263,GROUP BY,0.516,0,0.323,11.639,134.147,0.0
S100,78,Q049,HAVING,0.692,0,1.86,7.319,136.007,0.0
S100,79,Q211,GROUP BY,0.403,0,1.052,2.912,137.059,0.0
S100,80,Q160,AGGREGATE FUNCTIONS,0.338,0,2.584,12.642,139.642,0.0
S100,81,Q230,GROUP BY,0.634,0,1.367,3.951,141.01,0.0
S100,82,Q247,PRIMARY KEY,0.388,0,1.963,54.774,142.973,0.0
S100,83,Q054,TRIGGERS,0.559,0,1.072,12.259,144.045,0.0
S100,84,Q467,TRIGGERS,0.624,0,2.144,2.144,146.189,0.0
S100,85,Q342,AGGREGATE FUNCTIONS,0.576,0,2.934,9.481,149.124,0.0
S100,86,Q414,TRIGGERS,0.737,0,6.748,9.683,155.872,0.0
S100,87,Q172,RIGHT JOIN,0.657,0,1.127,54.69,156.999,0.0
S100,88,Q363,NORMALIZATION,0.675,0,0.354,72.065,157.353,0.0
S100,89,Q049,HAVING,0.692,1,1.262,22.608,158.615,0.06
S100,90,Q475,SELECT,0.227,0,1.704,28.408,160.319,0.0
S100,91,Q418,WHERE,0.336,1,0.181,58.807,160.499,0.06
S100,92,Q321,SUBQUERIES,0.781,0,0.254,55.641,160.754,0.0
S100,93,Q054,TRIGGERS,0.559,1,0.033,4.915,160.787,0.06
S100,94,Q095,TRANSACTIONS,0.782,0,0.699,81.306,161.486,0.0
S100,95,Q317,NORMALIZATION,0.619,0,1.016,5.149,162.503,0.0
S100,96,Q384,JOINS,0.69,0,0.163,162.665,162.665,0.0
S100,97,Q219,VIEWS,0.56,0,1.489,44.942,164.155,0.0
S100,98,Q026,JOINS,0.462,0,0.711,2.2,164.865,0.0
S100,99,Q021,NORMALIZATION,0.705,1,1.714,4.077,166.58,0.06
S100,100,Q073,RIGHT JOIN,0.571,1,0.245,9.825,166.825,0.06
